vendor_id,legal_name,normalized_name,gstin,pan,bank_account,bank_account_masked,bank_ifsc,phone,email,address,normalized_address,status,created_at
V0001,ABC Industrial Pvt Ltd,ABCINDUSTRIALPVTLTD,36ABCDE1234F1Z5,WJLVE3676C,444455556666,********6666,KKBK0WTIQJ7,9623708840,southernenterprises11@example.com,"829, MG Road, Mumbai",829MGROADMUMBAI,ACTIVE,2024-08-05
V0002,ABC Industrial Private Limited,ABCINDUSTRIALPRIVATELIMITED,36ABCDE1234F1Z5,RNGQC4498I,225258329500,********9500,KKBK01SDW4S,9131999541,industrialtraders22@example.com,"906, Main Road, Mumbai",906MAINROADMUMBAI,ACTIVE,2026-06-18
V0003,United Suppliers 3,UNITEDSUPPLIERS3,37YTRSK6384HZ4,BAOPA7000K,904077145284,********5284,HDFC0SKRT05,9524406348,unitedsuppliers33@example.com,"60, Industrial Area, Chennai",60INDUSTRIALAREACHENNAI,ACTIVE,2025-11-20
V0004,Prime Industries 4,PRIMEINDUSTRIES4,11ZYWEM2403MZ5,YUHSS7641G,214422948509,********8509,HDFC0UT0CVS,9819015621,primeindustries44@example.com,"413, Market Street, Hyderabad",413MARKETSTREETHYDERABAD,ACTIVE,2025-08-15
V0005,Southern Industries 5,SOUTHERNINDUSTRIES5,11LZZBF2988LZ5,EVSPZ6082V,653263216499,********6499,HDFC07EEDTJ,9672624980,southernindustries55@example.com,"635, MG Road, Pune",635MGROADPUNE,INACTIVE,2026-04-29
V0006,United Industries 6,UNITEDINDUSTRIES6,28LBJYZ0366LZ9,WKQEY8988A,627540089585,********9585,ICIC00L7253,9271882843,unitedindustries66@example.com,"4, Market Street, Mumbai",4MARKETSTREETMUMBAI,ACTIVE,2024-08-16
V0007,Global Services 7,GLOBALSERVICES7,43APIUL9181BZ7,AYNST6306K,207356830825,********0825,KKBK0L4ZKLO,9421496963,globalservices77@example.com,"198, Main Road, Delhi",198MAINROADDELHI,ACTIVE,2024-11-07
V0008,United Suppliers 8,UNITEDSUPPLIERS8,40RFFAG4804UZ4,SJKDR8887H,465797626609,********6609,ICIC02ZQU7E,9145537488,unitedsuppliers88@example.com,"441, Market Street, Pune",441MARKETSTREETPUNE,INACTIVE,2026-04-30
V0009,Eastern Traders 9,EASTERNTRADERS9,79CDJDF4340NZ7,XPSWT3037N,847827424723,********4723,KKBK00TVHHP,9036414160,easterntraders99@example.com,"919, Industrial Area, Bengaluru",919INDUSTRIALAREABENGALURU,INACTIVE,2025-08-29
V0010,Southern Services 10,SOUTHERNSERVICES10,70AOZJQ7679GZ1,QGMCY4236X,987654321012,********1012,HDFC02FLU7U,9939158263,southernservices1010@example.com,"28, MG Road, Bengaluru",28MGROADBENGALURU,ACTIVE,2026-03-26
V0011,Southern Technologies 11,SOUTHERNTECHNOLOGIES11,76ZHVNM4728CZ5,WGMPJ0812Z,987654321012,********1012,SBIN0M5ZJA8,9074766470,southerntechnologies1111@example.com,"43, Market Street, Chennai",43MARKETSTREETCHENNAI,ACTIVE,2025-02-18
V0012,Metro Enterprises 12,METROENTERPRISES12,98EFMSZ5211HZ6,EANHZ5618P,539534327379,********7379,HDFC05UQPGB,9948406015,metroenterprises1212@example.com,"680, Market Street, Pune",680MARKETSTREETPUNE,ACTIVE,2024-03-28
V0013,Metro Industries 13,METROINDUSTRIES13,36QGCGO1464BZ4,HHWBG2758G,567392545090,********5090,AXIS0EIFJFC,9758944342,metroindustries1313@example.com,"572, Main Road, Chennai",572MAINROADCHENNAI,INACTIVE,2025-03-24
V0014,Prime Solutions 14,PRIMESOLUTIONS14,70NLHZL8944KZ2,WISHY8543K,320985996207,********6207,HDFC08OS9XT,9413767259,primesolutions1414@example.com,"41, Main Road, Bengaluru",41MAINROADBENGALURU,INACTIVE,2025-12-16
V0015,Industrial Industries 15,INDUSTRIALINDUSTRIES15,44KMMLD1571CZ5,UWIUG0785V,155099418475,********8475,AXIS05QRL1N,9989238434,industrialindustries1515@example.com,"30, Industrial Area, Bengaluru",30INDUSTRIALAREABENGALURU,INACTIVE,2025-01-30
V0016,National Traders 16,NATIONALTRADERS16,43ISQWW8337YZ8,WABQX9740U,558845474614,********4614,HDFC0PY6B2K,9315571086,nationaltraders1616@example.com,"988, MG Road, Mumbai",988MGROADMUMBAI,ACTIVE,2025-05-24
V0017,Southern Suppliers 17,SOUTHERNSUPPLIERS17,42LHZWC3326AZ7,HORTB6492Z,220896143564,********3564,ICIC0VMWWYZ,9686963457,southernsuppliers1717@example.com,"238, Main Road, Bengaluru",238MAINROADBENGALURU,ACTIVE,2024-10-29
V0018,Apex Services 18,APEXSERVICES18,24MBTFR6385CZ7,ANLRR5891H,159598284873,********4873,AXIS0A5U6HC,9893419340,apexservices1818@example.com,"426, Industrial Area, Mumbai",426INDUSTRIALAREAMUMBAI,ACTIVE,2025-02-01
V0019,Industrial Enterprises 19,INDUSTRIALENTERPRISES19,22ZJXQB2998CZ4,QPAUG1507G,714044903498,********3498,KKBK0H5LF6A,9811216007,industrialenterprises1919@example.com,"687, Main Road, Chennai",687MAINROADCHENNAI,ACTIVE,2025-08-25
V0020,Apex Industries 20,APEXINDUSTRIES20,94NLZBM4649CZ2,IDDQP7352Q,123456789012,********9012,KKBK0P2EX5T,9876543210,apexindustries2020@example.com,12 Industrial Estate Hyderabad,12INDUSTRIALESTATEHYDERABAD,ACTIVE,2025-01-18
V0021,National Services 21,NATIONALSERVICES21,64WSZPJ5262DZ6,VJTOU8986U,123456789012,********9012,KKBK0A73JGZ,9876543210,nationalservices2121@example.com,12 Industrial Estate Hyderabad,12INDUSTRIALESTATEHYDERABAD,ACTIVE,2025-01-20
V0022,Reliable Traders 22,RELIABLETRADERS22,63HTCLH6460MZ1,AHFDG3071M,339581700446,********0446,KKBK0ZS43C5,9876543210,reliabletraders2222@example.com,12 Industrial Estate Hyderabad,12INDUSTRIALESTATEHYDERABAD,ACTIVE,2024-11-28
V0023,National Technologies 23,NATIONALTECHNOLOGIES23,24NFUJY6112FZ3,TREUM7749S,908255333315,********3315,KKBK0L8LPQW,9753040326,nationaltechnologies2323@example.com,"971, Main Road, Bengaluru",971MAINROADBENGALURU,ACTIVE,2025-09-21
V0024,Southern Solutions 24,SOUTHERNSOLUTIONS24,53ZCQBS9563JZ7,KIPUQ0062X,578486341018,********1018,KKBK05MUFM8,9635933786,southernsolutions2424@example.com,"394, Main Road, Chennai",394MAINROADCHENNAI,ACTIVE,2025-10-23
V0025,Reliable Solutions 25,RELIABLESOLUTIONS25,77AITDJ1878FZ8,BJSZP7722Z,393719127557,********7557,AXIS06GYUP1,9754116804,reliablesolutions2525@example.com,"371, MG Road, Delhi",371MGROADDELHI,ACTIVE,2025-07-21
V0026,Prime Services 26,PRIMESERVICES26,57GZJAY8671JZ8,SDSLA0285X,014580988943,********8943,KKBK0SEKKBP,9741950521,primeservices2626@example.com,"867, MG Road, Delhi",867MGROADDELHI,INACTIVE,2024-01-02
V0027,Southern Enterprises 27,SOUTHERNENTERPRISES27,42TJBGR1571LZ9,IQVRZ4117O,609055953469,********3469,HDFC0KBHB7S,9952713783,southernenterprises2727@example.com,"247, Main Road, Mumbai",247MAINROADMUMBAI,ACTIVE,2026-03-29
V0028,Apex Traders 28,APEXTRADERS28,33OICRH6463BZ6,PLQUB6457F,493163720449,********0449,HDFC0FV2BC2,9335669375,apextraders2828@example.com,"911, Main Road, Bengaluru",911MAINROADBENGALURU,ACTIVE,2025-02-11
V0029,Apex Services 29,APEXSERVICES29,27WLXLC6833CZ9,OXWSY6751G,015917726692,********6692,ICIC0IRMUQ9,9180374445,apexservices2929@example.com,"286, Industrial Area, Hyderabad",286INDUSTRIALAREAHYDERABAD,ACTIVE,2024-11-20
V0030,ABC Technologies India Pvt Ltd,PRIMETRADERS30,38IYXVG6513RZ2,NEYER7685A,876194901113,********1113,HDFC0BXUX1O,9646294862,primetraders3030@example.com,100 Corporate Park Hyderabad,100CORPORATEPARKHYDERABAD,ACTIVE,2025-12-06
V0031,ABC Technologies Services Pvt Ltd,GLOBALSUPPLIERS31,25GGCHJ6281KZ6,EEZMW4034H,431839337512,********7512,ICIC0VBKV4Y,9201123400,globalsuppliers3131@example.com,100 Corporate Park Hyderabad,100CORPORATEPARKHYDERABAD,ACTIVE,2025-01-06
V0032,Eastern Enterprises 32,EASTERNENTERPRISES32,87NNBDI4465KZ6,EZTHI8572A,458661039531,********9531,SBIN0LDOL65,9652695204,easternenterprises3232@example.com,"76, Main Road, Chennai",76MAINROADCHENNAI,INACTIVE,2024-05-31
V0033,Metro Industries 33,METROINDUSTRIES33,51ZMJYL5568VZ5,PEGOF9222W,031647987012,********7012,AXIS0LM72JE,9639898227,metroindustries3333@example.com,"587, MG Road, Mumbai",587MGROADMUMBAI,ACTIVE,2025-03-28
V0034,United Services 34,UNITEDSERVICES34,52SCUAO9498PZ4,THHBT6278B,825217209221,********9221,ICIC0P47B42,9178202693,unitedservices3434@example.com,"491, Industrial Area, Mumbai",491INDUSTRIALAREAMUMBAI,INACTIVE,2025-10-18
V0035,Eastern Solutions 35,EASTERNSOLUTIONS35,91XVNCR1132IZ7,GTYHS0660D,411142177571,********7571,AXIS0LOS6ZL,9192621176,easternsolutions3535@example.com,"506, Industrial Area, Chennai",506INDUSTRIALAREACHENNAI,INACTIVE,2025-12-19
V0036,Eastern Traders 36,EASTERNTRADERS36,31INDFP0584QZ7,LBMUS3875B,657553918925,********8925,AXIS0MC97C7,9047796493,easterntraders3636@example.com,"776, Industrial Area, Mumbai",776INDUSTRIALAREAMUMBAI,INACTIVE,2025-01-19
V0037,Prime Services 37,PRIMESERVICES37,58VGJHY7184YZ1,GBPLR8204R,819319879474,********9474,ICIC011F9I6,9557828954,primeservices3737@example.com,"988, Industrial Area, Bengaluru",988INDUSTRIALAREABENGALURU,ACTIVE,2024-03-03
V0038,Eastern Solutions 38,EASTERNSOLUTIONS38,40WHSUX5951HZ5,FQXWC7126T,650363564215,********4215,HDFC05G10UR,9839099194,easternsolutions3838@example.com,"901, Industrial Area, Bengaluru",901INDUSTRIALAREABENGALURU,ACTIVE,2025-12-13
V0039,Southern Services 39,SOUTHERNSERVICES39,36JKOFD2954EZ4,IJVMR6289U,573532540948,********0948,AXIS0Q0MFTG,9899580800,southernservices3939@example.com,"210, Main Road, Mumbai",210MAINROADMUMBAI,ACTIVE,2026-05-12
V0040,Metro Industries 40,METROINDUSTRIES40,78ZAVRU9101GZ9,GJUCY4262C,240699605407,********5407,HDFC0DNTCAG,9447580502,metroindustries4040@example.com,"725, Industrial Area, Hyderabad",725INDUSTRIALAREAHYDERABAD,INACTIVE,2024-10-04
V0041,Global Industries 41,GLOBALINDUSTRIES41,59ROJTU6073DZ7,GBPPP9367O,509395773012,********3012,AXIS0ITNGVN,9722023713,globalindustries4141@example.com,"701, Market Street, Chennai",701MARKETSTREETCHENNAI,ACTIVE,2024-04-19
V0042,Prime Industries 42,PRIMEINDUSTRIES42,59AKUSO9256FZ3,GGDEH2739X,321145403053,********3053,AXIS0VHDK8L,9683388913,primeindustries4242@example.com,"966, Market Street, Pune",966MARKETSTREETPUNE,ACTIVE,2025-05-05
V0043,Apex Suppliers 43,APEXSUPPLIERS43,97TASYF7808ZZ7,RDHGE4345S,264523831555,********1555,AXIS0T75PB8,9785912616,apexsuppliers4343@example.com,"988, Main Road, Delhi",988MAINROADDELHI,INACTIVE,2026-02-09
V0044,Apex Technologies 44,APEXTECHNOLOGIES44,71CKZDY1342PZ6,MLSIH8186V,027562346619,********6619,ICIC070STLP,9476163784,apextechnologies4444@example.com,"441, MG Road, Hyderabad",441MGROADHYDERABAD,INACTIVE,2025-02-02
V0045,Global Services 45,GLOBALSERVICES45,86KKCJL1689SZ2,RIGDJ1355N,780181342856,********2856,ICIC0RT77GG,9218689413,globalservices4545@example.com,"220, Industrial Area, Delhi",220INDUSTRIALAREADELHI,INACTIVE,2025-02-22
V0046,Industrial Traders 46,INDUSTRIALTRADERS46,83CUVJV0759DZ4,HZLJV4972Z,157202275745,********5745,KKBK0Y4VPW2,9885551925,industrialtraders4646@example.com,"728, Main Road, Pune",728MAINROADPUNE,ACTIVE,2024-05-18
V0047,Reliable Industries 47,RELIABLEINDUSTRIES47,21KTSWL4588CZ8,QSWUK9843J,827876452446,********2446,SBIN0TE4261,9068091494,reliableindustries4747@example.com,"284, Industrial Area, Bengaluru",284INDUSTRIALAREABENGALURU,ACTIVE,2025-10-27
V0048,United Suppliers 48,UNITEDSUPPLIERS48,71CPNLA3186PZ2,FCUCJ2388U,623913362670,********2670,ICIC0CUVFMH,9796428117,unitedsuppliers4848@example.com,"896, Market Street, Hyderabad",896MARKETSTREETHYDERABAD,ACTIVE,2025-03-15
V0049,Apex Technologies 49,APEXTECHNOLOGIES49,60HBXYM1455AZ6,YDWOJ6797A,626729088261,********8261,KKBK0CJBC2S,9654705623,apextechnologies4949@example.com,"144, Industrial Area, Delhi",144INDUSTRIALAREADELHI,ACTIVE,2026-04-07
V0050,National Solutions 50,NATIONALSOLUTIONS50,49RREAD0435XZ5,EDUGX7082C,686067800446,********0446,SBIN0ZUCQMR,9532157250,nationalsolutions5050@example.com,"335, Main Road, Chennai",335MAINROADCHENNAI,ACTIVE,2024-09-07
V0051,Global Traders 51,GLOBALTRADERS51,25NXEUZ9042JZ6,CLJHU7239Y,190876229385,********9385,ICIC00T2F7A,9566037373,globaltraders5151@example.com,"373, Main Road, Mumbai",373MAINROADMUMBAI,ACTIVE,2025-06-26
V0052,Metro Traders 52,METROTRADERS52,19PBRDH8938KZ6,LGYDU1143D,709857390018,********0018,KKBK0M1QQ4D,9837628179,metrotraders5252@example.com,"504, MG Road, Mumbai",504MGROADMUMBAI,INACTIVE,2025-06-09
V0053,Global Services 53,GLOBALSERVICES53,61JQQPG8009OZ3,CWVDY0947P,044724810891,********0891,HDFC0NPM6JQ,9166648403,globalservices5353@example.com,"307, Market Street, Mumbai",307MARKETSTREETMUMBAI,INACTIVE,2024-07-23
V0054,Eastern Suppliers 54,EASTERNSUPPLIERS54,17VMJPG1225ZZ1,TYOZK9912K,735495313287,********3287,SBIN06BZ8UU,9198434022,easternsuppliers5454@example.com,"646, MG Road, Pune",646MGROADPUNE,INACTIVE,2024-01-01
V0055,Apex Solutions 55,APEXSOLUTIONS55,94KCHDE9796FZ9,SYUFP1361X,798305978893,********8893,HDFC088O98B,9699259172,apexsolutions5555@example.com,"207, Industrial Area, Delhi",207INDUSTRIALAREADELHI,ACTIVE,2024-06-20
V0056,Prime Technologies 56,PRIMETECHNOLOGIES56,54OCMWQ6108JZ1,IYBEJ7580T,026377044148,********4148,KKBK06ZPXVP,9039459562,primetechnologies5656@example.com,"726, Market Street, Pune",726MARKETSTREETPUNE,ACTIVE,2024-02-20
V0057,Reliable Solutions 57,RELIABLESOLUTIONS57,60MXGQK3310OZ8,GVODS0684Y,000864026941,********6941,KKBK0ICNS8Y,9952238055,reliablesolutions5757@example.com,"563, Main Road, Mumbai",563MAINROADMUMBAI,ACTIVE,2024-05-03
V0058,Industrial Suppliers 58,INDUSTRIALSUPPLIERS58,59OOWNX0757DZ7,DOPZC1778L,814949682990,********2990,AXIS0JXURGO,9664386042,industrialsuppliers5858@example.com,"972, Industrial Area, Mumbai",972INDUSTRIALAREAMUMBAI,ACTIVE,2024-01-21
V0059,Apex Technologies 59,APEXTECHNOLOGIES59,34LXKMN3070WZ9,KUNOE8200B,246081948246,********8246,SBIN0ZJ3SWE,9035185318,apextechnologies5959@example.com,"813, Market Street, Delhi",813MARKETSTREETDELHI,ACTIVE,2024-10-18
V0060,Global Traders 60,GLOBALTRADERS60,32PAGUH9643LZ8,GMRVK1568L,722226589641,********9641,KKBK0XVKDC9,9682782178,globaltraders6060@example.com,"51, Industrial Area, Chennai",51INDUSTRIALAREACHENNAI,INACTIVE,2025-11-07
V0061,Apex Services 61,APEXSERVICES61,70XRNVV8101IZ9,TERIC3737K,429475983766,********3766,SBIN0JK4Q5V,9908583208,apexservices6161@example.com,"144, MG Road, Bengaluru",144MGROADBENGALURU,ACTIVE,2024-07-24
V0062,Apex Traders 62,APEXTRADERS62,72UUDLL4405XZ6,YXTNA0728J,377461602717,********2717,ICIC0DSLCB8,9455461947,apextraders6262@example.com,"584, Main Road, Mumbai",584MAINROADMUMBAI,ACTIVE,2026-04-11
V0063,Reliable Industries 63,RELIABLEINDUSTRIES63,16RQARK3541WZ1,HRRHP1817D,920517736765,********6765,SBIN0EDHHJS,9272042930,reliableindustries6363@example.com,"234, Industrial Area, Bengaluru",234INDUSTRIALAREABENGALURU,ACTIVE,2024-04-23
V0064,Southern Services 64,SOUTHERNSERVICES64,56UITCT0861LZ8,YGTJI1448W,707964920888,********0888,AXIS02X2EZC,9914586133,southernservices6464@example.com,"506, Industrial Area, Hyderabad",506INDUSTRIALAREAHYDERABAD,ACTIVE,2026-06-02
V0065,National Traders 65,NATIONALTRADERS65,76NSCRG3638RZ1,AYNMM1733I,840608577298,********7298,HDFC0STN3CP,9504397040,nationaltraders6565@example.com,"943, Main Road, Hyderabad",943MAINROADHYDERABAD,ACTIVE,2026-04-25
V0066,Prime Technologies 66,PRIMETECHNOLOGIES66,67CTFIV9257BZ3,MVTKG1182Z,564388837573,********7573,ICIC0ZDO74V,9746914509,primetechnologies6666@example.com,"619, Market Street, Chennai",619MARKETSTREETCHENNAI,INACTIVE,2025-06-04
V0067,National Services 67,NATIONALSERVICES67,47LDKST2787RZ4,FQHIR9695W,816638466233,********6233,SBIN0Z1UU7Z,9685840130,nationalservices6767@example.com,"593, Industrial Area, Bengaluru",593INDUSTRIALAREABENGALURU,ACTIVE,2024-07-23
V0068,United Technologies 68,UNITEDTECHNOLOGIES68,92OGUUH6939VZ6,ZBTFW8426W,610725346652,********6652,SBIN01TV18K,9161153451,unitedtechnologies6868@example.com,"805, Industrial Area, Delhi",805INDUSTRIALAREADELHI,ACTIVE,2024-01-06
V0069,Apex Traders 69,APEXTRADERS69,33NUEOK3863JZ4,YQMOT6132U,130966453732,********3732,KKBK07IB5N2,9127057554,apextraders6969@example.com,"727, Industrial Area, Hyderabad",727INDUSTRIALAREAHYDERABAD,ACTIVE,2025-10-29
V0070,Metro Enterprises 70,METROENTERPRISES70,65QYTDL3007RZ2,OFGKQ4065U,195006784157,********4157,KKBK0C0B4MS,9266293801,metroenterprises7070@example.com,"527, MG Road, Hyderabad",527MGROADHYDERABAD,ACTIVE,2024-05-19
V0071,Reliable Technologies 71,RELIABLETECHNOLOGIES71,78OCFTS2981FZ4,QGCRO0795U,169773955105,********5105,KKBK0CYJHU8,9362201436,reliabletechnologies7171@example.com,"817, Market Street, Bengaluru",817MARKETSTREETBENGALURU,ACTIVE,2025-08-02
V0072,Southern Enterprises 72,SOUTHERNENTERPRISES72,72OEPVW1528CZ2,XWQVP7202R,137762363447,********3447,AXIS0XFO6V4,9150302996,southernenterprises7272@example.com,"828, Market Street, Pune",828MARKETSTREETPUNE,ACTIVE,2025-04-01
V0073,National Suppliers 73,NATIONALSUPPLIERS73,15BQCZQ2755MZ7,JQVNJ9538P,790722265739,********5739,AXIS05A5PIS,9211686431,nationalsuppliers7373@example.com,"580, Industrial Area, Bengaluru",580INDUSTRIALAREABENGALURU,INACTIVE,2025-05-05
V0074,Metro Solutions 74,METROSOLUTIONS74,91ASRHC4981NZ3,UVERG7345H,215158119549,********9549,AXIS0NDH4SP,9104607514,metrosolutions7474@example.com,"166, Main Road, Hyderabad",166MAINROADHYDERABAD,ACTIVE,2025-09-09
V0075,Eastern Technologies 75,EASTERNTECHNOLOGIES75,64DMGWH8417ZZ1,PDARR3316I,486494738985,********8985,SBIN04PNJY1,9474352337,easterntechnologies7575@example.com,"2, Main Road, Chennai",2MAINROADCHENNAI,ACTIVE,2026-05-25
V0076,Prime Services 76,PRIMESERVICES76,70YLBFC0396QZ5,SPYVQ4268J,915786603688,********3688,ICIC0BVSIGB,9201973355,primeservices7676@example.com,"236, Main Road, Bengaluru",236MAINROADBENGALURU,ACTIVE,2024-04-02
V0077,Eastern Enterprises 77,EASTERNENTERPRISES77,75YWVOS9577YZ8,RXWMG3727Z,926195241029,********1029,SBIN0OMTZJK,9373513251,easternenterprises7777@example.com,"744, Market Street, Delhi",744MARKETSTREETDELHI,ACTIVE,2025-05-25
V0078,Metro Suppliers 78,METROSUPPLIERS78,15WJIXW5217QZ5,KTDNL9038Y,222611966675,********6675,ICIC0QESLAY,9313812293,metrosuppliers7878@example.com,"754, Industrial Area, Delhi",754INDUSTRIALAREADELHI,ACTIVE,2025-05-25
V0079,Reliable Suppliers 79,RELIABLESUPPLIERS79,29MAKDX6534IZ9,WBCEF2807I,821152022431,********2431,SBIN0MU3MOM,9665659235,reliablesuppliers7979@example.com,"430, Market Street, Delhi",430MARKETSTREETDELHI,INACTIVE,2024-03-21
V0080,Reliable Solutions 80,RELIABLESOLUTIONS80,44PKXUY7541AZ3,SRYSC1108R,986946490336,********0336,HDFC0AO1CJF,9683226180,reliablesolutions8080@example.com,"294, Main Road, Bengaluru",294MAINROADBENGALURU,ACTIVE,2026-05-31
V0081,Apex Technologies 81,APEXTECHNOLOGIES81,54MFCIK1057EZ6,HNRMT2775Z,951955478465,********8465,HDFC0TG5PIZ,9682065766,apextechnologies8181@example.com,"488, Main Road, Chennai",488MAINROADCHENNAI,ACTIVE,2024-10-18
V0082,Eastern Technologies 82,EASTERNTECHNOLOGIES82,23HDLAC0247PZ6,MUIVY0704G,812662610051,********0051,SBIN033E1I1,9470475946,easterntechnologies8282@example.com,"276, Main Road, Mumbai",276MAINROADMUMBAI,ACTIVE,2024-11-26
V0083,National Services 83,NATIONALSERVICES83,45PKGZP6617HZ3,MRIZT0315D,952618821631,********1631,ICIC0RLUXM6,9703720755,nationalservices8383@example.com,"746, MG Road, Bengaluru",746MGROADBENGALURU,INACTIVE,2024-07-13
V0084,Southern Suppliers 84,SOUTHERNSUPPLIERS84,58TWQJQ3098GZ9,RTEHK3060E,728950122306,********2306,ICIC05HRDU4,9657236092,southernsuppliers8484@example.com,"557, Market Street, Delhi",557MARKETSTREETDELHI,INACTIVE,2026-05-02
V0085,Prime Traders 85,PRIMETRADERS85,22CGKFR5955XZ2,TORSL1755V,594378200399,********0399,ICIC0TV76T9,9846832535,primetraders8585@example.com,"821, MG Road, Delhi",821MGROADDELHI,ACTIVE,2025-01-03
V0086,Industrial Traders 86,INDUSTRIALTRADERS86,45XNOOC4128HZ4,GHOOF0344W,795593328086,********8086,KKBK03DXB3N,9793849177,industrialtraders8686@example.com,"983, Main Road, Hyderabad",983MAINROADHYDERABAD,ACTIVE,2025-10-11
V0087,Reliable Industries 87,RELIABLEINDUSTRIES87,60DIMTO2346YZ3,MFKOO9522N,515207345522,********5522,SBIN0YUEONG,9367138864,reliableindustries8787@example.com,"313, MG Road, Delhi",313MGROADDELHI,ACTIVE,2024-07-23
V0088,Apex Suppliers 88,APEXSUPPLIERS88,37FNGMS1605VZ9,BEHUQ0603I,726182383437,********3437,SBIN05A5XIN,9903851549,apexsuppliers8888@example.com,"776, MG Road, Hyderabad",776MGROADHYDERABAD,ACTIVE,2024-02-10
V0089,Metro Solutions 89,METROSOLUTIONS89,13YYFIK1756UZ4,KOLIP4165V,313362958688,********8688,ICIC05LZSE9,9919935913,metrosolutions8989@example.com,"313, Market Street, Pune",313MARKETSTREETPUNE,ACTIVE,2026-01-14
V0090,Global Technologies 90,GLOBALTECHNOLOGIES90,88GGRJR4567LZ3,WMDFA7024X,378671110966,********0966,ICIC01C795R,9342407336,globaltechnologies9090@example.com,"327, Main Road, Pune",327MAINROADPUNE,ACTIVE,2025-06-17
V0091,Prime Traders 91,PRIMETRADERS91,64HXRXM6051SZ9,DKLEP7242W,537556023384,********3384,ICIC0ZEEQNS,9375933795,primetraders9191@example.com,"468, MG Road, Mumbai",468MGROADMUMBAI,ACTIVE,2024-06-15
V0092,National Suppliers 92,NATIONALSUPPLIERS92,10PMFRL4608IZ9,VFEBJ1056K,379218907044,********7044,HDFC0BPGYVY,9571459023,nationalsuppliers9292@example.com,"788, MG Road, Pune",788MGROADPUNE,INACTIVE,2026-04-19
V0093,Prime Technologies 93,PRIMETECHNOLOGIES93,98PUSLW2569TZ8,NQMEP7900U,418342205950,********5950,HDFC00HWOBM,9826620357,primetechnologies9393@example.com,"438, MG Road, Delhi",438MGROADDELHI,ACTIVE,2025-12-03
V0094,Apex Enterprises 94,APEXENTERPRISES94,62YBNOR5053ZZ6,BDVIJ5161D,189440114884,********4884,SBIN0ZLBORI,9492317794,apexenterprises9494@example.com,"406, MG Road, Mumbai",406MGROADMUMBAI,ACTIVE,2026-03-29
V0095,Industrial Solutions 95,INDUSTRIALSOLUTIONS95,76DIBWW3817XZ5,ATQFF2576I,975718896174,********6174,ICIC0FE8UDT,9529851385,industrialsolutions9595@example.com,"158, Industrial Area, Delhi",158INDUSTRIALAREADELHI,ACTIVE,2024-05-13
V0096,Global Traders 96,GLOBALTRADERS96,78CXTOC8603UZ8,MYDXG3193K,303786643317,********3317,AXIS0RCER4K,9355471503,globaltraders9696@example.com,"925, MG Road, Hyderabad",925MGROADHYDERABAD,INACTIVE,2025-02-14
V0097,Southern Traders 97,SOUTHERNTRADERS97,83VCPIC4345VZ7,IQBFD5787V,140264953616,********3616,ICIC0QKWQH5,9276997995,southerntraders9797@example.com,"245, Industrial Area, Chennai",245INDUSTRIALAREACHENNAI,INACTIVE,2026-05-17
V0098,National Technologies 98,NATIONALTECHNOLOGIES98,61JORME3981VZ3,DBASM4906N,990591204567,********4567,AXIS06Z7WQP,9832404772,nationaltechnologies9898@example.com,"302, MG Road, Delhi",302MGROADDELHI,ACTIVE,2024-02-04
V0099,Global Solutions 99,GLOBALSOLUTIONS99,90TYCQU3037PZ8,NMTKY7209X,590758725562,********5562,SBIN00UCRGB,9986205821,globalsolutions9999@example.com,"495, Market Street, Hyderabad",495MARKETSTREETHYDERABAD,ACTIVE,2024-10-08
V0100,United Industries 100,UNITEDINDUSTRIES100,28PVVTK3671SZ6,BGVBM4499H,151482747830,********7830,AXIS0YOJTPK,9733590538,unitedindustries100100@example.com,"760, MG Road, Chennai",760MGROADCHENNAI,ACTIVE,2024-12-09
V0101,United Enterprises 101,UNITEDENTERPRISES101,18ACCLF2100TZ4,YQSDW1685F,637775136156,********6156,HDFC0ZJQ7W7,9249731073,unitedenterprises101101@example.com,"822, MG Road, Delhi",822MGROADDELHI,ACTIVE,2024-03-02
V0102,United Technologies 102,UNITEDTECHNOLOGIES102,14BOGLX1696IZ3,SXONY4487Z,092361546142,********6142,HDFC0TA83RU,9936469059,unitedtechnologies102102@example.com,"272, Industrial Area, Pune",272INDUSTRIALAREAPUNE,ACTIVE,2026-05-11
V0103,Industrial Technologies 103,INDUSTRIALTECHNOLOGIES103,14FSPMB5358OZ1,ABUBD8646R,259623164841,********4841,ICIC00IC0RA,9962606980,industrialtechnologies103103@example.com,"785, Market Street, Bengaluru",785MARKETSTREETBENGALURU,ACTIVE,2026-05-05
V0104,Southern Industries 104,SOUTHERNINDUSTRIES104,37TPIDD4654SZ1,DUQJE8009W,472848963951,********3951,KKBK05O31YH,9654960149,southernindustries104104@example.com,"838, MG Road, Hyderabad",838MGROADHYDERABAD,ACTIVE,2024-12-22
V0105,Reliable Industries 105,RELIABLEINDUSTRIES105,97VXMEX0322TZ8,BTYEU4187S,150375276217,********6217,KKBK0LHYL2L,9078324481,reliableindustries105105@example.com,"572, Industrial Area, Mumbai",572INDUSTRIALAREAMUMBAI,INACTIVE,2024-07-01
V0106,Reliable Enterprises 106,RELIABLEENTERPRISES106,47PUQPE9808PZ4,PVHST2358S,132305214472,********4472,ICIC066PB90,9543860407,reliableenterprises106106@example.com,"140, Main Road, Bengaluru",140MAINROADBENGALURU,INACTIVE,2024-08-11
V0107,National Enterprises 107,NATIONALENTERPRISES107,57QSAQK6527WZ9,OFRQI9593B,906145594171,********4171,HDFC0NQBNXZ,9571356778,nationalenterprises107107@example.com,"303, Industrial Area, Bengaluru",303INDUSTRIALAREABENGALURU,ACTIVE,2026-02-10
V0108,Metro Enterprises 108,METROENTERPRISES108,96YVYBX4082CZ2,ECDDF9046E,620345176526,********6526,AXIS0MPXKC5,9296436356,metroenterprises108108@example.com,"362, Market Street, Chennai",362MARKETSTREETCHENNAI,INACTIVE,2025-04-13
V0109,United Solutions 109,UNITEDSOLUTIONS109,32VSRDG0312FZ4,OAIIJ5139M,723281296151,********6151,AXIS0187F8T,9562897967,unitedsolutions109109@example.com,"136, Market Street, Mumbai",136MARKETSTREETMUMBAI,INACTIVE,2024-12-12
V0110,Prime Services 110,PRIMESERVICES110,35ANLRC5136BZ6,KSLKA3345G,610623361577,********1577,AXIS00OPF06,9748513953,primeservices110110@example.com,"491, MG Road, Mumbai",491MGROADMUMBAI,INACTIVE,2024-03-31
V0111,Global Traders 111,GLOBALTRADERS111,69FUEHQ6162FZ8,XQATM9534N,145918248354,********8354,SBIN0WRYESU,9810381124,globaltraders111111@example.com,"655, Market Street, Pune",655MARKETSTREETPUNE,ACTIVE,2024-02-19
V0112,United Enterprises 112,UNITEDENTERPRISES112,78PVANJ4391EZ9,FEXPV5557D,167513387263,********7263,AXIS0QC37RL,9388573708,unitedenterprises112112@example.com,"543, MG Road, Chennai",543MGROADCHENNAI,ACTIVE,2024-05-11
V0113,National Services 113,NATIONALSERVICES113,70DGBRT7929FZ6,ADTHP3876Q,294710441065,********1065,KKBK0C31TZ8,9170799846,nationalservices113113@example.com,"233, Market Street, Mumbai",233MARKETSTREETMUMBAI,ACTIVE,2025-03-26
V0114,Prime Suppliers 114,PRIMESUPPLIERS114,73DHPIZ4528GZ2,XUYJA6635V,454734543270,********3270,HDFC0EOZ906,9131284244,primesuppliers114114@example.com,"855, Market Street, Pune",855MARKETSTREETPUNE,ACTIVE,2026-02-13
V0115,Reliable Enterprises 115,RELIABLEENTERPRISES115,32JRDQC0777GZ5,RMGIW5904D,514142907840,********7840,AXIS0Q4PBGX,9781433754,reliableenterprises115115@example.com,"488, Main Road, Pune",488MAINROADPUNE,INACTIVE,2025-05-02
V0116,Eastern Technologies 116,EASTERNTECHNOLOGIES116,90ICIJJ6265WZ2,WCENA6454A,253672051385,********1385,AXIS0V9NOU3,9163573634,easterntechnologies116116@example.com,"161, MG Road, Pune",161MGROADPUNE,INACTIVE,2025-10-12
V0117,Prime Technologies 117,PRIMETECHNOLOGIES117,64FUQHU4524TZ9,LTEAS8529X,225869755255,********5255,AXIS0JW3467,9702427784,primetechnologies117117@example.com,"871, Industrial Area, Delhi",871INDUSTRIALAREADELHI,ACTIVE,2025-10-11
V0118,Metro Technologies 118,METROTECHNOLOGIES118,14FHAUH5607ZZ1,BXIHB9868M,626411284546,********4546,ICIC0IUSEXU,9754057387,metrotechnologies118118@example.com,"423, Market Street, Delhi",423MARKETSTREETDELHI,ACTIVE,2025-03-09
V0119,Metro Suppliers 119,METROSUPPLIERS119,28JSVAZ6869WZ4,GKQSX6524A,942543934698,********4698,AXIS077K71K,9814386720,metrosuppliers119119@example.com,"110, Industrial Area, Mumbai",110INDUSTRIALAREAMUMBAI,INACTIVE,2025-04-27
V0120,Reliable Technologies 120,RELIABLETECHNOLOGIES120,92DKQIC1598YZ3,WRUIM7268Z,865368740066,********0066,SBIN0HOG585,9299669917,reliabletechnologies120120@example.com,"341, Main Road, Hyderabad",341MAINROADHYDERABAD,ACTIVE,2024-02-20
V0121,Reliable Solutions 121,RELIABLESOLUTIONS121,44HMDWP9264NZ3,AZGLG5604K,039174946171,********6171,AXIS0YZZ0JD,9032999957,reliablesolutions121121@example.com,"440, Market Street, Mumbai",440MARKETSTREETMUMBAI,ACTIVE,2024-01-06
V0122,United Solutions 122,UNITEDSOLUTIONS122,65DDBDW8792IZ5,NLETM9596O,961801143407,********3407,HDFC0GBGQFQ,9184495417,unitedsolutions122122@example.com,"635, Main Road, Delhi",635MAINROADDELHI,ACTIVE,2024-05-06
V0123,Apex Industries 123,APEXINDUSTRIES123,73RXARR3598EZ1,CVRLY5096O,878562907192,********7192,SBIN08962E5,9827756022,apexindustries123123@example.com,"209, Market Street, Mumbai",209MARKETSTREETMUMBAI,INACTIVE,2024-04-01
V0124,Global Technologies 124,GLOBALTECHNOLOGIES124,57NMXMO4786NZ7,CNZRQ7956C,727614483616,********3616,SBIN0QC2K9Y,9324559554,globaltechnologies124124@example.com,"214, Industrial Area, Pune",214INDUSTRIALAREAPUNE,INACTIVE,2025-11-07
V0125,Southern Technologies 125,SOUTHERNTECHNOLOGIES125,95LVIXV2092VZ2,LAKAR4467X,570747804737,********4737,AXIS0K3WY8Y,9801186104,southerntechnologies125125@example.com,"260, Market Street, Delhi",260MARKETSTREETDELHI,ACTIVE,2025-10-27
V0126,Metro Traders 126,METROTRADERS126,82VKICW4445XZ9,ZAKNS9982B,344011794852,********4852,KKBK0AUTJX6,9166441744,metrotraders126126@example.com,"863, Industrial Area, Hyderabad",863INDUSTRIALAREAHYDERABAD,ACTIVE,2025-08-24
V0127,Apex Solutions 127,APEXSOLUTIONS127,21RDFPC4932BZ1,JGREW5831H,873496349126,********9126,HDFC0UR9211,9588861097,apexsolutions127127@example.com,"874, Main Road, Mumbai",874MAINROADMUMBAI,ACTIVE,2024-04-18
V0128,Southern Solutions 128,SOUTHERNSOLUTIONS128,52VDFZT0842FZ2,GSKQG7571N,016891245706,********5706,AXIS0768SY7,9477503474,southernsolutions128128@example.com,"801, MG Road, Chennai",801MGROADCHENNAI,INACTIVE,2026-02-16
V0129,Global Services 129,GLOBALSERVICES129,11VXPDK6866OZ6,XUKFH0377E,067652465379,********5379,KKBK09KDTS1,9107527791,globalservices129129@example.com,"945, Industrial Area, Chennai",945INDUSTRIALAREACHENNAI,ACTIVE,2026-05-11
V0130,Apex Enterprises 130,APEXENTERPRISES130,78VGHRV5137DZ6,NFULD4404E,061274989586,********9586,AXIS0HCYOU2,9856969741,apexenterprises130130@example.com,"643, Market Street, Hyderabad",643MARKETSTREETHYDERABAD,ACTIVE,2025-05-11
V0131,Industrial Suppliers 131,INDUSTRIALSUPPLIERS131,57HJHAD7493JZ4,ETAOB0434K,247939641501,********1501,AXIS0RZV1SQ,9448376423,industrialsuppliers131131@example.com,"992, MG Road, Bengaluru",992MGROADBENGALURU,ACTIVE,2025-11-17
V0132,Industrial Services 132,INDUSTRIALSERVICES132,34TNARN9228SZ8,CNIPM9310Q,757751516505,********6505,SBIN0ND9TKG,9719609172,industrialservices132132@example.com,"285, MG Road, Mumbai",285MGROADMUMBAI,ACTIVE,2024-11-23
V0133,National Traders 133,NATIONALTRADERS133,62BAQXA5517UZ3,HKCQF9397R,381275473104,********3104,AXIS08TB38W,9610922698,nationaltraders133133@example.com,"915, Market Street, Delhi",915MARKETSTREETDELHI,ACTIVE,2025-08-22
V0134,Eastern Enterprises 134,EASTERNENTERPRISES134,53QZSHR3293WZ3,QAMXR4877R,500687982588,********2588,HDFC02XCB3Y,9638831760,easternenterprises134134@example.com,"47, Industrial Area, Bengaluru",47INDUSTRIALAREABENGALURU,INACTIVE,2025-01-14
V0135,Metro Traders 135,METROTRADERS135,87FFVKW5456SZ3,BDBGO2571V,029306372432,********2432,HDFC09YTJUQ,9969094926,metrotraders135135@example.com,"10, Industrial Area, Bengaluru",10INDUSTRIALAREABENGALURU,INACTIVE,2025-05-22
V0136,Apex Solutions 136,APEXSOLUTIONS136,19XFIBQ0407KZ5,GMYVV5205O,224401050794,********0794,HDFC0WUDCBL,9801943606,apexsolutions136136@example.com,"778, MG Road, Bengaluru",778MGROADBENGALURU,ACTIVE,2024-10-28
V0137,Reliable Traders 137,RELIABLETRADERS137,85FCPBU1562NZ8,SLGUB3497J,876444616605,********6605,KKBK051FLMN,9056058841,reliabletraders137137@example.com,"99, Main Road, Mumbai",99MAINROADMUMBAI,ACTIVE,2025-10-17
V0138,Metro Technologies 138,METROTECHNOLOGIES138,15MXQSM2478ZZ7,FEZJB0121S,669535964147,********4147,SBIN0BBHG5Z,9351089063,metrotechnologies138138@example.com,"71, Market Street, Mumbai",71MARKETSTREETMUMBAI,ACTIVE,2024-12-12
V0139,Metro Enterprises 139,METROENTERPRISES139,58SILQX7582EZ6,GQHDN5477Z,869998801971,********1971,KKBK0CS1XSR,9433674249,metroenterprises139139@example.com,"468, Industrial Area, Delhi",468INDUSTRIALAREADELHI,ACTIVE,2024-07-31
V0140,Metro Suppliers 140,METROSUPPLIERS140,75QLMKU3312UZ2,JCVNQ7900B,243182072520,********2520,KKBK0HHLK3Y,9279977902,metrosuppliers140140@example.com,"463, Industrial Area, Pune",463INDUSTRIALAREAPUNE,ACTIVE,2026-03-12
V0141,Reliable Traders 141,RELIABLETRADERS141,53UIEUS2453SZ3,HTMRJ2477W,699827225548,********5548,KKBK0KVUBF9,9957953390,reliabletraders141141@example.com,"842, MG Road, Pune",842MGROADPUNE,INACTIVE,2024-07-11
V0142,Industrial Industries 142,INDUSTRIALINDUSTRIES142,94NLJAI9391NZ8,TKXFW3861S,801506410922,********0922,SBIN0VSYJAF,9038598457,industrialindustries142142@example.com,"337, Main Road, Bengaluru",337MAINROADBENGALURU,ACTIVE,2025-10-23
V0143,Industrial Enterprises 143,INDUSTRIALENTERPRISES143,40XEWNR0799NZ9,DJTNU4120A,681287491539,********1539,HDFC0WYQMOG,9027164406,industrialenterprises143143@example.com,"718, Market Street, Pune",718MARKETSTREETPUNE,INACTIVE,2024-05-23
V0144,Industrial Technologies 144,INDUSTRIALTECHNOLOGIES144,96NLBQN6616OZ1,PBJFG9100A,861171602417,********2417,SBIN03YC8D4,9670583669,industrialtechnologies144144@example.com,"286, Industrial Area, Mumbai",286INDUSTRIALAREAMUMBAI,INACTIVE,2025-03-14
V0145,Prime Suppliers 145,PRIMESUPPLIERS145,86MZSUX5203UZ7,RZSIQ8384K,306022626084,********6084,HDFC0VVNXIV,9926837760,primesuppliers145145@example.com,"219, MG Road, Delhi",219MGROADDELHI,ACTIVE,2025-05-25
V0146,United Suppliers 146,UNITEDSUPPLIERS146,46TFTIF0998WZ4,PJILA8016E,627948137074,********7074,ICIC0EGT2HS,9441146359,unitedsuppliers146146@example.com,"156, Main Road, Mumbai",156MAINROADMUMBAI,ACTIVE,2024-10-05
V0147,Industrial Industries 147,INDUSTRIALINDUSTRIES147,48PDSGM4360EZ8,FXAWS3443X,344641947409,********7409,SBIN0NL9C59,9191797737,industrialindustries147147@example.com,"974, Market Street, Pune",974MARKETSTREETPUNE,ACTIVE,2025-12-14
V0148,Global Services 148,GLOBALSERVICES148,84YVAUQ9359QZ4,WELRN5857Y,249370616912,********6912,HDFC0DU23JH,9760140744,globalservices148148@example.com,"395, Main Road, Bengaluru",395MAINROADBENGALURU,ACTIVE,2026-01-20
V0149,Reliable Suppliers 149,RELIABLESUPPLIERS149,62LXCQC0100HZ8,MTAGY6702Z,711948101729,********1729,HDFC0NS8JR1,9636332336,reliablesuppliers149149@example.com,"181, Market Street, Mumbai",181MARKETSTREETMUMBAI,ACTIVE,2026-06-13
V0150,Apex Technologies 150,APEXTECHNOLOGIES150,70NRAQY3689XZ6,RGMTU3994V,848901597246,********7246,HDFC00KHFSU,9851736581,apextechnologies150150@example.com,"103, MG Road, Pune",103MGROADPUNE,INACTIVE,2024-04-28
V0151,Industrial Services 151,INDUSTRIALSERVICES151,70YRRXQ4732SZ2,QJSTJ6588H,276047199722,********9722,SBIN0EDD070,9138950058,industrialservices151151@example.com,"554, Industrial Area, Mumbai",554INDUSTRIALAREAMUMBAI,INACTIVE,2024-11-23
V0152,Apex Technologies 152,APEXTECHNOLOGIES152,95WVAIN6285UZ4,MSJZI8278W,651083822612,********2612,HDFC07140K3,9910344330,apextechnologies152152@example.com,"696, Industrial Area, Chennai",696INDUSTRIALAREACHENNAI,ACTIVE,2024-10-16
V0153,Metro Services 153,METROSERVICES153,37UFQJW1783NZ3,YCZEB9659U,175887411621,********1621,AXIS0IEOKVG,9779604836,metroservices153153@example.com,"877, Main Road, Hyderabad",877MAINROADHYDERABAD,INACTIVE,2025-01-11
V0154,Global Industries 154,GLOBALINDUSTRIES154,65HDISW5473RZ9,MNPSU1798F,465055277146,********7146,KKBK0ZAQLBU,9602701291,globalindustries154154@example.com,"120, MG Road, Hyderabad",120MGROADHYDERABAD,ACTIVE,2024-09-11
V0155,United Industries 155,UNITEDINDUSTRIES155,28HVYPF3160IZ5,JXKCG4650X,514399656600,********6600,SBIN09ZGNX3,9641940601,unitedindustries155155@example.com,"969, Market Street, Bengaluru",969MARKETSTREETBENGALURU,ACTIVE,2025-12-01
V0156,Eastern Traders 156,EASTERNTRADERS156,77SHVMN7856BZ3,ITEUR7584S,097172092971,********2971,ICIC0JYZXFU,9296376444,easterntraders156156@example.com,"68, Market Street, Bengaluru",68MARKETSTREETBENGALURU,ACTIVE,2026-03-28
V0157,Industrial Solutions 157,INDUSTRIALSOLUTIONS157,21EBTOM8945XZ3,MNZXS4697W,579260378602,********8602,AXIS0Z0I083,9856696852,industrialsolutions157157@example.com,"294, Market Street, Pune",294MARKETSTREETPUNE,ACTIVE,2025-01-10
V0158,National Solutions 158,NATIONALSOLUTIONS158,90OFHYQ8046PZ1,JQIJA8131P,419368882420,********2420,ICIC0DSFERF,9623241814,nationalsolutions158158@example.com,"362, MG Road, Pune",362MGROADPUNE,INACTIVE,2024-06-14
V0159,National Enterprises 159,NATIONALENTERPRISES159,44DMMRD7737XZ7,DYUDI0608N,381103791146,********1146,KKBK00PKR1I,9152789281,nationalenterprises159159@example.com,"766, Main Road, Hyderabad",766MAINROADHYDERABAD,ACTIVE,2025-12-18
V0160,Eastern Solutions 160,EASTERNSOLUTIONS160,99QGIMN6322LZ7,GXEAR3226N,611421101835,********1835,ICIC0JRMEYY,9713875622,easternsolutions160160@example.com,"186, Industrial Area, Chennai",186INDUSTRIALAREACHENNAI,INACTIVE,2024-03-30
V0161,Prime Suppliers 161,PRIMESUPPLIERS161,29BEOGW8998OZ2,XBKYN0561B,596179053792,********3792,KKBK0C9G3RT,9504553620,primesuppliers161161@example.com,"645, MG Road, Hyderabad",645MGROADHYDERABAD,ACTIVE,2025-08-29
V0162,Global Technologies 162,GLOBALTECHNOLOGIES162,27HUQGV5036LZ6,CSOSK6308L,753275102018,********2018,ICIC00KJAX5,9957692662,globaltechnologies162162@example.com,"526, Main Road, Chennai",526MAINROADCHENNAI,INACTIVE,2024-08-13
V0163,Apex Enterprises 163,APEXENTERPRISES163,46AEEKP0029MZ2,SDTAC3108B,474144481591,********1591,ICIC0IDFWA8,9917372454,apexenterprises163163@example.com,"209, Main Road, Mumbai",209MAINROADMUMBAI,ACTIVE,2024-11-10
V0164,Apex Traders 164,APEXTRADERS164,59DRFWK8811DZ4,CYJQD9986F,525005184022,********4022,AXIS0TVYFYK,9831969870,apextraders164164@example.com,"159, Industrial Area, Hyderabad",159INDUSTRIALAREAHYDERABAD,ACTIVE,2026-06-01
V0165,National Technologies 165,NATIONALTECHNOLOGIES165,55ILSKU3862NZ9,MNNVK5456X,147981471317,********1317,ICIC0ZIA9AU,9990388821,nationaltechnologies165165@example.com,"672, Industrial Area, Delhi",672INDUSTRIALAREADELHI,INACTIVE,2024-09-05
V0166,Metro Technologies 166,METROTECHNOLOGIES166,13DDGAV4741QZ5,MSLQA1066F,197309376088,********6088,KKBK0FOP8QZ,9253292039,metrotechnologies166166@example.com,"230, MG Road, Bengaluru",230MGROADBENGALURU,ACTIVE,2025-02-14
V0167,Southern Industries 167,SOUTHERNINDUSTRIES167,44CCPWA2505YZ5,EFYGC5094B,896064643034,********3034,SBIN0DL918S,9333163855,southernindustries167167@example.com,"225, Main Road, Mumbai",225MAINROADMUMBAI,ACTIVE,2024-01-25
V0168,Southern Technologies 168,SOUTHERNTECHNOLOGIES168,74NSQYI7338NZ1,XUKFP0164Z,801606922617,********2617,HDFC0F5T82D,9039123017,southerntechnologies168168@example.com,"392, Main Road, Chennai",392MAINROADCHENNAI,ACTIVE,2025-04-29
V0169,United Technologies 169,UNITEDTECHNOLOGIES169,50JRNGW6667HZ9,AWHEK0340O,999432466456,********6456,AXIS0X6QD07,9971339474,unitedtechnologies169169@example.com,"898, Main Road, Bengaluru",898MAINROADBENGALURU,ACTIVE,2025-04-10
V0170,Global Solutions 170,GLOBALSOLUTIONS170,97KGEDH0844GZ5,EBXLZ2194R,630639344089,********4089,ICIC08P6U3U,9817516878,globalsolutions170170@example.com,"160, Main Road, Mumbai",160MAINROADMUMBAI,ACTIVE,2024-01-15
V0171,National Traders 171,NATIONALTRADERS171,37TESUP2216AZ6,VAXNW6644L,819450481490,********1490,KKBK0P9M7QN,9514266679,nationaltraders171171@example.com,"957, Industrial Area, Pune",957INDUSTRIALAREAPUNE,ACTIVE,2024-03-30
V0172,Prime Industries 172,PRIMEINDUSTRIES172,80JFMDZ9487XZ7,AJFHW2874H,917656586827,********6827,HDFC06OAFN3,9853992916,primeindustries172172@example.com,"666, MG Road, Chennai",666MGROADCHENNAI,ACTIVE,2026-03-31
V0173,Southern Traders 173,SOUTHERNTRADERS173,80EICAA7165CZ7,ATZQU1621H,195408567862,********7862,AXIS01XJ7WW,9514512804,southerntraders173173@example.com,"132, Main Road, Bengaluru",132MAINROADBENGALURU,ACTIVE,2026-05-08
V0174,Metro Traders 174,METROTRADERS174,90PAZZM6517DZ4,PNNTF3801C,446248641296,********1296,ICIC0JR8MTK,9745311682,metrotraders174174@example.com,"104, Main Road, Hyderabad",104MAINROADHYDERABAD,INACTIVE,2024-04-15
V0175,Southern Technologies 175,SOUTHERNTECHNOLOGIES175,90VLXYG4689QZ6,KCVLE2231K,794847866453,********6453,HDFC0AYZHUL,9202225798,southerntechnologies175175@example.com,"785, Market Street, Mumbai",785MARKETSTREETMUMBAI,ACTIVE,2025-08-10
V0176,Reliable Services 176,RELIABLESERVICES176,12QWZXH8489BZ6,QBCUS2745K,810402146520,********6520,AXIS0WOZQ48,9136000136,reliableservices176176@example.com,"775, Main Road, Delhi",775MAINROADDELHI,INACTIVE,2024-08-19
V0177,National Industries 177,NATIONALINDUSTRIES177,31YPDID5886VZ2,NGMMH7407W,998271903682,********3682,HDFC0M4IX4Z,9042643438,nationalindustries177177@example.com,"196, Market Street, Chennai",196MARKETSTREETCHENNAI,ACTIVE,2026-02-17
V0178,United Services 178,UNITEDSERVICES178,83QDWTG8106OZ6,GYCLD5502D,119346240469,********0469,HDFC0X0PKOV,9544669200,unitedservices178178@example.com,"465, Industrial Area, Chennai",465INDUSTRIALAREACHENNAI,ACTIVE,2024-09-01
V0179,Prime Solutions 179,PRIMESOLUTIONS179,46TCNSM3923CZ3,EXDAM3120V,864328641267,********1267,HDFC0V8URID,9859851103,primesolutions179179@example.com,"104, Market Street, Mumbai",104MARKETSTREETMUMBAI,ACTIVE,2025-04-08
V0180,Industrial Services 180,INDUSTRIALSERVICES180,91AZWRD4279LZ4,TFYQZ8684Q,430378789516,********9516,ICIC0JY5OP9,9305364497,industrialservices180180@example.com,"360, Market Street, Bengaluru",360MARKETSTREETBENGALURU,ACTIVE,2024-04-22
V0181,Global Traders 181,GLOBALTRADERS181,72HLRAG3286YZ9,ECHZF5024L,652514024281,********4281,ICIC03WP8DJ,9335635611,globaltraders181181@example.com,"950, Industrial Area, Pune",950INDUSTRIALAREAPUNE,ACTIVE,2024-11-04
V0182,United Industries 182,UNITEDINDUSTRIES182,69AOYKT6325EZ9,XWBVD6475B,178056563349,********3349,HDFC0B3XMDK,9430767021,unitedindustries182182@example.com,"305, Main Road, Chennai",305MAINROADCHENNAI,INACTIVE,2024-05-19
V0183,Metro Services 183,METROSERVICES183,13VLBDK9885TZ8,WQLQE8617R,679862018521,********8521,ICIC0RKY8RY,9361440450,metroservices183183@example.com,"656, Industrial Area, Delhi",656INDUSTRIALAREADELHI,ACTIVE,2024-02-04
V0184,Southern Traders 184,SOUTHERNTRADERS184,55ROLWD7690UZ8,JMROY7513S,472938537306,********7306,SBIN0V3CB0I,9646327971,southerntraders184184@example.com,"44, Market Street, Mumbai",44MARKETSTREETMUMBAI,ACTIVE,2026-01-15
V0185,Reliable Technologies 185,RELIABLETECHNOLOGIES185,91OFGLH2188GZ2,PQRFV8345C,020743601141,********1141,SBIN0G06XR3,9543651043,reliabletechnologies185185@example.com,"997, Main Road, Hyderabad",997MAINROADHYDERABAD,ACTIVE,2025-08-05
V0186,Prime Suppliers 186,PRIMESUPPLIERS186,19NGNPI6585IZ1,AKFXB2837B,126329927089,********7089,ICIC0R3UV43,9304798417,primesuppliers186186@example.com,"802, Market Street, Hyderabad",802MARKETSTREETHYDERABAD,ACTIVE,2024-02-06
V0187,Industrial Solutions 187,INDUSTRIALSOLUTIONS187,71BTSLL1489LZ6,FLBGP2787S,478290716360,********6360,HDFC09AZ3CE,9103622641,industrialsolutions187187@example.com,"231, Market Street, Pune",231MARKETSTREETPUNE,ACTIVE,2024-03-19
V0188,United Solutions 188,UNITEDSOLUTIONS188,74CJKYM0985JZ9,FJVDZ6641P,739279726526,********6526,HDFC0JVK8C4,9303423656,unitedsolutions188188@example.com,"211, Main Road, Bengaluru",211MAINROADBENGALURU,ACTIVE,2025-07-08
V0189,Apex Industries 189,APEXINDUSTRIES189,96HZNLS7294HZ3,XHRHZ7250I,857384477013,********7013,SBIN0JJX1AL,9688400036,apexindustries189189@example.com,"932, Market Street, Delhi",932MARKETSTREETDELHI,ACTIVE,2025-02-22
V0190,Global Solutions 190,GLOBALSOLUTIONS190,39CBRWP0707IZ5,AVWOB2151C,859427242186,********2186,ICIC0HU3YCP,9206398392,globalsolutions190190@example.com,"962, MG Road, Delhi",962MGROADDELHI,ACTIVE,2024-06-13
V0191,Apex Industries 191,APEXINDUSTRIES191,58TQYYZ5967RZ2,WNBMN4282H,068575532807,********2807,SBIN0I1NQ0E,9278335966,apexindustries191191@example.com,"298, Industrial Area, Chennai",298INDUSTRIALAREACHENNAI,INACTIVE,2026-03-16
V0192,Reliable Suppliers 192,RELIABLESUPPLIERS192,35XWADG5971BZ7,AEBNN3416H,296667314514,********4514,SBIN0E66VW9,9073444824,reliablesuppliers192192@example.com,"584, Industrial Area, Chennai",584INDUSTRIALAREACHENNAI,ACTIVE,2026-01-21
V0193,National Services 193,NATIONALSERVICES193,82NNNYH3790XZ4,LHWIJ1242F,853634559023,********9023,SBIN07JVDIK,9055150851,nationalservices193193@example.com,"785, MG Road, Mumbai",785MGROADMUMBAI,INACTIVE,2026-05-02
V0194,Global Enterprises 194,GLOBALENTERPRISES194,45TDJCU7352UZ9,RBRXA1751R,441497918401,********8401,HDFC08WIV5H,9144141605,globalenterprises194194@example.com,"209, Market Street, Chennai",209MARKETSTREETCHENNAI,ACTIVE,2024-01-04
V0195,Reliable Industries 195,RELIABLEINDUSTRIES195,72MQPOH2987NZ8,IRDMI1677P,142356461322,********1322,AXIS0VYBJH4,9453648420,reliableindustries195195@example.com,"503, Industrial Area, Bengaluru",503INDUSTRIALAREABENGALURU,INACTIVE,2026-01-15
V0196,Metro Enterprises 196,METROENTERPRISES196,58CSXTO6531FZ9,KSHEJ4520A,428571961590,********1590,KKBK0DORFKI,9722176172,metroenterprises196196@example.com,"652, MG Road, Delhi",652MGROADDELHI,ACTIVE,2024-03-19
V0197,Prime Solutions 197,PRIMESOLUTIONS197,45LCZOJ4242JZ9,NJZSY7745A,086177163350,********3350,AXIS01QRDLF,9605295048,primesolutions197197@example.com,"740, Main Road, Hyderabad",740MAINROADHYDERABAD,ACTIVE,2024-03-01
V0198,Industrial Enterprises 198,INDUSTRIALENTERPRISES198,51LMOTT9401AZ3,NDFWC8465E,313540677536,********7536,KKBK0PAE9Z5,9238512689,industrialenterprises198198@example.com,"422, Market Street, Bengaluru",422MARKETSTREETBENGALURU,ACTIVE,2025-06-15
V0199,Southern Enterprises 199,SOUTHERNENTERPRISES199,49SFCLC6506HZ6,QYHVW5364I,997815804109,********4109,KKBK0TXCF0K,9217573752,southernenterprises199199@example.com,"484, Main Road, Mumbai",484MAINROADMUMBAI,INACTIVE,2024-08-02
V0200,National Industries 200,NATIONALINDUSTRIES200,74TGKUS3830TZ4,YYVSV5476R,081183805463,********5463,AXIS0XG541M,9468913991,nationalindustries200200@example.com,"803, Industrial Area, Mumbai",803INDUSTRIALAREAMUMBAI,ACTIVE,2025-06-22
V0201,Metro Industries 201,METROINDUSTRIES201,83VWYZQ4487ZZ2,AAXDT8148B,032960240626,********0626,AXIS0WCDT9G,9608837959,metroindustries201201@example.com,"601, Market Street, Delhi",601MARKETSTREETDELHI,ACTIVE,2025-11-11
V0202,Reliable Traders 202,RELIABLETRADERS202,49HJIOS5410XZ2,EPZTU2307H,171210664689,********4689,SBIN04X6G1E,9071132181,reliabletraders202202@example.com,"858, MG Road, Hyderabad",858MGROADHYDERABAD,ACTIVE,2024-09-22
V0203,Industrial Enterprises 203,INDUSTRIALENTERPRISES203,54QRHIZ5725GZ5,FGXNQ4435V,536468083527,********3527,KKBK06LDM6F,9439131574,industrialenterprises203203@example.com,"95, Main Road, Delhi",95MAINROADDELHI,INACTIVE,2025-08-30
V0204,Southern Services 204,SOUTHERNSERVICES204,44YKANX8991SZ3,DIYZI7841A,823363987954,********7954,ICIC0HGLG4P,9715701053,southernservices204204@example.com,"446, Main Road, Pune",446MAINROADPUNE,ACTIVE,2025-04-28
V0205,Reliable Technologies 205,RELIABLETECHNOLOGIES205,85AXEGJ5053CZ4,DEFLI6423P,339332685536,********5536,HDFC0J8GOSD,9837648115,reliabletechnologies205205@example.com,"475, Industrial Area, Hyderabad",475INDUSTRIALAREAHYDERABAD,INACTIVE,2024-01-12
V0206,Industrial Services 206,INDUSTRIALSERVICES206,32ZNJRD3951TZ8,LMBWL0534V,732668434353,********4353,SBIN01AJKPQ,9201753151,industrialservices206206@example.com,"983, Main Road, Pune",983MAINROADPUNE,ACTIVE,2025-10-10
V0207,Industrial Traders 207,INDUSTRIALTRADERS207,91VCNSI6341XZ5,STCXZ7596R,962887540319,********0319,ICIC0YBUH7J,9615031202,industrialtraders207207@example.com,"915, Market Street, Delhi",915MARKETSTREETDELHI,INACTIVE,2025-11-03
V0208,National Enterprises 208,NATIONALENTERPRISES208,79KYAIJ4472WZ3,RGAWZ6532Q,760272676445,********6445,SBIN0K1QQFV,9654772793,nationalenterprises208208@example.com,"274, Main Road, Chennai",274MAINROADCHENNAI,ACTIVE,2025-01-22
V0209,Southern Technologies 209,SOUTHERNTECHNOLOGIES209,50UQRRQ6552MZ8,THYEW4087U,295117744745,********4745,ICIC0YDUPPG,9026505406,southerntechnologies209209@example.com,"127, MG Road, Pune",127MGROADPUNE,ACTIVE,2025-08-05
V0210,Industrial Services 210,INDUSTRIALSERVICES210,51DBAPL6421OZ9,QUVWX2707V,786588138199,********8199,AXIS0595CPJ,9717650472,industrialservices210210@example.com,"94, Market Street, Hyderabad",94MARKETSTREETHYDERABAD,INACTIVE,2026-04-28
V0211,Global Enterprises 211,GLOBALENTERPRISES211,43CQBXM2224ZZ8,SOPTD2233J,718757736124,********6124,SBIN08FWRPK,9761236023,globalenterprises211211@example.com,"410, Main Road, Pune",410MAINROADPUNE,ACTIVE,2024-09-22
V0212,Apex Services 212,APEXSERVICES212,58AYIIF2776LZ8,LXXVV7522V,613183384151,********4151,HDFC0ODLCTT,9789052276,apexservices212212@example.com,"521, Main Road, Pune",521MAINROADPUNE,ACTIVE,2024-08-21
V0213,Industrial Suppliers 213,INDUSTRIALSUPPLIERS213,16IQFDC1524SZ1,PWCXU1864A,277991322740,********2740,SBIN01VRGSS,9928225349,industrialsuppliers213213@example.com,"42, Market Street, Chennai",42MARKETSTREETCHENNAI,ACTIVE,2025-05-14
V0214,Global Enterprises 214,GLOBALENTERPRISES214,74HTMRY2631MZ3,WPEYZ6772I,104394651772,********1772,AXIS074NL03,9335709046,globalenterprises214214@example.com,"915, Main Road, Pune",915MAINROADPUNE,ACTIVE,2025-04-12
V0215,United Industries 215,UNITEDINDUSTRIES215,19GIMSM9066WZ8,GZPBB3542P,628043577642,********7642,ICIC05C9035,9555435658,unitedindustries215215@example.com,"839, Industrial Area, Mumbai",839INDUSTRIALAREAMUMBAI,ACTIVE,2024-05-23
V0216,Prime Technologies 216,PRIMETECHNOLOGIES216,25QLUUV0935BZ9,WIOHI0005D,948144367270,********7270,KKBK0FS4UQX,9106848913,primetechnologies216216@example.com,"805, Market Street, Delhi",805MARKETSTREETDELHI,ACTIVE,2025-10-25
V0217,Southern Enterprises 217,SOUTHERNENTERPRISES217,35UOJWW1721AZ9,PVUOY3322J,426303185756,********5756,ICIC0PJ7HME,9848347734,southernenterprises217217@example.com,"465, Main Road, Hyderabad",465MAINROADHYDERABAD,INACTIVE,2024-07-22
V0218,Metro Technologies 218,METROTECHNOLOGIES218,21UJGCL0848LZ6,YVLWH9063P,955512973942,********3942,HDFC08JXLFI,9511670886,metrotechnologies218218@example.com,"390, MG Road, Hyderabad",390MGROADHYDERABAD,ACTIVE,2025-09-24
V0219,Reliable Technologies 219,RELIABLETECHNOLOGIES219,43QAAAM7145YZ9,ECJFK0944R,151863970243,********0243,AXIS0EVWLQ6,9163674781,reliabletechnologies219219@example.com,"162, Main Road, Mumbai",162MAINROADMUMBAI,ACTIVE,2025-06-11
V0220,National Technologies 220,NATIONALTECHNOLOGIES220,76PWTDK6590ZZ7,QUZAQ8230P,677262273745,********3745,AXIS04G58O9,9424765391,nationaltechnologies220220@example.com,"965, Industrial Area, Mumbai",965INDUSTRIALAREAMUMBAI,ACTIVE,2026-04-06
V0221,Industrial Technologies 221,INDUSTRIALTECHNOLOGIES221,47DJLOY9918QZ4,DRUFT5755B,087274050981,********0981,KKBK0NI8TND,9166871968,industrialtechnologies221221@example.com,"563, Main Road, Bengaluru",563MAINROADBENGALURU,ACTIVE,2024-02-20
V0222,Reliable Enterprises 222,RELIABLEENTERPRISES222,28MEZZZ3145HZ6,BZHXD7914V,419025396904,********6904,SBIN01AELDW,9462174099,reliableenterprises222222@example.com,"400, Main Road, Pune",400MAINROADPUNE,ACTIVE,2026-06-15
V0223,United Industries 223,UNITEDINDUSTRIES223,40WRVZK6827IZ5,QIRGJ0745H,641784250798,********0798,KKBK0PJ93RV,9568601860,unitedindustries223223@example.com,"391, Market Street, Hyderabad",391MARKETSTREETHYDERABAD,ACTIVE,2024-04-30
V0224,Metro Enterprises 224,METROENTERPRISES224,37OAYCX8782VZ6,JZHUI6671R,706448038749,********8749,KKBK0X012GR,9035893390,metroenterprises224224@example.com,"595, Main Road, Pune",595MAINROADPUNE,INACTIVE,2024-11-16
V0225,Southern Traders 225,SOUTHERNTRADERS225,92OTNKS1058MZ5,DIJDK8787T,284343110135,********0135,KKBK08LI3IF,9902628481,southerntraders225225@example.com,"655, Industrial Area, Pune",655INDUSTRIALAREAPUNE,ACTIVE,2024-09-06
V0226,Global Technologies 226,GLOBALTECHNOLOGIES226,43LJYGO0638WZ4,UPCXZ7518H,455485689779,********9779,SBIN0ZXT9QU,9064491550,globaltechnologies226226@example.com,"627, Main Road, Pune",627MAINROADPUNE,ACTIVE,2025-05-03
V0227,National Industries 227,NATIONALINDUSTRIES227,99RIOWY1563AZ1,SJDZP5772T,922805471363,********1363,ICIC04B70LD,9476834813,nationalindustries227227@example.com,"699, Market Street, Hyderabad",699MARKETSTREETHYDERABAD,ACTIVE,2025-12-25
V0228,Reliable Enterprises 228,RELIABLEENTERPRISES228,22EZNAK0958FZ4,QMNZC6131O,223604028056,********8056,ICIC0S3QW75,9719916510,reliableenterprises228228@example.com,"512, MG Road, Mumbai",512MGROADMUMBAI,ACTIVE,2025-09-09
V0229,National Solutions 229,NATIONALSOLUTIONS229,55BZMVR7580UZ6,XOSNT6217J,953415332814,********2814,AXIS0ONRRLR,9347260810,nationalsolutions229229@example.com,"943, Market Street, Pune",943MARKETSTREETPUNE,ACTIVE,2025-10-18
V0230,Apex Services 230,APEXSERVICES230,37CYXSB2260MZ4,XDHXR9313H,933586458560,********8560,SBIN07OFVWJ,9967939694,apexservices230230@example.com,"50, MG Road, Hyderabad",50MGROADHYDERABAD,ACTIVE,2025-03-01
V0231,Reliable Traders 231,RELIABLETRADERS231,78IYGRY3525DZ2,KXFCW2504D,206071601170,********1170,ICIC0BNDYCP,9374765977,reliabletraders231231@example.com,"285, Industrial Area, Pune",285INDUSTRIALAREAPUNE,ACTIVE,2025-08-05
V0232,Global Suppliers 232,GLOBALSUPPLIERS232,18VPHEO3105AZ3,SIAXR0003S,326312011648,********1648,HDFC041BTA3,9453639242,globalsuppliers232232@example.com,"350, Market Street, Mumbai",350MARKETSTREETMUMBAI,INACTIVE,2025-05-05
V0233,National Traders 233,NATIONALTRADERS233,79WZDQF4844MZ8,JIKSF2118V,161998308147,********8147,KKBK0NQ52NL,9345499841,nationaltraders233233@example.com,"550, Market Street, Mumbai",550MARKETSTREETMUMBAI,ACTIVE,2025-07-18
V0234,National Services 234,NATIONALSERVICES234,50MWDYI9678VZ2,UCAWB8392E,902519676581,********6581,ICIC0LCWL6Q,9313818119,nationalservices234234@example.com,"394, Main Road, Mumbai",394MAINROADMUMBAI,INACTIVE,2024-06-11
V0235,Eastern Solutions 235,EASTERNSOLUTIONS235,12PZJLO4046LZ6,ZXBDH3197V,969961471331,********1331,ICIC08LZ8CV,9708418125,easternsolutions235235@example.com,"644, Main Road, Bengaluru",644MAINROADBENGALURU,ACTIVE,2025-05-16
V0236,Apex Suppliers 236,APEXSUPPLIERS236,83AJXJA6638ZZ7,KIYSO4299C,344077405196,********5196,SBIN056AE1I,9105200773,apexsuppliers236236@example.com,"54, Industrial Area, Bengaluru",54INDUSTRIALAREABENGALURU,ACTIVE,2024-06-08
V0237,Southern Services 237,SOUTHERNSERVICES237,39FSKQF8747PZ5,TPWLN0928S,871171700907,********0907,ICIC0ZZCGL9,9165652487,southernservices237237@example.com,"989, Main Road, Bengaluru",989MAINROADBENGALURU,ACTIVE,2025-11-01
V0238,United Enterprises 238,UNITEDENTERPRISES238,56SPYOS3383JZ8,IZEPB3449M,049074684963,********4963,AXIS05QF0N8,9873813489,unitedenterprises238238@example.com,"773, Industrial Area, Hyderabad",773INDUSTRIALAREAHYDERABAD,ACTIVE,2025-08-30
V0239,National Suppliers 239,NATIONALSUPPLIERS239,30MRJCY7615PZ4,KAIEQ6411J,421418821644,********1644,SBIN0035N8C,9442328399,nationalsuppliers239239@example.com,"98, MG Road, Pune",98MGROADPUNE,ACTIVE,2025-07-22
V0240,Apex Solutions 240,APEXSOLUTIONS240,75WJDIN4997CZ8,KFUSJ7420L,113692528440,********8440,KKBK0RFJL9V,9586951771,apexsolutions240240@example.com,"813, Market Street, Bengaluru",813MARKETSTREETBENGALURU,ACTIVE,2024-09-11
V0241,Reliable Traders 241,RELIABLETRADERS241,50CHHSL1191KZ9,MDVJA4316Y,210670491655,********1655,HDFC0XL1BS0,9749111703,reliabletraders241241@example.com,"718, MG Road, Delhi",718MGROADDELHI,ACTIVE,2024-12-12
V0242,Prime Traders 242,PRIMETRADERS242,17QOBVF0221EZ9,IKQKN2074C,404765021782,********1782,HDFC0HBIRMC,9858310662,primetraders242242@example.com,"352, MG Road, Pune",352MGROADPUNE,ACTIVE,2025-06-07
V0243,Reliable Suppliers 243,RELIABLESUPPLIERS243,59UTWFO7868JZ6,MQFXV2008K,218364496721,********6721,ICIC0RZZQO1,9945769010,reliablesuppliers243243@example.com,"855, Industrial Area, Chennai",855INDUSTRIALAREACHENNAI,ACTIVE,2025-09-26
V0244,Global Technologies 244,GLOBALTECHNOLOGIES244,14XHGYX8297VZ1,WYECS4862A,335102148040,********8040,KKBK0R0FCYB,9484950072,globaltechnologies244244@example.com,"12, Market Street, Hyderabad",12MARKETSTREETHYDERABAD,ACTIVE,2026-01-06
V0245,Industrial Suppliers 245,INDUSTRIALSUPPLIERS245,16HCJVO3975KZ6,KPJZT1686N,691689058577,********8577,SBIN08DJE7X,9456839913,industrialsuppliers245245@example.com,"822, Market Street, Hyderabad",822MARKETSTREETHYDERABAD,ACTIVE,2026-05-21
V0246,Southern Suppliers 246,SOUTHERNSUPPLIERS246,52MIVJY5823NZ2,FQEST7897P,388955525976,********5976,ICIC06ZL1KH,9691022860,southernsuppliers246246@example.com,"836, Industrial Area, Bengaluru",836INDUSTRIALAREABENGALURU,INACTIVE,2024-05-01
V0247,Reliable Enterprises 247,RELIABLEENTERPRISES247,13GMUTU4589VZ8,ZJZTC2028U,633245460403,********0403,HDFC0Q0I9BL,9782401879,reliableenterprises247247@example.com,"678, Main Road, Hyderabad",678MAINROADHYDERABAD,INACTIVE,2024-03-11
V0248,Eastern Suppliers 248,EASTERNSUPPLIERS248,64CEVFM0789YZ7,BEIRV2479D,585721514806,********4806,ICIC0F08UPN,9605661425,easternsuppliers248248@example.com,"475, Market Street, Bengaluru",475MARKETSTREETBENGALURU,INACTIVE,2024-03-09
V0249,Prime Industries 249,PRIMEINDUSTRIES249,18ZRPDB2373LZ1,NANGN3832P,499811564932,********4932,ICIC0GRRDNW,9581158059,primeindustries249249@example.com,"270, Market Street, Pune",270MARKETSTREETPUNE,ACTIVE,2024-09-09
V0250,Reliable Technologies 250,RELIABLETECHNOLOGIES250,26MYNKW6254CZ7,PKOSU7022U,847033173482,********3482,SBIN0KTLL8S,9386696654,reliabletechnologies250250@example.com,"641, Market Street, Mumbai",641MARKETSTREETMUMBAI,ACTIVE,2025-12-09
V0251,Industrial Enterprises 251,INDUSTRIALENTERPRISES251,96KGLRT8172VZ6,SOFMN1722T,698529321913,********1913,SBIN0GXRIRJ,9551629890,industrialenterprises251251@example.com,"546, MG Road, Delhi",546MGROADDELHI,ACTIVE,2026-04-11
V0252,United Traders 252,UNITEDTRADERS252,16BBCND0740VZ1,AIQHL2652R,510495431138,********1138,SBIN04FTLH3,9826907924,unitedtraders252252@example.com,"466, Market Street, Chennai",466MARKETSTREETCHENNAI,ACTIVE,2024-09-09
V0253,Reliable Suppliers 253,RELIABLESUPPLIERS253,66LTJPJ5284ZZ9,IANKL2108V,112123553210,********3210,AXIS0GOHMJZ,9838965607,reliablesuppliers253253@example.com,"248, Main Road, Chennai",248MAINROADCHENNAI,ACTIVE,2025-02-02
V0254,Southern Enterprises 254,SOUTHERNENTERPRISES254,86NFAJB2716RZ1,GNGDD4814F,479022394186,********4186,KKBK0C5WU25,9872441096,southernenterprises254254@example.com,"369, Main Road, Hyderabad",369MAINROADHYDERABAD,ACTIVE,2024-03-09
V0255,Prime Enterprises 255,PRIMEENTERPRISES255,74XKEMW2637OZ4,LSSEP0912Q,147719208750,********8750,AXIS0YOTOS8,9936777545,primeenterprises255255@example.com,"837, Industrial Area, Chennai",837INDUSTRIALAREACHENNAI,INACTIVE,2024-05-09
V0256,Global Suppliers 256,GLOBALSUPPLIERS256,27QHGAF4444GZ8,DYGDQ1339U,193204727745,********7745,AXIS0CK3TB9,9803350175,globalsuppliers256256@example.com,"76, Market Street, Delhi",76MARKETSTREETDELHI,ACTIVE,2024-01-26
V0257,Eastern Suppliers 257,EASTERNSUPPLIERS257,95USOBZ9364XZ5,DTFQH2001N,436333858745,********8745,KKBK0G25PU9,9291077291,easternsuppliers257257@example.com,"646, Market Street, Hyderabad",646MARKETSTREETHYDERABAD,INACTIVE,2024-04-26
V0258,Prime Services 258,PRIMESERVICES258,85NHPXF0435PZ7,BPUGV5829O,734955976316,********6316,ICIC07ZSOOU,9226967904,primeservices258258@example.com,"471, Market Street, Chennai",471MARKETSTREETCHENNAI,INACTIVE,2024-06-06
V0259,Reliable Traders 259,RELIABLETRADERS259,51PWCCT1489ZZ3,ZAEDZ3683S,128495482611,********2611,HDFC0B6LBU9,9681139156,reliabletraders259259@example.com,"32, Market Street, Delhi",32MARKETSTREETDELHI,ACTIVE,2026-05-01
V0260,Southern Enterprises 260,SOUTHERNENTERPRISES260,55YHQVK9786GZ4,LSABW1917J,626606608668,********8668,SBIN0YUZPEX,9955924011,southernenterprises260260@example.com,"142, MG Road, Pune",142MGROADPUNE,ACTIVE,2024-02-20
V0261,Global Technologies 261,GLOBALTECHNOLOGIES261,82WEWEG0830EZ4,NMHFE0033T,146373139439,********9439,SBIN0MD18HF,9687235591,globaltechnologies261261@example.com,"874, Market Street, Pune",874MARKETSTREETPUNE,ACTIVE,2025-04-10
V0262,Southern Solutions 262,SOUTHERNSOLUTIONS262,38LHQBF9225BZ4,YLKLY8285N,205908448598,********8598,HDFC0S82XLV,9092621295,southernsolutions262262@example.com,"298, Main Road, Hyderabad",298MAINROADHYDERABAD,ACTIVE,2024-06-30
V0263,Eastern Services 263,EASTERNSERVICES263,30JTHZR6011AZ4,BUTHE7358R,432409712214,********2214,AXIS0SRW2MD,9185209870,easternservices263263@example.com,"206, MG Road, Bengaluru",206MGROADBENGALURU,ACTIVE,2024-06-15
V0264,National Enterprises 264,NATIONALENTERPRISES264,85TBZFR9473UZ6,FBLAJ9964A,973337158216,********8216,SBIN05D4VUE,9149736083,nationalenterprises264264@example.com,"165, Industrial Area, Pune",165INDUSTRIALAREAPUNE,ACTIVE,2025-07-03
V0265,Reliable Enterprises 265,RELIABLEENTERPRISES265,48KAHEC1551DZ2,ZTIDO5003Y,969689289934,********9934,KKBK016CZ75,9596149380,reliableenterprises265265@example.com,"40, MG Road, Hyderabad",40MGROADHYDERABAD,ACTIVE,2024-10-02
V0266,Global Suppliers 266,GLOBALSUPPLIERS266,82SCVMS1786HZ7,ANHUU1502V,080841198231,********8231,AXIS0GTMOV6,9228146494,globalsuppliers266266@example.com,"71, MG Road, Chennai",71MGROADCHENNAI,ACTIVE,2026-02-03
V0267,United Services 267,UNITEDSERVICES267,10QSVAC2177LZ6,ZJNHR8131V,592722003921,********3921,ICIC0R8PJPF,9787521221,unitedservices267267@example.com,"132, Industrial Area, Bengaluru",132INDUSTRIALAREABENGALURU,ACTIVE,2025-04-29
V0268,Eastern Industries 268,EASTERNINDUSTRIES268,59FYNYC7562VZ9,UTAOX2287V,322889244176,********4176,KKBK04U77W9,9093655011,easternindustries268268@example.com,"601, Main Road, Delhi",601MAINROADDELHI,ACTIVE,2026-01-08
V0269,Reliable Enterprises 269,RELIABLEENTERPRISES269,40NMLOR1828GZ8,KZBRZ4172D,148650412034,********2034,HDFC0J7O9X6,9809602579,reliableenterprises269269@example.com,"713, Market Street, Chennai",713MARKETSTREETCHENNAI,ACTIVE,2024-02-15
V0270,Industrial Services 270,INDUSTRIALSERVICES270,99JJLSA0602FZ3,GBEVF2046B,779497815250,********5250,HDFC000N114,9468131018,industrialservices270270@example.com,"284, Industrial Area, Bengaluru",284INDUSTRIALAREABENGALURU,INACTIVE,2024-04-21
V0271,Prime Technologies 271,PRIMETECHNOLOGIES271,52XEZNO9467IZ6,GFTUA4359S,112825569989,********9989,HDFC02EB0T4,9536780187,primetechnologies271271@example.com,"162, Industrial Area, Hyderabad",162INDUSTRIALAREAHYDERABAD,ACTIVE,2024-02-21
V0272,Eastern Technologies 272,EASTERNTECHNOLOGIES272,99QNQBS5731IZ6,ATUUR8701X,505025804817,********4817,KKBK0CYR2P6,9606901331,easterntechnologies272272@example.com,"622, MG Road, Mumbai",622MGROADMUMBAI,ACTIVE,2026-02-09
V0273,United Enterprises 273,UNITEDENTERPRISES273,70BLAPA2233LZ9,HDJDK7593B,865449017573,********7573,SBIN0LGU0TB,9442664397,unitedenterprises273273@example.com,"164, MG Road, Chennai",164MGROADCHENNAI,ACTIVE,2024-05-08
V0274,Prime Industries 274,PRIMEINDUSTRIES274,41NJTNB2106TZ5,SNQRH2087E,825897279654,********9654,SBIN004PD8J,9403961932,primeindustries274274@example.com,"275, MG Road, Hyderabad",275MGROADHYDERABAD,ACTIVE,2024-07-10
V0275,Reliable Technologies 275,RELIABLETECHNOLOGIES275,77NXUTJ5519KZ3,MVBRA6082G,511876437859,********7859,ICIC083GSV5,9178807448,reliabletechnologies275275@example.com,"235, Market Street, Delhi",235MARKETSTREETDELHI,ACTIVE,2025-07-11
V0276,Global Solutions 276,GLOBALSOLUTIONS276,74MZZCY8775AZ1,XFAVP3458Q,064169040007,********0007,HDFC0INRZJK,9917406237,globalsolutions276276@example.com,"204, Industrial Area, Chennai",204INDUSTRIALAREACHENNAI,ACTIVE,2024-02-29
V0277,Prime Enterprises 277,PRIMEENTERPRISES277,30YPNBL3409WZ5,DNYBJ0729N,865122530191,********0191,AXIS080SD0P,9899808336,primeenterprises277277@example.com,"619, MG Road, Hyderabad",619MGROADHYDERABAD,ACTIVE,2025-01-30
V0278,National Services 278,NATIONALSERVICES278,72LOXQZ8291JZ9,ANLFH4658E,929723045416,********5416,AXIS0BIN0BY,9466035782,nationalservices278278@example.com,"467, MG Road, Delhi",467MGROADDELHI,ACTIVE,2024-01-17
V0279,Industrial Enterprises 279,INDUSTRIALENTERPRISES279,96RZLXH5339HZ3,ICANI6911G,776675372566,********2566,HDFC0G23KF8,9459469431,industrialenterprises279279@example.com,"597, Industrial Area, Pune",597INDUSTRIALAREAPUNE,INACTIVE,2024-02-01
V0280,Industrial Suppliers 280,INDUSTRIALSUPPLIERS280,12VZVXY8116TZ7,IOWDP3642Z,592636968565,********8565,KKBK0NNOC3A,9446611559,industrialsuppliers280280@example.com,"768, Industrial Area, Delhi",768INDUSTRIALAREADELHI,ACTIVE,2024-09-14
V0281,Metro Technologies 281,METROTECHNOLOGIES281,75LKXBB8750VZ4,VIZWB0562J,157828881706,********1706,KKBK0C0BOGW,9154417220,metrotechnologies281281@example.com,"274, Main Road, Chennai",274MAINROADCHENNAI,INACTIVE,2025-03-27
V0282,Industrial Solutions 282,INDUSTRIALSOLUTIONS282,90VXYZO9070QZ9,GZFLC1939G,098774110774,********0774,SBIN06OQ7QH,9996013248,industrialsolutions282282@example.com,"289, Main Road, Mumbai",289MAINROADMUMBAI,ACTIVE,2024-05-15
V0283,Industrial Traders 283,INDUSTRIALTRADERS283,75BVLHB4683RZ2,YXTMN9086P,120622098313,********8313,KKBK0TGWJ7P,9538764782,industrialtraders283283@example.com,"560, Market Street, Pune",560MARKETSTREETPUNE,ACTIVE,2026-06-16
V0284,Prime Technologies 284,PRIMETECHNOLOGIES284,25LSKYG4717LZ1,JDREF3603V,630279075746,********5746,SBIN0AM97YO,9106905334,primetechnologies284284@example.com,"528, Industrial Area, Chennai",528INDUSTRIALAREACHENNAI,ACTIVE,2025-07-24
V0285,Southern Solutions 285,SOUTHERNSOLUTIONS285,94VLSSG9626XZ9,OBCJQ5970U,462501803067,********3067,AXIS0D7ITQR,9591943067,southernsolutions285285@example.com,"792, Market Street, Mumbai",792MARKETSTREETMUMBAI,INACTIVE,2025-05-21
V0286,Southern Solutions 286,SOUTHERNSOLUTIONS286,78INKEQ2020LZ7,JQROA1257K,169571835477,********5477,SBIN0JGSQOF,9861296787,southernsolutions286286@example.com,"505, Main Road, Chennai",505MAINROADCHENNAI,ACTIVE,2026-06-06
V0287,Metro Solutions 287,METROSOLUTIONS287,31KPWFN7329QZ2,OKJYM2383T,426917791939,********1939,SBIN011KJAL,9688808951,metrosolutions287287@example.com,"984, MG Road, Delhi",984MGROADDELHI,ACTIVE,2025-06-18
V0288,Apex Solutions 288,APEXSOLUTIONS288,63MVNGL8092EZ2,HUCUE3596Q,033021822162,********2162,AXIS0UV41AM,9255748959,apexsolutions288288@example.com,"242, Market Street, Hyderabad",242MARKETSTREETHYDERABAD,INACTIVE,2025-03-02
V0289,Global Enterprises 289,GLOBALENTERPRISES289,56UISPE1999ZZ7,ZAYAB1365H,528175982674,********2674,HDFC08E5532,9800302651,globalenterprises289289@example.com,"885, Main Road, Pune",885MAINROADPUNE,ACTIVE,2024-10-17
V0290,United Enterprises 290,UNITEDENTERPRISES290,29TDVZS9290GZ3,SVCDV1686U,594489246496,********6496,SBIN0WC05SO,9425357476,unitedenterprises290290@example.com,"872, Main Road, Pune",872MAINROADPUNE,ACTIVE,2026-03-16
V0291,National Enterprises 291,NATIONALENTERPRISES291,68JRGCB8796FZ2,LFLSF5518A,295211501088,********1088,SBIN0GF86HO,9114380351,nationalenterprises291291@example.com,"492, Main Road, Delhi",492MAINROADDELHI,ACTIVE,2024-11-28
V0292,Apex Services 292,APEXSERVICES292,41YOGGV7671OZ8,AOLEI6579X,853921747413,********7413,HDFC0HZ3E88,9510691377,apexservices292292@example.com,"988, Industrial Area, Chennai",988INDUSTRIALAREACHENNAI,ACTIVE,2025-07-15
V0293,Metro Suppliers 293,METROSUPPLIERS293,95NEQKB8797GZ1,HHXQV8510F,748645846678,********6678,ICIC05U7D2X,9199760128,metrosuppliers293293@example.com,"39, MG Road, Delhi",39MGROADDELHI,ACTIVE,2024-02-28
V0294,Southern Technologies 294,SOUTHERNTECHNOLOGIES294,97YYKTD1761MZ7,CXBQA1375O,442509101121,********1121,ICIC0HW0BUP,9356488717,southerntechnologies294294@example.com,"202, MG Road, Chennai",202MGROADCHENNAI,ACTIVE,2024-06-29
V0295,Prime Industries 295,PRIMEINDUSTRIES295,99WZJJU8709WZ6,DSMAC9124L,661306912185,********2185,KKBK0LNL7HA,9987099431,primeindustries295295@example.com,"292, MG Road, Chennai",292MGROADCHENNAI,ACTIVE,2025-07-24
V0296,Industrial Enterprises 296,INDUSTRIALENTERPRISES296,50GWVRQ2722DZ1,QXKMX6383C,647045418591,********8591,SBIN0PY9NPG,9241824157,industrialenterprises296296@example.com,"62, Industrial Area, Chennai",62INDUSTRIALAREACHENNAI,ACTIVE,2024-02-09
V0297,Metro Industries 297,METROINDUSTRIES297,85ASZSM1042OZ4,IZVHZ9414D,242944000731,********0731,ICIC0AUGTTM,9442010168,metroindustries297297@example.com,"826, Main Road, Chennai",826MAINROADCHENNAI,ACTIVE,2025-09-13
V0298,Reliable Suppliers 298,RELIABLESUPPLIERS298,63LIIPT7056DZ5,ATGGT5856W,884130218002,********8002,SBIN0ULYZLG,9260565497,reliablesuppliers298298@example.com,"843, Main Road, Delhi",843MAINROADDELHI,INACTIVE,2025-10-16
V0299,Metro Services 299,METROSERVICES299,71OGVTL2655JZ2,ZLASX1496A,568352430220,********0220,ICIC0QS3TGD,9016086099,metroservices299299@example.com,"67, Industrial Area, Pune",67INDUSTRIALAREAPUNE,ACTIVE,2024-08-28
V0300,Apex Services 300,APEXSERVICES300,79YXHDT4835HZ8,ZJYOB0543V,804085526080,********6080,HDFC03GGUKO,9769548216,apexservices300300@example.com,"719, Main Road, Mumbai",719MAINROADMUMBAI,ACTIVE,2025-04-19
V0301,Reliable Solutions 301,RELIABLESOLUTIONS301,41EHXRO3319SZ7,EQXYS2632I,625219051445,********1445,KKBK0PJSFPF,9331952625,reliablesolutions301301@example.com,"966, Main Road, Bengaluru",966MAINROADBENGALURU,ACTIVE,2025-05-29
V0302,Southern Technologies 302,SOUTHERNTECHNOLOGIES302,64AVCBZ1892VZ3,ZWSCF7839B,555681249745,********9745,SBIN0LSO2Z6,9397426468,southerntechnologies302302@example.com,"798, Industrial Area, Delhi",798INDUSTRIALAREADELHI,ACTIVE,2024-10-07
V0303,Global Technologies 303,GLOBALTECHNOLOGIES303,79YSWMO0025DZ4,VQXQY5658H,847890575550,********5550,KKBK0OWP7NL,9803236167,globaltechnologies303303@example.com,"581, Main Road, Pune",581MAINROADPUNE,ACTIVE,2024-02-29
V0304,Industrial Enterprises 304,INDUSTRIALENTERPRISES304,92DNGJB4056JZ3,HZGBX9629R,014472575342,********5342,KKBK0PRB2JA,9734373857,industrialenterprises304304@example.com,"253, Main Road, Bengaluru",253MAINROADBENGALURU,ACTIVE,2026-02-25
V0305,Apex Suppliers 305,APEXSUPPLIERS305,52PJYAY4811FZ8,LWSMK7631F,183787814703,********4703,SBIN0ZDN9S8,9553079045,apexsuppliers305305@example.com,"197, MG Road, Pune",197MGROADPUNE,INACTIVE,2025-05-07
V0306,Industrial Solutions 306,INDUSTRIALSOLUTIONS306,64BSXBN2742LZ7,WNLJV1991E,159470849421,********9421,HDFC0YZILJ2,9920926247,industrialsolutions306306@example.com,"131, Industrial Area, Hyderabad",131INDUSTRIALAREAHYDERABAD,ACTIVE,2026-05-15
V0307,Prime Industries 307,PRIMEINDUSTRIES307,60TGHQT4085MZ3,VXJAO8079B,992577497949,********7949,SBIN0LWBV2I,9751628808,primeindustries307307@example.com,"144, Industrial Area, Mumbai",144INDUSTRIALAREAMUMBAI,ACTIVE,2025-06-11
V0308,Prime Services 308,PRIMESERVICES308,36VWRMQ4716UZ6,GPDLN6878S,429831299248,********9248,KKBK0PVSF5Y,9093514241,primeservices308308@example.com,"894, Main Road, Pune",894MAINROADPUNE,INACTIVE,2024-08-26
V0309,Global Technologies 309,GLOBALTECHNOLOGIES309,94OAXEW2189WZ9,YEDVA2806M,229865125199,********5199,AXIS0PE6SWY,9584300237,globaltechnologies309309@example.com,"92, Main Road, Bengaluru",92MAINROADBENGALURU,ACTIVE,2024-03-04
V0310,Metro Solutions 310,METROSOLUTIONS310,85IRCAT9479AZ6,VHITJ8390N,295772775134,********5134,AXIS0PDAX6K,9008922851,metrosolutions310310@example.com,"297, Market Street, Bengaluru",297MARKETSTREETBENGALURU,ACTIVE,2026-03-01
V0311,Southern Traders 311,SOUTHERNTRADERS311,77GLOXO4964TZ2,JJPEL0436H,774521556167,********6167,ICIC0ADPZ9Q,9955833087,southerntraders311311@example.com,"43, MG Road, Delhi",43MGROADDELHI,ACTIVE,2024-05-22
V0312,Prime Technologies 312,PRIMETECHNOLOGIES312,92OHPPY4119KZ9,PLVWX2721R,591420743105,********3105,SBIN0YN4BPS,9051840590,primetechnologies312312@example.com,"473, Market Street, Delhi",473MARKETSTREETDELHI,INACTIVE,2024-08-12
V0313,Apex Traders 313,APEXTRADERS313,72NYVER7214MZ9,YUJMB3569C,182895968820,********8820,HDFC0U9V45D,9801087287,apextraders313313@example.com,"282, MG Road, Pune",282MGROADPUNE,ACTIVE,2026-04-20
V0314,Southern Suppliers 314,SOUTHERNSUPPLIERS314,51SFQUN4528LZ3,PHMDV0679P,485604986853,********6853,ICIC023C60C,9203562142,southernsuppliers314314@example.com,"205, MG Road, Hyderabad",205MGROADHYDERABAD,ACTIVE,2025-03-24
V0315,United Solutions 315,UNITEDSOLUTIONS315,48YNOZI2976JZ7,XOIBV9734K,815425041599,********1599,SBIN0C8FU0A,9099306309,unitedsolutions315315@example.com,"783, Industrial Area, Delhi",783INDUSTRIALAREADELHI,ACTIVE,2024-08-27
V0316,Prime Industries 316,PRIMEINDUSTRIES316,89JGVYS0100EZ3,LIUOW0148B,909032960710,********0710,HDFC0LM576M,9765483408,primeindustries316316@example.com,"103, Main Road, Chennai",103MAINROADCHENNAI,ACTIVE,2026-02-22
V0317,Industrial Services 317,INDUSTRIALSERVICES317,96QZUAR5039GZ7,BPZHB2602U,503766968092,********8092,SBIN05WGTM1,9963030449,industrialservices317317@example.com,"196, Industrial Area, Pune",196INDUSTRIALAREAPUNE,ACTIVE,2025-10-21
V0318,Global Traders 318,GLOBALTRADERS318,94FWHSZ8034YZ3,IAEJA4931M,057406242679,********2679,ICIC0KQJUWX,9572230075,globaltraders318318@example.com,"585, Main Road, Chennai",585MAINROADCHENNAI,INACTIVE,2026-05-09
V0319,Global Enterprises 319,GLOBALENTERPRISES319,46XIZXI8575KZ3,CPPLE0926F,759521903219,********3219,HDFC05FNSCQ,9405040317,globalenterprises319319@example.com,"251, MG Road, Bengaluru",251MGROADBENGALURU,ACTIVE,2024-07-04
V0320,Metro Traders 320,METROTRADERS320,23UNFJO0537WZ8,ERJNS7794Y,666095154030,********4030,KKBK04C9VF6,9415388691,metrotraders320320@example.com,"718, Industrial Area, Hyderabad",718INDUSTRIALAREAHYDERABAD,INACTIVE,2024-06-15
V0321,Global Industries 321,GLOBALINDUSTRIES321,77TBZYP7767XZ1,DQZHS1814L,219919002967,********2967,ICIC0ZDNG61,9548430907,globalindustries321321@example.com,"182, Industrial Area, Chennai",182INDUSTRIALAREACHENNAI,ACTIVE,2026-04-28
V0322,Industrial Traders 322,INDUSTRIALTRADERS322,70HWBYP9290HZ9,VBKEO8214Q,905100154867,********4867,HDFC0NUN446,9478379053,industrialtraders322322@example.com,"471, Market Street, Pune",471MARKETSTREETPUNE,ACTIVE,2024-03-02
V0323,United Solutions 323,UNITEDSOLUTIONS323,68EWKLV0927VZ3,XTYOI6155B,644966124063,********4063,KKBK008VYDW,9467976532,unitedsolutions323323@example.com,"294, Market Street, Delhi",294MARKETSTREETDELHI,ACTIVE,2026-04-04
V0324,Metro Suppliers 324,METROSUPPLIERS324,56WNKJS3479SZ5,MUKSS9799K,913052228820,********8820,ICIC0MINQ4O,9955902203,metrosuppliers324324@example.com,"738, Market Street, Pune",738MARKETSTREETPUNE,ACTIVE,2024-01-23
V0325,Eastern Services 325,EASTERNSERVICES325,48VEWGL9137DZ5,EDVBR2517F,386958131733,********1733,AXIS03KLLZC,9527296056,easternservices325325@example.com,"931, MG Road, Chennai",931MGROADCHENNAI,ACTIVE,2025-05-22
V0326,Eastern Technologies 326,EASTERNTECHNOLOGIES326,74UGVQR0461UZ1,RKITD9414V,907495328671,********8671,SBIN0OHAKC3,9963145093,easterntechnologies326326@example.com,"365, Industrial Area, Mumbai",365INDUSTRIALAREAMUMBAI,ACTIVE,2024-02-07
V0327,Global Suppliers 327,GLOBALSUPPLIERS327,60NQCZX1163EZ9,UESPE7873X,133691039619,********9619,SBIN08M6XHI,9167461560,globalsuppliers327327@example.com,"496, Industrial Area, Bengaluru",496INDUSTRIALAREABENGALURU,ACTIVE,2026-05-23
V0328,Industrial Services 328,INDUSTRIALSERVICES328,25TUVFB0133RZ4,XOOZS9476W,224594009016,********9016,SBIN0TJOHPJ,9199991170,industrialservices328328@example.com,"711, Industrial Area, Delhi",711INDUSTRIALAREADELHI,ACTIVE,2026-02-11
V0329,Southern Enterprises 329,SOUTHERNENTERPRISES329,89ZIJBK8678HZ2,WCBKU2806H,567189617301,********7301,KKBK081XLAX,9234076284,southernenterprises329329@example.com,"260, Industrial Area, Delhi",260INDUSTRIALAREADELHI,ACTIVE,2025-01-30
V0330,Prime Enterprises 330,PRIMEENTERPRISES330,53IHORO3954PZ6,UBUVA1960U,035796347059,********7059,AXIS0D0DL7U,9749456455,primeenterprises330330@example.com,"749, Market Street, Pune",749MARKETSTREETPUNE,ACTIVE,2024-03-16
V0331,National Traders 331,NATIONALTRADERS331,79KGQFQ5962TZ2,QJIAN7532E,067166096954,********6954,HDFC0FVMAM3,9226720019,nationaltraders331331@example.com,"503, Main Road, Mumbai",503MAINROADMUMBAI,INACTIVE,2025-02-09
V0332,United Enterprises 332,UNITEDENTERPRISES332,14AGIFF5324FZ8,LCQQD6226S,455980833608,********3608,AXIS0ZGMFFO,9229869655,unitedenterprises332332@example.com,"558, Main Road, Pune",558MAINROADPUNE,ACTIVE,2025-09-18
V0333,Reliable Enterprises 333,RELIABLEENTERPRISES333,25KYPTG7824HZ5,WGNRR5103N,629789227773,********7773,ICIC0VR79YT,9758221085,reliableenterprises333333@example.com,"945, Market Street, Pune",945MARKETSTREETPUNE,ACTIVE,2024-03-03
V0334,National Industries 334,NATIONALINDUSTRIES334,11BHLHY1658EZ6,CUFWI3373K,438327438170,********8170,KKBK0MYQA78,9052075163,nationalindustries334334@example.com,"882, Main Road, Hyderabad",882MAINROADHYDERABAD,ACTIVE,2024-03-27
V0335,Prime Suppliers 335,PRIMESUPPLIERS335,93CHRSK7667RZ1,AUZQS8527B,821816181414,********1414,ICIC05XX9PK,9410231573,primesuppliers335335@example.com,"957, Market Street, Hyderabad",957MARKETSTREETHYDERABAD,ACTIVE,2024-06-16
V0336,National Technologies 336,NATIONALTECHNOLOGIES336,27IOCFA0144XZ2,RLLYA8146Y,317777119621,********9621,SBIN0I0GXHC,9997524227,nationaltechnologies336336@example.com,"573, Market Street, Pune",573MARKETSTREETPUNE,ACTIVE,2024-02-17
V0337,National Solutions 337,NATIONALSOLUTIONS337,17LWKVR5798PZ8,IGCUP8903R,978790411728,********1728,ICIC0T7FYWM,9801585637,nationalsolutions337337@example.com,"304, Main Road, Hyderabad",304MAINROADHYDERABAD,ACTIVE,2025-12-30
V0338,United Solutions 338,UNITEDSOLUTIONS338,99JRKXP6884BZ8,HAQFD1966F,464701100590,********0590,KKBK0L51RGF,9432241321,unitedsolutions338338@example.com,"743, Industrial Area, Mumbai",743INDUSTRIALAREAMUMBAI,INACTIVE,2024-06-29
V0339,Reliable Services 339,RELIABLESERVICES339,12HVMPX0480LZ7,TRBTI7427F,839970519249,********9249,AXIS0PXF50O,9244319500,reliableservices339339@example.com,"329, Market Street, Chennai",329MARKETSTREETCHENNAI,INACTIVE,2024-12-23
V0340,Eastern Industries 340,EASTERNINDUSTRIES340,95SKLMS1487VZ3,BJIGN6502D,659120997213,********7213,ICIC0X1BJT4,9718080873,easternindustries340340@example.com,"146, Industrial Area, Hyderabad",146INDUSTRIALAREAHYDERABAD,ACTIVE,2025-06-07
V0341,Prime Services 341,PRIMESERVICES341,27VRBKO5945HZ6,NUYQH8771N,559207135033,********5033,ICIC0HXEF73,9110601229,primeservices341341@example.com,"382, Industrial Area, Pune",382INDUSTRIALAREAPUNE,ACTIVE,2026-01-20
V0342,Industrial Solutions 342,INDUSTRIALSOLUTIONS342,80AFLKT7703GZ3,OFKWA6312Q,461755655651,********5651,ICIC0TAMY74,9665603614,industrialsolutions342342@example.com,"940, MG Road, Hyderabad",940MGROADHYDERABAD,INACTIVE,2024-09-06
V0343,Metro Suppliers 343,METROSUPPLIERS343,61ELGOZ1916ZZ3,FFPCO5931X,637924903165,********3165,KKBK00CRZ17,9094364635,metrosuppliers343343@example.com,"865, Industrial Area, Chennai",865INDUSTRIALAREACHENNAI,ACTIVE,2025-10-12
V0344,Eastern Solutions 344,EASTERNSOLUTIONS344,79SJMTA7773WZ7,NTPJV1435S,764444519486,********9486,ICIC0MIJPW1,9785646164,easternsolutions344344@example.com,"103, Market Street, Mumbai",103MARKETSTREETMUMBAI,ACTIVE,2024-03-05
V0345,Industrial Solutions 345,INDUSTRIALSOLUTIONS345,34UUWCM2493MZ9,VCJUN2371U,007464568229,********8229,KKBK035LG49,9114326081,industrialsolutions345345@example.com,"634, Main Road, Pune",634MAINROADPUNE,ACTIVE,2025-01-02
V0346,Eastern Industries 346,EASTERNINDUSTRIES346,23OKWAY4300BZ6,STKPW5609L,555883385672,********5672,AXIS0KU1GPT,9894554701,easternindustries346346@example.com,"789, Industrial Area, Hyderabad",789INDUSTRIALAREAHYDERABAD,INACTIVE,2024-06-14
V0347,Reliable Services 347,RELIABLESERVICES347,71HIKXK9193ZZ3,DXPLM3419F,174812939150,********9150,HDFC0VLHWXP,9044356356,reliableservices347347@example.com,"823, MG Road, Hyderabad",823MGROADHYDERABAD,ACTIVE,2024-06-23
V0348,Prime Technologies 348,PRIMETECHNOLOGIES348,60DECWY7271OZ8,EUNOG3365F,208927218807,********8807,ICIC0VKYMZL,9493300308,primetechnologies348348@example.com,"844, Industrial Area, Chennai",844INDUSTRIALAREACHENNAI,ACTIVE,2025-01-06
V0349,United Solutions 349,UNITEDSOLUTIONS349,69DPSZL2860HZ8,NAFNK8028Q,422327287828,********7828,KKBK09PBRTG,9907440843,unitedsolutions349349@example.com,"95, Market Street, Pune",95MARKETSTREETPUNE,ACTIVE,2024-11-16
V0350,National Industries 350,NATIONALINDUSTRIES350,47HJCMT9539JZ4,FKPOX6493T,369748515144,********5144,KKBK0U2YETT,9455297175,nationalindustries350350@example.com,"456, Market Street, Pune",456MARKETSTREETPUNE,INACTIVE,2025-11-10
V0351,Eastern Enterprises 351,EASTERNENTERPRISES351,57VXISJ5978BZ3,DLPTP8888J,637556986431,********6431,KKBK0TX6QCA,9352998772,easternenterprises351351@example.com,"927, Market Street, Mumbai",927MARKETSTREETMUMBAI,INACTIVE,2026-02-17
V0352,National Solutions 352,NATIONALSOLUTIONS352,20HXOXA7688SZ3,VLPJD8952Z,120534575698,********5698,SBIN0D3LS11,9477616071,nationalsolutions352352@example.com,"401, MG Road, Hyderabad",401MGROADHYDERABAD,ACTIVE,2026-03-17
V0353,Southern Industries 353,SOUTHERNINDUSTRIES353,22WSBIW2720KZ9,MJKXC6555G,154183245635,********5635,SBIN0IWZWT9,9984394268,southernindustries353353@example.com,"11, Industrial Area, Chennai",11INDUSTRIALAREACHENNAI,INACTIVE,2024-09-02
V0354,Southern Traders 354,SOUTHERNTRADERS354,30OKTJA9253IZ5,BSKAC9496G,381236015244,********5244,SBIN0T37OJ9,9906519014,southerntraders354354@example.com,"582, Industrial Area, Delhi",582INDUSTRIALAREADELHI,INACTIVE,2024-05-17
V0355,Eastern Technologies 355,EASTERNTECHNOLOGIES355,98TXWQR0157IZ9,LHIYC7875O,221723204744,********4744,ICIC04EJHXP,9551138278,easterntechnologies355355@example.com,"105, Market Street, Bengaluru",105MARKETSTREETBENGALURU,ACTIVE,2024-11-08
V0356,Metro Solutions 356,METROSOLUTIONS356,11PQCYF8891EZ7,DGEBG6188T,454792247480,********7480,HDFC00MQA1C,9066825137,metrosolutions356356@example.com,"516, MG Road, Chennai",516MGROADCHENNAI,ACTIVE,2024-03-01
V0357,Southern Traders 357,SOUTHERNTRADERS357,62FECMH1228UZ4,ECNQA3503B,991290751329,********1329,AXIS0ATQXC7,9703738703,southerntraders357357@example.com,"732, Market Street, Hyderabad",732MARKETSTREETHYDERABAD,INACTIVE,2025-07-10
V0358,Southern Industries 358,SOUTHERNINDUSTRIES358,14RECFV5740MZ8,DDUGW7241P,430419507241,********7241,HDFC0UT9C4Q,9349123891,southernindustries358358@example.com,"11, Market Street, Pune",11MARKETSTREETPUNE,ACTIVE,2024-05-27
V0359,Prime Services 359,PRIMESERVICES359,70WJARK6321NZ2,QPHOZ6236S,325717975387,********5387,KKBK0MNEDYL,9958148977,primeservices359359@example.com,"407, MG Road, Mumbai",407MGROADMUMBAI,INACTIVE,2024-09-18
V0360,Industrial Solutions 360,INDUSTRIALSOLUTIONS360,82CAHWD4047YZ9,YTYFP7113H,230053252850,********2850,SBIN0TSJ8BF,9294217001,industrialsolutions360360@example.com,"439, Main Road, Mumbai",439MAINROADMUMBAI,INACTIVE,2025-12-03
V0361,National Technologies 361,NATIONALTECHNOLOGIES361,10ANTOC2405CZ7,OTDGR2486Y,022005227421,********7421,KKBK000WNT0,9399985422,nationaltechnologies361361@example.com,"15, Market Street, Delhi",15MARKETSTREETDELHI,ACTIVE,2024-01-24
V0362,Southern Technologies 362,SOUTHERNTECHNOLOGIES362,98GNTZI9128AZ2,JIGKA3962S,248724950066,********0066,SBIN05PFBCE,9878750596,southerntechnologies362362@example.com,"862, Market Street, Bengaluru",862MARKETSTREETBENGALURU,INACTIVE,2025-09-02
V0363,United Industries 363,UNITEDINDUSTRIES363,38ILACQ9517DZ9,DKBEQ3528M,038469473941,********3941,HDFC05CVHJO,9012100892,unitedindustries363363@example.com,"153, Main Road, Mumbai",153MAINROADMUMBAI,ACTIVE,2025-08-04
V0364,Reliable Industries 364,RELIABLEINDUSTRIES364,43ISZHE1498JZ7,VAQIA4762X,099707439779,********9779,SBIN0RFIUPR,9419771493,reliableindustries364364@example.com,"360, MG Road, Mumbai",360MGROADMUMBAI,ACTIVE,2025-06-05
V0365,Reliable Technologies 365,RELIABLETECHNOLOGIES365,44UHMCE0204DZ9,HOZZD3220X,979820988455,********8455,AXIS051T8FM,9686712703,reliabletechnologies365365@example.com,"429, Main Road, Delhi",429MAINROADDELHI,ACTIVE,2026-03-31
V0366,United Services 366,UNITEDSERVICES366,46NWUSN2859MZ5,WAWVZ1183V,174155406226,********6226,SBIN0C0IBZB,9694821765,unitedservices366366@example.com,"839, MG Road, Hyderabad",839MGROADHYDERABAD,ACTIVE,2024-02-29
V0367,Metro Suppliers 367,METROSUPPLIERS367,40CRTPM6471UZ7,WEZJS9972S,555690800298,********0298,SBIN04W3LNA,9124257095,metrosuppliers367367@example.com,"64, Industrial Area, Hyderabad",64INDUSTRIALAREAHYDERABAD,INACTIVE,2025-06-19
V0368,Global Traders 368,GLOBALTRADERS368,96PTQJM7548BZ8,WOCXE2075Z,774910616918,********6918,SBIN0Q8BGJ5,9172319157,globaltraders368368@example.com,"141, Main Road, Chennai",141MAINROADCHENNAI,INACTIVE,2025-09-08
V0369,Reliable Solutions 369,RELIABLESOLUTIONS369,28CBDKH1040GZ6,BYVNG7227D,343460615996,********5996,KKBK0THETKC,9031480080,reliablesolutions369369@example.com,"361, Main Road, Delhi",361MAINROADDELHI,ACTIVE,2025-01-12
V0370,Prime Traders 370,PRIMETRADERS370,25WHMGZ4854DZ6,MOITW1799K,532726982503,********2503,HDFC0EV1RDN,9186784231,primetraders370370@example.com,"488, Market Street, Bengaluru",488MARKETSTREETBENGALURU,ACTIVE,2025-03-21
V0371,Apex Technologies 371,APEXTECHNOLOGIES371,92TMSFM3201OZ5,VVNIL1053Y,400140513265,********3265,AXIS0YOFQT4,9944148619,apextechnologies371371@example.com,"287, Main Road, Pune",287MAINROADPUNE,ACTIVE,2024-12-12
V0372,Metro Services 372,METROSERVICES372,76ZPGBI3207VZ9,YPDFK0954I,416257864602,********4602,HDFC0LY0OCR,9547318582,metroservices372372@example.com,"562, Main Road, Pune",562MAINROADPUNE,ACTIVE,2024-05-30
V0373,National Traders 373,NATIONALTRADERS373,72LDMKB2651IZ9,KOAEC4528F,842019117886,********7886,ICIC0BGO8UT,9092628058,nationaltraders373373@example.com,"216, Main Road, Bengaluru",216MAINROADBENGALURU,INACTIVE,2025-04-20
V0374,Global Suppliers 374,GLOBALSUPPLIERS374,58PWWLO7425RZ4,YAKYG1378R,947869211819,********1819,SBIN0DV0IQF,9718158262,globalsuppliers374374@example.com,"826, MG Road, Pune",826MGROADPUNE,INACTIVE,2024-03-01
V0375,National Technologies 375,NATIONALTECHNOLOGIES375,10NOHAT9780BZ9,ASCYV5179Y,331853952750,********2750,SBIN05IBJUB,9283120130,nationaltechnologies375375@example.com,"441, Main Road, Pune",441MAINROADPUNE,ACTIVE,2025-10-29
V0376,Apex Enterprises 376,APEXENTERPRISES376,36QTGWH2951ZZ9,AOTZF1922F,679276085882,********5882,KKBK0C21O6W,9691241433,apexenterprises376376@example.com,"874, MG Road, Hyderabad",874MGROADHYDERABAD,ACTIVE,2024-03-08
V0377,Global Traders 377,GLOBALTRADERS377,26YWHIR5921EZ1,XLLTA5175I,024675147037,********7037,SBIN05JGZCY,9833271512,globaltraders377377@example.com,"187, Market Street, Bengaluru",187MARKETSTREETBENGALURU,ACTIVE,2025-06-13
V0378,Industrial Traders 378,INDUSTRIALTRADERS378,51SOCEY0740PZ7,VFFGE5533T,149378105727,********5727,HDFC0FQTKPC,9567351717,industrialtraders378378@example.com,"940, Main Road, Bengaluru",940MAINROADBENGALURU,INACTIVE,2025-12-28
V0379,Industrial Suppliers 379,INDUSTRIALSUPPLIERS379,60EEEJT5379MZ3,TZLOE7860F,724673986337,********6337,ICIC0IJKUV2,9663841328,industrialsuppliers379379@example.com,"415, Industrial Area, Hyderabad",415INDUSTRIALAREAHYDERABAD,ACTIVE,2026-04-27
V0380,Global Solutions 380,GLOBALSOLUTIONS380,32DHMCP3009QZ3,LRIHC6484N,142076075275,********5275,ICIC0OHS7AU,9212086862,globalsolutions380380@example.com,"370, Main Road, Mumbai",370MAINROADMUMBAI,ACTIVE,2026-03-16
V0381,Reliable Industries 381,RELIABLEINDUSTRIES381,94XNMKX0822JZ3,QBHLB3354C,792973281744,********1744,AXIS0WUGZBG,9542271243,reliableindustries381381@example.com,"13, Market Street, Delhi",13MARKETSTREETDELHI,ACTIVE,2025-05-28
V0382,Reliable Solutions 382,RELIABLESOLUTIONS382,35NTGQZ0353KZ8,TGCSG7680Y,703257374524,********4524,ICIC0RCYBRX,9402592207,reliablesolutions382382@example.com,"262, Main Road, Chennai",262MAINROADCHENNAI,ACTIVE,2025-07-09
V0383,Industrial Technologies 383,INDUSTRIALTECHNOLOGIES383,21NVTOY1465DZ1,UIBLV5093Y,244632589068,********9068,AXIS0B6IIJP,9523660478,industrialtechnologies383383@example.com,"668, Market Street, Pune",668MARKETSTREETPUNE,ACTIVE,2025-07-15
V0384,National Suppliers 384,NATIONALSUPPLIERS384,96PVKTO2615TZ9,TZAVU6886S,489676746427,********6427,ICIC0FEQJ4P,9708644287,nationalsuppliers384384@example.com,"753, Industrial Area, Pune",753INDUSTRIALAREAPUNE,INACTIVE,2026-02-20
V0385,National Solutions 385,NATIONALSOLUTIONS385,99IWFUM4904JZ5,EPEFS5928V,185756655111,********5111,ICIC08K9VAK,9764031684,nationalsolutions385385@example.com,"954, MG Road, Pune",954MGROADPUNE,ACTIVE,2025-01-11
V0386,United Solutions 386,UNITEDSOLUTIONS386,24KNYKJ6663UZ9,PTXBJ8857E,297278676807,********6807,KKBK0DA71EB,9516082555,unitedsolutions386386@example.com,"544, Industrial Area, Delhi",544INDUSTRIALAREADELHI,ACTIVE,2025-04-10
V0387,National Traders 387,NATIONALTRADERS387,84ZYEQQ0409VZ2,SWKCU4155A,956788396015,********6015,ICIC0WQW29P,9682283663,nationaltraders387387@example.com,"154, Industrial Area, Chennai",154INDUSTRIALAREACHENNAI,INACTIVE,2024-01-07
V0388,Prime Suppliers 388,PRIMESUPPLIERS388,80XOKVS2370YZ5,GIVXI3272Y,911825591230,********1230,HDFC0Z322KA,9247885185,primesuppliers388388@example.com,"12, Market Street, Bengaluru",12MARKETSTREETBENGALURU,INACTIVE,2024-09-11
V0389,Eastern Enterprises 389,EASTERNENTERPRISES389,49OMXXX1026MZ3,EKQAK0495F,111438665203,********5203,ICIC06N968X,9196952778,easternenterprises389389@example.com,"284, Main Road, Pune",284MAINROADPUNE,INACTIVE,2025-07-23
V0390,Eastern Traders 390,EASTERNTRADERS390,51FNETC9408JZ5,BZSYD6707X,637012158262,********8262,ICIC0450UHE,9284165155,easterntraders390390@example.com,"728, Main Road, Pune",728MAINROADPUNE,ACTIVE,2026-05-02
V0391,Reliable Enterprises 391,RELIABLEENTERPRISES391,23QGXKX5979BZ6,KDAMJ6064Q,939601325446,********5446,AXIS0U9F16X,9780294112,reliableenterprises391391@example.com,"164, Industrial Area, Delhi",164INDUSTRIALAREADELHI,ACTIVE,2025-11-03
V0392,Metro Traders 392,METROTRADERS392,15DIQVP0142BZ4,HEHZH4502N,004114904771,********4771,HDFC0P8OEI9,9986437676,metrotraders392392@example.com,"677, Market Street, Pune",677MARKETSTREETPUNE,ACTIVE,2024-04-01
V0393,Industrial Services 393,INDUSTRIALSERVICES393,22IVGSQ6269BZ8,VAHPX8733R,503126075350,********5350,SBIN099I7ZF,9056531972,industrialservices393393@example.com,"245, Industrial Area, Chennai",245INDUSTRIALAREACHENNAI,ACTIVE,2026-04-20
V0394,Eastern Solutions 394,EASTERNSOLUTIONS394,86FFGSD0192AZ9,XXTVM5959B,976503160924,********0924,KKBK0G9ZVWT,9768220698,easternsolutions394394@example.com,"409, Market Street, Bengaluru",409MARKETSTREETBENGALURU,INACTIVE,2024-04-12
V0395,Prime Enterprises 395,PRIMEENTERPRISES395,28AFXRM9324WZ1,WRRDQ1403C,301311542469,********2469,KKBK0U0UP22,9914275939,primeenterprises395395@example.com,"551, Market Street, Chennai",551MARKETSTREETCHENNAI,ACTIVE,2026-02-06
V0396,Reliable Industries 396,RELIABLEINDUSTRIES396,65VJDNQ6486SZ2,AFBDE8203A,145423438303,********8303,KKBK0JFH71U,9638589065,reliableindustries396396@example.com,"758, Market Street, Hyderabad",758MARKETSTREETHYDERABAD,ACTIVE,2024-05-16
V0397,Industrial Enterprises 397,INDUSTRIALENTERPRISES397,21DAOSP3328JZ6,KKWPR1443N,622690256692,********6692,AXIS0A8O34L,9442814901,industrialenterprises397397@example.com,"940, Main Road, Delhi",940MAINROADDELHI,ACTIVE,2025-01-09
V0398,Eastern Enterprises 398,EASTERNENTERPRISES398,57DGBGI4279XZ6,FRIYX5345X,960279483055,********3055,HDFC017WTP0,9375431287,easternenterprises398398@example.com,"28, MG Road, Delhi",28MGROADDELHI,INACTIVE,2024-09-27
V0399,Eastern Traders 399,EASTERNTRADERS399,82EAJMF8176GZ3,FZKGE5121M,601274475206,********5206,AXIS0N4XJP7,9672531160,easterntraders399399@example.com,"406, MG Road, Delhi",406MGROADDELHI,ACTIVE,2024-09-14
V0400,Global Industries 400,GLOBALINDUSTRIES400,51WIGIX0935TZ2,FYDAV7921Y,712194051674,********1674,AXIS090FEQQ,9208599424,globalindustries400400@example.com,"434, Industrial Area, Mumbai",434INDUSTRIALAREAMUMBAI,INACTIVE,2024-01-04
V0401,Metro Solutions 401,METROSOLUTIONS401,16DMAQL7314EZ6,OAYVA0715L,306153608672,********8672,AXIS05280KQ,9345199654,metrosolutions401401@example.com,"371, MG Road, Mumbai",371MGROADMUMBAI,ACTIVE,2026-05-12
V0402,Southern Technologies 402,SOUTHERNTECHNOLOGIES402,65HDTZG3115WZ9,UBWCQ5320C,950788027614,********7614,ICIC0YPZ7F6,9897341863,southerntechnologies402402@example.com,"80, Market Street, Chennai",80MARKETSTREETCHENNAI,INACTIVE,2026-02-03
V0403,Eastern Services 403,EASTERNSERVICES403,16JCTSG6449TZ9,ZZKTI4427M,759146606923,********6923,ICIC05T844Q,9280551040,easternservices403403@example.com,"504, MG Road, Chennai",504MGROADCHENNAI,INACTIVE,2024-11-26
V0404,Apex Enterprises 404,APEXENTERPRISES404,70LABNI7451VZ1,JKJIE8827S,593653378391,********8391,KKBK0RKF4HT,9990788874,apexenterprises404404@example.com,"751, Main Road, Bengaluru",751MAINROADBENGALURU,ACTIVE,2025-02-22
V0405,Metro Industries 405,METROINDUSTRIES405,45TFRAU6844SZ8,DHZOC3652B,126006757297,********7297,AXIS0H1NYKS,9954622038,metroindustries405405@example.com,"904, Market Street, Delhi",904MARKETSTREETDELHI,ACTIVE,2024-05-23
V0406,Reliable Industries 406,RELIABLEINDUSTRIES406,69EIBCT6454TZ6,YCINL2951A,188893591568,********1568,KKBK0S04LX5,9682516294,reliableindustries406406@example.com,"173, Market Street, Delhi",173MARKETSTREETDELHI,ACTIVE,2026-01-09
V0407,Eastern Traders 407,EASTERNTRADERS407,97CCVYU0517MZ6,VOKOV9924E,482509104829,********4829,ICIC0XEW8AF,9148077932,easterntraders407407@example.com,"734, Market Street, Mumbai",734MARKETSTREETMUMBAI,INACTIVE,2024-02-26
V0408,Eastern Enterprises 408,EASTERNENTERPRISES408,15VTMBP3653QZ7,EVFGN4589V,570743259856,********9856,AXIS0OFVYG7,9766308515,easternenterprises408408@example.com,"830, Main Road, Pune",830MAINROADPUNE,INACTIVE,2026-05-17
V0409,Prime Solutions 409,PRIMESOLUTIONS409,81DOXFX5943OZ1,GIKIN4572G,649379014141,********4141,SBIN0MQ2P01,9868136674,primesolutions409409@example.com,"786, Industrial Area, Hyderabad",786INDUSTRIALAREAHYDERABAD,ACTIVE,2025-01-01
V0410,National Services 410,NATIONALSERVICES410,71YQSTY9781RZ8,CQKYN0068O,682282395100,********5100,KKBK0QB5I92,9635295299,nationalservices410410@example.com,"96, Main Road, Chennai",96MAINROADCHENNAI,INACTIVE,2026-01-13
V0411,Reliable Enterprises 411,RELIABLEENTERPRISES411,86XRRGN9720SZ2,IJSHE8233X,496475215449,********5449,SBIN0CM0TU2,9042234211,reliableenterprises411411@example.com,"834, MG Road, Hyderabad",834MGROADHYDERABAD,ACTIVE,2025-07-11
V0412,United Services 412,UNITEDSERVICES412,92VHZFT8638WZ5,VFMLA9571M,796443980645,********0645,SBIN0X981BF,9969756381,unitedservices412412@example.com,"85, Main Road, Delhi",85MAINROADDELHI,ACTIVE,2025-03-01
V0413,Reliable Traders 413,RELIABLETRADERS413,26DSFPO0979RZ4,XMQAM4013M,794909792891,********2891,HDFC0JAFI4C,9333818813,reliabletraders413413@example.com,"471, MG Road, Chennai",471MGROADCHENNAI,INACTIVE,2026-02-08
V0414,National Traders 414,NATIONALTRADERS414,43VHBFW7839XZ6,ISZVU2268M,577686376448,********6448,AXIS0FTTUK1,9909276345,nationaltraders414414@example.com,"224, MG Road, Chennai",224MGROADCHENNAI,ACTIVE,2024-06-01
V0415,Apex Industries 415,APEXINDUSTRIES415,65LNBNJ0064HZ2,IPIYG4511Z,745530800324,********0324,HDFC0RTTDWO,9541784581,apexindustries415415@example.com,"118, Market Street, Bengaluru",118MARKETSTREETBENGALURU,INACTIVE,2026-04-21
V0416,Southern Services 416,SOUTHERNSERVICES416,52XAIVE7070NZ8,AIGTO0948G,091700109436,********9436,KKBK0FEEB9I,9916036066,southernservices416416@example.com,"203, Industrial Area, Bengaluru",203INDUSTRIALAREABENGALURU,ACTIVE,2026-05-20
V0417,Prime Industries 417,PRIMEINDUSTRIES417,52VKHDH5286NZ1,EPLFE0892Y,525163591225,********1225,AXIS0WR63JU,9636838069,primeindustries417417@example.com,"777, Industrial Area, Delhi",777INDUSTRIALAREADELHI,INACTIVE,2025-01-14
V0418,Apex Solutions 418,APEXSOLUTIONS418,38GWSEW7993XZ6,RIOSS4785K,489326094149,********4149,ICIC0FH61N7,9114146997,apexsolutions418418@example.com,"868, MG Road, Delhi",868MGROADDELHI,ACTIVE,2024-11-27
V0419,United Suppliers 419,UNITEDSUPPLIERS419,79UCCWR5185GZ8,CGMFD0677D,554607352466,********2466,SBIN0TPRTZU,9175199317,unitedsuppliers419419@example.com,"963, Market Street, Pune",963MARKETSTREETPUNE,INACTIVE,2025-02-10
V0420,National Enterprises 420,NATIONALENTERPRISES420,85QHFVG8061NZ7,SOCKZ0652H,796373491119,********1119,KKBK0DDOG2U,9172670712,nationalenterprises420420@example.com,"658, Market Street, Mumbai",658MARKETSTREETMUMBAI,ACTIVE,2024-08-08
V0421,Industrial Services 421,INDUSTRIALSERVICES421,86FBGOC0265VZ2,UBIXE9158N,892728560004,********0004,HDFC0OTB85V,9219728932,industrialservices421421@example.com,"430, Main Road, Bengaluru",430MAINROADBENGALURU,ACTIVE,2024-03-02
V0422,Metro Enterprises 422,METROENTERPRISES422,99WUDWU0698EZ5,XRAZN8001R,049089093070,********3070,AXIS04KERZ1,9694542462,metroenterprises422422@example.com,"203, MG Road, Pune",203MGROADPUNE,ACTIVE,2024-02-08
V0423,Industrial Enterprises 423,INDUSTRIALENTERPRISES423,16KRZEB5839FZ8,TXAQH7075T,915221380292,********0292,KKBK0JS6PVS,9959019734,industrialenterprises423423@example.com,"630, MG Road, Bengaluru",630MGROADBENGALURU,INACTIVE,2024-08-01
V0424,Apex Enterprises 424,APEXENTERPRISES424,94BHZXC2936NZ3,GUNUC0994R,816014733284,********3284,KKBK0CJ81RT,9041718611,apexenterprises424424@example.com,"797, Market Street, Mumbai",797MARKETSTREETMUMBAI,ACTIVE,2024-07-04
V0425,National Solutions 425,NATIONALSOLUTIONS425,87UFXCD2689KZ4,IULDT5187N,548536502072,********2072,SBIN0EZX8UB,9750900812,nationalsolutions425425@example.com,"159, Market Street, Hyderabad",159MARKETSTREETHYDERABAD,ACTIVE,2024-09-05
V0426,United Industries 426,UNITEDINDUSTRIES426,92NOPAF3957AZ4,MPDDF6772H,759924447651,********7651,AXIS0VA3T86,9753752578,unitedindustries426426@example.com,"628, Market Street, Mumbai",628MARKETSTREETMUMBAI,INACTIVE,2025-08-03
V0427,Global Services 427,GLOBALSERVICES427,61ILCFR0551HZ1,NFSQE6324P,584373424240,********4240,ICIC0L5AKG0,9913000737,globalservices427427@example.com,"306, Market Street, Mumbai",306MARKETSTREETMUMBAI,ACTIVE,2024-09-09
V0428,Reliable Solutions 428,RELIABLESOLUTIONS428,37FDURH1206ZZ3,NFHXD4186C,348501480230,********0230,AXIS0FR8V3A,9049116583,reliablesolutions428428@example.com,"111, Market Street, Chennai",111MARKETSTREETCHENNAI,ACTIVE,2025-05-01
V0429,Global Traders 429,GLOBALTRADERS429,84BOQFQ4460UZ1,EPICD8372P,791210593100,********3100,HDFC0SN8L0U,9682277912,globaltraders429429@example.com,"227, Industrial Area, Delhi",227INDUSTRIALAREADELHI,INACTIVE,2025-10-28
V0430,Industrial Traders 430,INDUSTRIALTRADERS430,20RZLKL0148NZ2,DUECS3540X,327847127169,********7169,KKBK0CECERT,9906443114,industrialtraders430430@example.com,"939, MG Road, Delhi",939MGROADDELHI,ACTIVE,2025-08-22
V0431,National Industries 431,NATIONALINDUSTRIES431,41LIXON9126GZ3,GIRNJ6149W,852549021300,********1300,SBIN0DXHYOU,9832500288,nationalindustries431431@example.com,"890, Industrial Area, Pune",890INDUSTRIALAREAPUNE,ACTIVE,2024-06-16
V0432,Reliable Traders 432,RELIABLETRADERS432,56RITPZ2424FZ5,VPSVA4104E,472801129282,********9282,KKBK0PN74FY,9877871977,reliabletraders432432@example.com,"300, Industrial Area, Pune",300INDUSTRIALAREAPUNE,INACTIVE,2025-08-21
V0433,Metro Enterprises 433,METROENTERPRISES433,99RSHIM5811QZ5,SBAFP1258E,053869172458,********2458,ICIC0GX5Y7Z,9209474342,metroenterprises433433@example.com,"702, Market Street, Mumbai",702MARKETSTREETMUMBAI,ACTIVE,2026-05-19
V0434,Eastern Traders 434,EASTERNTRADERS434,42UWFZF8639QZ3,YRPMT0203V,017188875523,********5523,SBIN0VKP6EU,9345811238,easterntraders434434@example.com,"206, MG Road, Hyderabad",206MGROADHYDERABAD,ACTIVE,2025-01-18
V0435,Global Technologies 435,GLOBALTECHNOLOGIES435,75PTTHQ0023MZ9,IRVEQ1523K,133475670825,********0825,SBIN0SHWA7S,9321842090,globaltechnologies435435@example.com,"669, MG Road, Hyderabad",669MGROADHYDERABAD,INACTIVE,2026-03-20
V0436,Prime Traders 436,PRIMETRADERS436,55PSFFK4030RZ4,JGQBJ3752H,741539540583,********0583,ICIC0UV1FFO,9147450389,primetraders436436@example.com,"919, Industrial Area, Pune",919INDUSTRIALAREAPUNE,INACTIVE,2025-07-15
V0437,Industrial Solutions 437,INDUSTRIALSOLUTIONS437,42IQVSE1594HZ1,UMEXN5488U,870731817456,********7456,AXIS01I5482,9499185117,industrialsolutions437437@example.com,"890, Industrial Area, Hyderabad",890INDUSTRIALAREAHYDERABAD,INACTIVE,2024-07-22
V0438,Global Technologies 438,GLOBALTECHNOLOGIES438,94MVRZC6974DZ8,CJPJK7406V,400872164893,********4893,AXIS0SIKJAZ,9198993714,globaltechnologies438438@example.com,"618, MG Road, Hyderabad",618MGROADHYDERABAD,ACTIVE,2025-12-12
V0439,National Suppliers 439,NATIONALSUPPLIERS439,85CXITC0794AZ9,AKOSR8958G,029743264737,********4737,ICIC0LSZM6V,9154022854,nationalsuppliers439439@example.com,"858, MG Road, Chennai",858MGROADCHENNAI,INACTIVE,2026-05-23
V0440,United Services 440,UNITEDSERVICES440,85XZMDA8676AZ9,KBHTU3553G,029968437133,********7133,ICIC0RE8HCX,9793462578,unitedservices440440@example.com,"852, Industrial Area, Mumbai",852INDUSTRIALAREAMUMBAI,ACTIVE,2024-04-01
V0441,Global Industries 441,GLOBALINDUSTRIES441,39IYBOY7607BZ5,SQKCU3565Z,085041098505,********8505,HDFC0FEWSM9,9734624037,globalindustries441441@example.com,"740, MG Road, Chennai",740MGROADCHENNAI,ACTIVE,2026-04-28
V0442,Prime Industries 442,PRIMEINDUSTRIES442,27RPMKW6718NZ8,RCMKX6594H,728496621597,********1597,AXIS0T6YA0O,9764451448,primeindustries442442@example.com,"358, Industrial Area, Bengaluru",358INDUSTRIALAREABENGALURU,ACTIVE,2025-08-06
V0443,Metro Traders 443,METROTRADERS443,50OCIQM1364JZ1,OEOYN3999J,993196856452,********6452,HDFC01D8NRU,9591988305,metrotraders443443@example.com,"660, Main Road, Hyderabad",660MAINROADHYDERABAD,ACTIVE,2025-10-25
V0444,Prime Technologies 444,PRIMETECHNOLOGIES444,91MBGAD1171UZ1,BNVAH5946L,067062565484,********5484,ICIC09F4OHE,9538096012,primetechnologies444444@example.com,"316, Main Road, Hyderabad",316MAINROADHYDERABAD,ACTIVE,2025-01-29
V0445,Reliable Suppliers 445,RELIABLESUPPLIERS445,94YJKUM0397LZ5,GJGSH6896N,297208470623,********0623,SBIN07SX5S2,9586969688,reliablesuppliers445445@example.com,"266, Main Road, Delhi",266MAINROADDELHI,ACTIVE,2025-03-20
V0446,Reliable Technologies 446,RELIABLETECHNOLOGIES446,88ORQHW7968BZ6,ASHUJ7554F,188450562767,********2767,HDFC0BHG9VH,9042798527,reliabletechnologies446446@example.com,"307, Market Street, Mumbai",307MARKETSTREETMUMBAI,ACTIVE,2025-11-13
V0447,Global Suppliers 447,GLOBALSUPPLIERS447,49FFBXP7668YZ8,QVICS9123A,439101609015,********9015,SBIN09GM53F,9469836545,globalsuppliers447447@example.com,"576, MG Road, Hyderabad",576MGROADHYDERABAD,ACTIVE,2024-12-22
V0448,United Enterprises 448,UNITEDENTERPRISES448,50TFLAT1184GZ4,LKZDC3497Y,640690204938,********4938,ICIC01JD1BJ,9196306050,unitedenterprises448448@example.com,"978, MG Road, Delhi",978MGROADDELHI,INACTIVE,2024-09-03
V0449,Global Technologies 449,GLOBALTECHNOLOGIES449,96SKFUY9278QZ9,NBNWC2116H,594403778591,********8591,AXIS0KBYT2I,9213331613,globaltechnologies449449@example.com,"865, Industrial Area, Chennai",865INDUSTRIALAREACHENNAI,ACTIVE,2026-02-05
V0450,United Services 450,UNITEDSERVICES450,71MRCAD5996MZ6,VXFEC4600Q,576283900619,********0619,AXIS0IWFVIU,9032471015,unitedservices450450@example.com,"265, Industrial Area, Hyderabad",265INDUSTRIALAREAHYDERABAD,INACTIVE,2025-05-14
V0451,Global Traders 451,GLOBALTRADERS451,76GMPXT3305QZ7,LKGUH6724W,878080208116,********8116,AXIS0YKCZF2,9500251107,globaltraders451451@example.com,"659, Market Street, Delhi",659MARKETSTREETDELHI,ACTIVE,2024-09-06
V0452,Metro Enterprises 452,METROENTERPRISES452,96KDUKK0566UZ8,ZTPMN7641B,510261717760,********7760,HDFC0MCZDBR,9012580656,metroenterprises452452@example.com,"385, MG Road, Hyderabad",385MGROADHYDERABAD,ACTIVE,2024-07-03
V0453,Metro Traders 453,METROTRADERS453,59VPLMG4617QZ9,KDLPK1489O,785026394463,********4463,KKBK0HANHDT,9842911697,metrotraders453453@example.com,"7, Market Street, Hyderabad",7MARKETSTREETHYDERABAD,ACTIVE,2025-11-14
V0454,Reliable Industries 454,RELIABLEINDUSTRIES454,23JHFPZ7292AZ5,KJZKN4035H,814709184026,********4026,HDFC0BTRVXO,9287519779,reliableindustries454454@example.com,"310, Market Street, Pune",310MARKETSTREETPUNE,ACTIVE,2025-11-08
V0455,National Traders 455,NATIONALTRADERS455,71DFCCS7968PZ6,RNSVN2585O,320907650411,********0411,KKBK0VL7ERD,9543450669,nationaltraders455455@example.com,"958, MG Road, Pune",958MGROADPUNE,ACTIVE,2025-03-19
V0456,Prime Traders 456,PRIMETRADERS456,63PPFXN0828WZ1,KZEBT6009L,804814984184,********4184,ICIC02ZEH9H,9982483570,primetraders456456@example.com,"217, Market Street, Pune",217MARKETSTREETPUNE,ACTIVE,2024-09-05
V0457,Industrial Services 457,INDUSTRIALSERVICES457,71WZFQD3934IZ2,VSEOW6898P,253269825571,********5571,AXIS066DZGG,9815253027,industrialservices457457@example.com,"168, Market Street, Bengaluru",168MARKETSTREETBENGALURU,ACTIVE,2024-11-21
V0458,Metro Industries 458,METROINDUSTRIES458,49JUNDH7576FZ2,LQXIY9450G,760743639056,********9056,ICIC08Q7QRE,9422093667,metroindustries458458@example.com,"322, Main Road, Mumbai",322MAINROADMUMBAI,ACTIVE,2024-04-06
V0459,Southern Solutions 459,SOUTHERNSOLUTIONS459,80WHRRE2870TZ5,LJXCR5694I,491239056322,********6322,HDFC0WUDRGT,9784381896,southernsolutions459459@example.com,"901, Industrial Area, Hyderabad",901INDUSTRIALAREAHYDERABAD,ACTIVE,2025-06-04
V0460,National Traders 460,NATIONALTRADERS460,58SLRZP7525CZ5,CBVUE6877J,970136159092,********9092,ICIC0KWFAPG,9721865222,nationaltraders460460@example.com,"881, MG Road, Bengaluru",881MGROADBENGALURU,ACTIVE,2024-04-14
V0461,Eastern Traders 461,EASTERNTRADERS461,44FVAWE7595TZ6,PWXVW2498N,048812536130,********6130,SBIN0LLD5OB,9485077315,easterntraders461461@example.com,"447, Market Street, Bengaluru",447MARKETSTREETBENGALURU,INACTIVE,2024-08-05
V0462,United Enterprises 462,UNITEDENTERPRISES462,65PCGLC0772WZ8,CKVKS0355A,394562074868,********4868,HDFC0NXJ5YH,9693895389,unitedenterprises462462@example.com,"758, Main Road, Bengaluru",758MAINROADBENGALURU,ACTIVE,2024-11-27
V0463,Global Services 463,GLOBALSERVICES463,99NEILH0108HZ9,ISMTT8390N,859431799744,********9744,ICIC0SKI045,9615270781,globalservices463463@example.com,"344, Main Road, Pune",344MAINROADPUNE,INACTIVE,2025-09-07
V0464,Apex Industries 464,APEXINDUSTRIES464,63DYTFH2625TZ7,TSGNR1244P,765399433483,********3483,HDFC0QHEQKM,9446839430,apexindustries464464@example.com,"991, Industrial Area, Hyderabad",991INDUSTRIALAREAHYDERABAD,INACTIVE,2026-04-13
V0465,Industrial Enterprises 465,INDUSTRIALENTERPRISES465,13ZUMMO2219PZ7,MCPJH0776G,666987131778,********1778,HDFC0WCBZUJ,9043717735,industrialenterprises465465@example.com,"803, Main Road, Delhi",803MAINROADDELHI,ACTIVE,2025-11-01
V0466,Reliable Enterprises 466,RELIABLEENTERPRISES466,83TBTVP7340WZ9,OTVZC1857O,981496960920,********0920,SBIN0OC0QPD,9665624536,reliableenterprises466466@example.com,"252, Market Street, Mumbai",252MARKETSTREETMUMBAI,INACTIVE,2025-07-14
V0467,National Services 467,NATIONALSERVICES467,33OEKHA2425FZ3,BBBWN3338G,314950607760,********7760,KKBK0VDQ0MJ,9231162088,nationalservices467467@example.com,"629, MG Road, Bengaluru",629MGROADBENGALURU,ACTIVE,2026-01-09
V0468,Metro Technologies 468,METROTECHNOLOGIES468,36XBRAJ3294KZ9,VJYYU3115K,230967438432,********8432,SBIN053CUK5,9701993889,metrotechnologies468468@example.com,"517, Main Road, Bengaluru",517MAINROADBENGALURU,ACTIVE,2025-01-20
V0469,Industrial Enterprises 469,INDUSTRIALENTERPRISES469,18VWEDP8316LZ8,TGTBP9151G,590259087799,********7799,SBIN0DD0DIL,9638930030,industrialenterprises469469@example.com,"777, Industrial Area, Mumbai",777INDUSTRIALAREAMUMBAI,INACTIVE,2025-06-29
V0470,Prime Services 470,PRIMESERVICES470,48DOZPC4692EZ1,KRYXU0997U,684637348473,********8473,AXIS0YDC14Z,9516174189,primeservices470470@example.com,"730, MG Road, Hyderabad",730MGROADHYDERABAD,ACTIVE,2025-12-04
V0471,Prime Services 471,PRIMESERVICES471,21TAODU6964YZ3,OLSEA9692K,946367901259,********1259,KKBK0RE2U7F,9321706596,primeservices471471@example.com,"831, Main Road, Delhi",831MAINROADDELHI,ACTIVE,2025-10-08
V0472,Eastern Traders 472,EASTERNTRADERS472,87ZBPGC5754WZ5,FCKQJ8255Q,207824334486,********4486,AXIS00NP99W,9226068158,easterntraders472472@example.com,"17, Main Road, Hyderabad",17MAINROADHYDERABAD,ACTIVE,2026-03-29
V0473,Metro Solutions 473,METROSOLUTIONS473,76PZIGE7207DZ5,LOBJH1230X,456487620377,********0377,AXIS0RX3LHX,9305874674,metrosolutions473473@example.com,"392, MG Road, Delhi",392MGROADDELHI,ACTIVE,2025-01-24
V0474,National Solutions 474,NATIONALSOLUTIONS474,57FLNIN2949UZ8,NPKIO4223S,795185150751,********0751,AXIS0MCMH7L,9373697454,nationalsolutions474474@example.com,"913, Industrial Area, Delhi",913INDUSTRIALAREADELHI,ACTIVE,2024-03-30
V0475,Prime Services 475,PRIMESERVICES475,88KUBJQ3145NZ4,YAVOF7801Z,389431716422,********6422,ICIC04D0UXF,9915772764,primeservices475475@example.com,"652, Market Street, Chennai",652MARKETSTREETCHENNAI,INACTIVE,2025-07-20
V0476,Global Solutions 476,GLOBALSOLUTIONS476,38LGUNK7132NZ1,IPXBX4279U,600650029508,********9508,ICIC0RBLH74,9251678346,globalsolutions476476@example.com,"644, Market Street, Pune",644MARKETSTREETPUNE,ACTIVE,2026-04-02
V0477,Eastern Enterprises 477,EASTERNENTERPRISES477,50OCEEG9345JZ7,AOUAM3686D,989978665864,********5864,KKBK0SQNCUY,9276121961,easternenterprises477477@example.com,"756, MG Road, Mumbai",756MGROADMUMBAI,ACTIVE,2025-06-13
V0478,Apex Services 478,APEXSERVICES478,49FTNRC8811AZ5,TWBKY2833O,443384336676,********6676,AXIS0EBBELJ,9422920825,apexservices478478@example.com,"585, Main Road, Delhi",585MAINROADDELHI,ACTIVE,2024-06-26
V0479,Apex Enterprises 479,APEXENTERPRISES479,40WNZJA7778PZ5,VJNQK1859U,222963336463,********6463,HDFC01OI0X8,9300145960,apexenterprises479479@example.com,"480, Market Street, Pune",480MARKETSTREETPUNE,INACTIVE,2025-11-16
V0480,Southern Traders 480,SOUTHERNTRADERS480,87VCCJR6017MZ8,OQOML5936M,133307427410,********7410,ICIC0D2U2X1,9944297428,southerntraders480480@example.com,"738, Industrial Area, Delhi",738INDUSTRIALAREADELHI,ACTIVE,2025-12-21
V0481,Eastern Solutions 481,EASTERNSOLUTIONS481,16PXIMI6489KZ8,SSKTW9291Y,015279231102,********1102,HDFC0X6YINW,9851859396,easternsolutions481481@example.com,"418, MG Road, Pune",418MGROADPUNE,ACTIVE,2026-01-16
V0482,Industrial Technologies 482,INDUSTRIALTECHNOLOGIES482,19GRIEJ9575ZZ3,VVWKT3962L,708854501118,********1118,ICIC0GYLKCS,9766760345,industrialtechnologies482482@example.com,"606, Market Street, Bengaluru",606MARKETSTREETBENGALURU,ACTIVE,2025-12-04
V0483,Apex Suppliers 483,APEXSUPPLIERS483,20GREYG5139DZ2,EEFKF5832P,861549430724,********0724,HDFC00APXP8,9241604486,apexsuppliers483483@example.com,"60, Industrial Area, Chennai",60INDUSTRIALAREACHENNAI,ACTIVE,2024-04-06
V0484,Industrial Suppliers 484,INDUSTRIALSUPPLIERS484,52UGLHP0076HZ1,KXUOZ7762E,555613508632,********8632,SBIN039ZVYE,9085035540,industrialsuppliers484484@example.com,"43, Market Street, Chennai",43MARKETSTREETCHENNAI,ACTIVE,2024-06-28
V0485,Prime Enterprises 485,PRIMEENTERPRISES485,80SLUND8619RZ4,TVEVQ0328C,563189401477,********1477,AXIS0L7NHYM,9010080920,primeenterprises485485@example.com,"945, Industrial Area, Hyderabad",945INDUSTRIALAREAHYDERABAD,ACTIVE,2025-01-11
V0486,Eastern Services 486,EASTERNSERVICES486,67XXHDX6003RZ4,TQPFL5157M,593760904004,********4004,AXIS0QY4AKL,9967576620,easternservices486486@example.com,"597, Main Road, Chennai",597MAINROADCHENNAI,INACTIVE,2026-02-17
V0487,Metro Industries 487,METROINDUSTRIES487,79HNBHW4885LZ7,AIHML7598W,277749982810,********2810,SBIN02OEDR9,9434274457,metroindustries487487@example.com,"234, Industrial Area, Mumbai",234INDUSTRIALAREAMUMBAI,ACTIVE,2024-06-19
V0488,Reliable Services 488,RELIABLESERVICES488,65JPPXY7421NZ9,MQWWX4306S,529020593870,********3870,KKBK06ONRV5,9890704231,reliableservices488488@example.com,"591, Industrial Area, Delhi",591INDUSTRIALAREADELHI,INACTIVE,2024-06-25
V0489,National Services 489,NATIONALSERVICES489,45JUVXV9392HZ1,KIDIN3750Q,599211927252,********7252,SBIN0IZB25J,9583573196,nationalservices489489@example.com,"813, MG Road, Pune",813MGROADPUNE,ACTIVE,2024-09-19
V0490,National Enterprises 490,NATIONALENTERPRISES490,77QLKRB7912CZ8,AXQSI4425S,502473130594,********0594,ICIC0TQSR7S,9270885718,nationalenterprises490490@example.com,"359, Market Street, Mumbai",359MARKETSTREETMUMBAI,INACTIVE,2025-11-13
V0491,Southern Traders 491,SOUTHERNTRADERS491,29YDEST0833IZ2,KNQRS0841O,427554000536,********0536,SBIN0XADGYU,9210834937,southerntraders491491@example.com,"318, Market Street, Hyderabad",318MARKETSTREETHYDERABAD,ACTIVE,2024-07-25
V0492,Global Solutions 492,GLOBALSOLUTIONS492,39DMGRI7640BZ2,OMZZR0101D,912537000245,********0245,KKBK0F0MIZ8,9402614319,globalsolutions492492@example.com,"991, Market Street, Chennai",991MARKETSTREETCHENNAI,ACTIVE,2025-07-02
V0493,Apex Enterprises 493,APEXENTERPRISES493,49XHVVP1165RZ4,SEQYZ9729N,426421073938,********3938,AXIS0R5JGLW,9338519343,apexenterprises493493@example.com,"831, MG Road, Hyderabad",831MGROADHYDERABAD,INACTIVE,2026-02-09
V0494,United Suppliers 494,UNITEDSUPPLIERS494,16OABSM4184WZ3,DGDAK5077I,657296614896,********4896,HDFC06YFI7E,9483929357,unitedsuppliers494494@example.com,"916, MG Road, Mumbai",916MGROADMUMBAI,ACTIVE,2025-10-11
V0495,Prime Solutions 495,PRIMESOLUTIONS495,51QRXMM9925ZZ3,ETEHS2302T,723574315277,********5277,KKBK0AB8CKQ,9083152732,primesolutions495495@example.com,"273, Industrial Area, Chennai",273INDUSTRIALAREACHENNAI,ACTIVE,2026-01-01
V0496,United Suppliers 496,UNITEDSUPPLIERS496,39RKAIF7519LZ3,NOFLG7582P,441704982563,********2563,ICIC0JI6YB9,9411242651,unitedsuppliers496496@example.com,"657, Industrial Area, Hyderabad",657INDUSTRIALAREAHYDERABAD,INACTIVE,2024-06-10
V0497,Global Suppliers 497,GLOBALSUPPLIERS497,85YGZBD8869MZ5,BPEVW1280P,300210073354,********3354,KKBK0CDI99M,9072662707,globalsuppliers497497@example.com,"236, Market Street, Hyderabad",236MARKETSTREETHYDERABAD,INACTIVE,2024-04-22
V0498,Apex Services 498,APEXSERVICES498,62DWRWR8721YZ1,LYIHB6653U,419429612284,********2284,AXIS0VQCGH8,9090700974,apexservices498498@example.com,"510, Market Street, Delhi",510MARKETSTREETDELHI,ACTIVE,2026-05-19
V0499,Global Services 499,GLOBALSERVICES499,75MNJNR9903BZ7,IKOTJ1041P,855522931951,********1951,ICIC0309EY5,9464324277,globalservices499499@example.com,"222, Industrial Area, Pune",222INDUSTRIALAREAPUNE,ACTIVE,2024-02-20
V0500,Reliable Solutions 500,RELIABLESOLUTIONS500,63LBOTX0343TZ6,VFHYC0645E,632548245935,********5935,HDFC0ZET8P1,9277426045,reliablesolutions500500@example.com,"455, Market Street, Hyderabad",455MARKETSTREETHYDERABAD,ACTIVE,2025-08-29
V0501,National Technologies 501,NATIONALTECHNOLOGIES501,53HZNTA5985PZ7,QGNDJ3077H,241816138300,********8300,KKBK0HYAUKL,9662067195,nationaltechnologies501501@example.com,"426, MG Road, Delhi",426MGROADDELHI,INACTIVE,2024-11-17
V0502,United Traders 502,UNITEDTRADERS502,41AFYBJ4891LZ2,RNTVC5675A,541063117601,********7601,SBIN0COBTEG,9545746531,unitedtraders502502@example.com,"773, Main Road, Mumbai",773MAINROADMUMBAI,ACTIVE,2024-11-30
V0503,National Traders 503,NATIONALTRADERS503,19GLMHB9889BZ3,JJPDG1764M,882301961581,********1581,HDFC0AQ2DS3,9115713996,nationaltraders503503@example.com,"401, Market Street, Chennai",401MARKETSTREETCHENNAI,ACTIVE,2024-11-07
V0504,Industrial Traders 504,INDUSTRIALTRADERS504,53XSGID8634QZ6,KOHBZ3165Q,002210199510,********9510,ICIC0CHJ31O,9317464207,industrialtraders504504@example.com,"574, Industrial Area, Delhi",574INDUSTRIALAREADELHI,ACTIVE,2024-08-15
V0505,Metro Technologies 505,METROTECHNOLOGIES505,21EQZBV0174HZ2,SOJYK0809T,266946267396,********7396,AXIS0XK2FIB,9902254357,metrotechnologies505505@example.com,"960, Main Road, Delhi",960MAINROADDELHI,ACTIVE,2025-06-04
V0506,United Solutions 506,UNITEDSOLUTIONS506,93MOIFF9051CZ8,CSLBA6102C,828008700498,********0498,SBIN0MVQIIX,9354739294,unitedsolutions506506@example.com,"72, Main Road, Hyderabad",72MAINROADHYDERABAD,ACTIVE,2026-04-18
V0507,Metro Services 507,METROSERVICES507,88MVGZF5349IZ9,MSYFT5358V,987365169231,********9231,ICIC04FR3TX,9209257846,metroservices507507@example.com,"240, Market Street, Mumbai",240MARKETSTREETMUMBAI,INACTIVE,2024-02-04
V0508,Reliable Industries 508,RELIABLEINDUSTRIES508,34YJGHF5641JZ6,JAWPG6480R,642361733385,********3385,AXIS0O08NE4,9636190677,reliableindustries508508@example.com,"375, Market Street, Chennai",375MARKETSTREETCHENNAI,ACTIVE,2025-11-14
V0509,Global Industries 509,GLOBALINDUSTRIES509,16RODTN3986YZ9,WMFYB2216O,005122765102,********5102,ICIC0WO6NLP,9610958020,globalindustries509509@example.com,"838, Market Street, Pune",838MARKETSTREETPUNE,INACTIVE,2026-04-21
V0510,United Industries 510,UNITEDINDUSTRIES510,90PBWLA2250SZ4,RZDXD8889F,667814764253,********4253,AXIS05IUVWL,9893942357,unitedindustries510510@example.com,"493, Main Road, Hyderabad",493MAINROADHYDERABAD,ACTIVE,2026-03-31
V0511,Reliable Technologies 511,RELIABLETECHNOLOGIES511,52IJRUB6387QZ8,YBXPR0799O,191392407054,********7054,ICIC0EG0O0H,9150713659,reliabletechnologies511511@example.com,"721, Main Road, Chennai",721MAINROADCHENNAI,INACTIVE,2026-02-27
V0512,Metro Services 512,METROSERVICES512,96FKXAS4936NZ2,CJOSE2753H,898335617200,********7200,HDFC00SF8W9,9552987047,metroservices512512@example.com,"467, Industrial Area, Chennai",467INDUSTRIALAREACHENNAI,ACTIVE,2024-03-26
V0513,National Services 513,NATIONALSERVICES513,42VBREP4863FZ6,JCSAJ0566Y,439510104025,********4025,SBIN0ZE5HBH,9041316271,nationalservices513513@example.com,"452, Industrial Area, Bengaluru",452INDUSTRIALAREABENGALURU,ACTIVE,2025-11-30
V0514,National Technologies 514,NATIONALTECHNOLOGIES514,25KXLKO7328IZ6,HGYKL2405J,932145858143,********8143,SBIN0TD0DOF,9981010330,nationaltechnologies514514@example.com,"656, Market Street, Mumbai",656MARKETSTREETMUMBAI,INACTIVE,2025-09-22
V0515,Southern Services 515,SOUTHERNSERVICES515,80FLLHJ2067PZ7,EIWFJ7097K,713131216993,********6993,SBIN0SPGQTT,9429259093,southernservices515515@example.com,"426, MG Road, Bengaluru",426MGROADBENGALURU,ACTIVE,2025-12-24
V0516,Southern Traders 516,SOUTHERNTRADERS516,86WBTJK3468DZ4,UZUFS7494I,783919293627,********3627,SBIN01YDOT9,9895907869,southerntraders516516@example.com,"121, Main Road, Hyderabad",121MAINROADHYDERABAD,ACTIVE,2024-04-29
V0517,Metro Suppliers 517,METROSUPPLIERS517,73HXTTS5748TZ3,MQYSY9825P,052471555626,********5626,KKBK05Y5FNX,9985517225,metrosuppliers517517@example.com,"389, Main Road, Hyderabad",389MAINROADHYDERABAD,INACTIVE,2025-12-14
V0518,Metro Industries 518,METROINDUSTRIES518,94GUHWB4914MZ6,HGTVZ1397H,025698962249,********2249,SBIN0U7HWLW,9750875453,metroindustries518518@example.com,"729, MG Road, Bengaluru",729MGROADBENGALURU,ACTIVE,2025-11-19
V0519,Industrial Enterprises 519,INDUSTRIALENTERPRISES519,69MKWRW3064RZ4,KEESN2215T,438964929606,********9606,SBIN0ETYBGD,9918831267,industrialenterprises519519@example.com,"427, MG Road, Pune",427MGROADPUNE,ACTIVE,2024-10-18
V0520,Southern Traders 520,SOUTHERNTRADERS520,54SZBZA4404JZ5,YUOUU1152V,619240468573,********8573,KKBK0DWR024,9344911966,southerntraders520520@example.com,"160, Market Street, Chennai",160MARKETSTREETCHENNAI,ACTIVE,2025-01-08
V0521,Reliable Enterprises 521,RELIABLEENTERPRISES521,73MTPRX2648GZ1,GVANS8436E,620238331474,********1474,AXIS06UGYFU,9330170690,reliableenterprises521521@example.com,"291, Main Road, Chennai",291MAINROADCHENNAI,ACTIVE,2024-12-14
V0522,Prime Suppliers 522,PRIMESUPPLIERS522,97VPQVT1976DZ1,WFMEX0058Q,523044111066,********1066,ICIC0XQKQBK,9545878901,primesuppliers522522@example.com,"40, MG Road, Mumbai",40MGROADMUMBAI,ACTIVE,2025-12-10
V0523,Eastern Technologies 523,EASTERNTECHNOLOGIES523,11VKSAL8216KZ3,JFOSM5500W,919592735184,********5184,KKBK0JLQ1BP,9165495157,easterntechnologies523523@example.com,"711, MG Road, Hyderabad",711MGROADHYDERABAD,ACTIVE,2025-06-08
V0524,National Traders 524,NATIONALTRADERS524,75AFRZK3488UZ2,DPEDE7253L,631038054373,********4373,SBIN0COAUDW,9655074676,nationaltraders524524@example.com,"704, MG Road, Bengaluru",704MGROADBENGALURU,INACTIVE,2026-06-12
V0525,Prime Enterprises 525,PRIMEENTERPRISES525,29QHCBZ0950VZ8,BCOJS0032P,419422295754,********5754,ICIC0Y7IYGC,9919497466,primeenterprises525525@example.com,"175, MG Road, Pune",175MGROADPUNE,ACTIVE,2025-10-17
V0526,Metro Technologies 526,METROTECHNOLOGIES526,17HKCUF2978CZ4,GYZTW7735Z,574381166726,********6726,KKBK0QT061A,9537845032,metrotechnologies526526@example.com,"614, Main Road, Delhi",614MAINROADDELHI,INACTIVE,2025-06-12
V0527,Eastern Industries 527,EASTERNINDUSTRIES527,83OFGTI9719CZ1,XNUWZ2686V,652834203235,********3235,SBIN0V3CMUE,9606712958,easternindustries527527@example.com,"282, Market Street, Chennai",282MARKETSTREETCHENNAI,ACTIVE,2024-06-08
V0528,National Services 528,NATIONALSERVICES528,80WSDBT2927IZ8,HAEGL1796Z,169613351589,********1589,ICIC0CPQRT3,9318149495,nationalservices528528@example.com,"880, Main Road, Delhi",880MAINROADDELHI,INACTIVE,2025-08-26
V0529,Eastern Solutions 529,EASTERNSOLUTIONS529,98ZKXAI6146CZ4,GXNAD2922T,232420216975,********6975,ICIC0P2ME59,9481198094,easternsolutions529529@example.com,"473, Main Road, Delhi",473MAINROADDELHI,INACTIVE,2024-12-09
V0530,Southern Enterprises 530,SOUTHERNENTERPRISES530,93SXBKQ2484CZ2,DBOAO1957M,910749208918,********8918,AXIS0CZKWSS,9333809186,southernenterprises530530@example.com,"531, MG Road, Delhi",531MGROADDELHI,ACTIVE,2024-12-12
V0531,National Industries 531,NATIONALINDUSTRIES531,74XZVZL0126VZ3,VOWLU7179G,554098639671,********9671,AXIS08S9EP5,9434563457,nationalindustries531531@example.com,"961, Industrial Area, Bengaluru",961INDUSTRIALAREABENGALURU,ACTIVE,2026-01-09
V0532,Metro Suppliers 532,METROSUPPLIERS532,91SMILF6884UZ1,BIIJP2972U,584074622638,********2638,ICIC0GM7Q6L,9127933957,metrosuppliers532532@example.com,"7, Main Road, Pune",7MAINROADPUNE,ACTIVE,2025-08-15
V0533,Industrial Traders 533,INDUSTRIALTRADERS533,60VZIPH9592VZ7,MFEEW9153R,149593568362,********8362,AXIS07PA46I,9695589404,industrialtraders533533@example.com,"665, MG Road, Delhi",665MGROADDELHI,ACTIVE,2024-07-30
V0534,Global Industries 534,GLOBALINDUSTRIES534,89BXOZA6932OZ5,VFKAQ4170K,825629483524,********3524,AXIS0NPWQ6Y,9293359038,globalindustries534534@example.com,"132, MG Road, Mumbai",132MGROADMUMBAI,ACTIVE,2025-12-05
V0535,Reliable Suppliers 535,RELIABLESUPPLIERS535,56DYYXU6570UZ6,CBQEH9473B,158920231376,********1376,ICIC0B3EW15,9407530838,reliablesuppliers535535@example.com,"577, MG Road, Pune",577MGROADPUNE,ACTIVE,2026-01-10
V0536,Prime Technologies 536,PRIMETECHNOLOGIES536,80XJVEM3572PZ5,CURXI4090Z,075942875070,********5070,HDFC0HK89JS,9302766844,primetechnologies536536@example.com,"173, Market Street, Delhi",173MARKETSTREETDELHI,ACTIVE,2025-05-20
V0537,Metro Enterprises 537,METROENTERPRISES537,30QYBON0348FZ4,DORWA1613R,717687590285,********0285,ICIC0D8IP5O,9039899082,metroenterprises537537@example.com,"840, Industrial Area, Hyderabad",840INDUSTRIALAREAHYDERABAD,ACTIVE,2025-09-25
V0538,Prime Solutions 538,PRIMESOLUTIONS538,73BXMKB7471WZ8,DBJTD0146X,080221792754,********2754,HDFC0D9Y9B1,9648018682,primesolutions538538@example.com,"813, Main Road, Delhi",813MAINROADDELHI,INACTIVE,2025-02-12
V0539,Industrial Industries 539,INDUSTRIALINDUSTRIES539,73CRNAA4920NZ4,GFFAT3542W,645836279260,********9260,KKBK0YTWXIM,9784183566,industrialindustries539539@example.com,"14, Market Street, Chennai",14MARKETSTREETCHENNAI,ACTIVE,2026-01-30
V0540,United Enterprises 540,UNITEDENTERPRISES540,36OMKOQ1202HZ7,GJIKU5792M,615402387245,********7245,ICIC0RDBIQM,9143133517,unitedenterprises540540@example.com,"324, MG Road, Mumbai",324MGROADMUMBAI,ACTIVE,2026-03-29
V0541,Prime Enterprises 541,PRIMEENTERPRISES541,21NETAI3633IZ3,TNGNG8782O,132304313013,********3013,HDFC093H5YW,9398344098,primeenterprises541541@example.com,"450, Industrial Area, Chennai",450INDUSTRIALAREACHENNAI,ACTIVE,2025-09-07
V0542,Reliable Services 542,RELIABLESERVICES542,36KNNRW9364ZZ4,GUPCR9011Z,799359666777,********6777,SBIN0418I3W,9517440489,reliableservices542542@example.com,"141, Industrial Area, Pune",141INDUSTRIALAREAPUNE,ACTIVE,2025-12-30
V0543,Southern Enterprises 543,SOUTHERNENTERPRISES543,99ZVDIN9197WZ2,QLHLR2752V,853274310768,********0768,HDFC03ZT3P6,9540980449,southernenterprises543543@example.com,"898, MG Road, Delhi",898MGROADDELHI,ACTIVE,2024-05-08
V0544,Southern Enterprises 544,SOUTHERNENTERPRISES544,90SQXGS7788GZ4,MRVSW6556B,407029955092,********5092,ICIC0OLJQZD,9051798899,southernenterprises544544@example.com,"652, Market Street, Pune",652MARKETSTREETPUNE,ACTIVE,2024-03-15
V0545,Global Traders 545,GLOBALTRADERS545,56UETWM9869UZ6,ZEMSM2694A,913427015505,********5505,HDFC0QUEFIM,9006785114,globaltraders545545@example.com,"746, MG Road, Hyderabad",746MGROADHYDERABAD,ACTIVE,2025-09-21
V0546,Reliable Services 546,RELIABLESERVICES546,95NZTAA6707SZ1,LVMUN5797N,053729863037,********3037,KKBK0IB22ZU,9852216475,reliableservices546546@example.com,"416, Main Road, Bengaluru",416MAINROADBENGALURU,INACTIVE,2025-12-01
V0547,National Solutions 547,NATIONALSOLUTIONS547,74CZHMJ8813EZ3,BLEPZ0176I,876233143275,********3275,SBIN0G78IA6,9794727720,nationalsolutions547547@example.com,"420, Market Street, Hyderabad",420MARKETSTREETHYDERABAD,ACTIVE,2024-05-30
V0548,National Enterprises 548,NATIONALENTERPRISES548,62PFDLF2196FZ9,GDUWF6172B,413546507382,********7382,ICIC03Z30ZB,9551290701,nationalenterprises548548@example.com,"477, Main Road, Bengaluru",477MAINROADBENGALURU,ACTIVE,2026-02-18
V0549,Metro Services 549,METROSERVICES549,92QTRCY5309UZ7,HVJHV1365H,237034592215,********2215,AXIS0WFKLZW,9469653271,metroservices549549@example.com,"127, Industrial Area, Chennai",127INDUSTRIALAREACHENNAI,ACTIVE,2025-10-12
V0550,Southern Industries 550,SOUTHERNINDUSTRIES550,96KIJCR0334XZ9,KRAQF2402S,949686032057,********2057,KKBK0YPFV0D,9723383135,southernindustries550550@example.com,"227, Main Road, Chennai",227MAINROADCHENNAI,INACTIVE,2024-09-04
V0551,Industrial Enterprises 551,INDUSTRIALENTERPRISES551,35BBMAD8018OZ4,JJRZJ3727F,523505372376,********2376,ICIC08H7QUV,9060016353,industrialenterprises551551@example.com,"211, Main Road, Mumbai",211MAINROADMUMBAI,ACTIVE,2026-02-04
V0552,Industrial Suppliers 552,INDUSTRIALSUPPLIERS552,65UUQAF0497VZ6,QOAJM2245J,394786143390,********3390,SBIN062Y8T1,9877935563,industrialsuppliers552552@example.com,"880, Industrial Area, Pune",880INDUSTRIALAREAPUNE,ACTIVE,2024-03-30
V0553,Eastern Suppliers 553,EASTERNSUPPLIERS553,37NKTBG5556IZ7,UYEYH8355F,405759283643,********3643,HDFC0GDMBIQ,9052842495,easternsuppliers553553@example.com,"454, Market Street, Bengaluru",454MARKETSTREETBENGALURU,ACTIVE,2024-08-05
V0554,Industrial Traders 554,INDUSTRIALTRADERS554,97KIJUS7769BZ1,UHIPF3847M,475684113925,********3925,HDFC0DIL01A,9574709808,industrialtraders554554@example.com,"266, Main Road, Delhi",266MAINROADDELHI,ACTIVE,2026-05-26
V0555,Industrial Industries 555,INDUSTRIALINDUSTRIES555,55IORTP8550NZ8,BAAIY5218R,539856719670,********9670,SBIN0A7ZVD8,9280151159,industrialindustries555555@example.com,"987, MG Road, Delhi",987MGROADDELHI,ACTIVE,2024-02-12
V0556,Global Technologies 556,GLOBALTECHNOLOGIES556,33XUTSQ9958CZ7,IREDL8001X,094531453168,********3168,ICIC05Z25WV,9203577590,globaltechnologies556556@example.com,"219, Main Road, Bengaluru",219MAINROADBENGALURU,ACTIVE,2024-08-14
V0557,Prime Technologies 557,PRIMETECHNOLOGIES557,16ZJICD0245MZ5,UYXTG7888W,465681053178,********3178,HDFC0YRDB14,9252538068,primetechnologies557557@example.com,"292, Market Street, Chennai",292MARKETSTREETCHENNAI,ACTIVE,2026-04-28
V0558,Eastern Industries 558,EASTERNINDUSTRIES558,45CDQAQ4869FZ6,WRQHK3063B,923526585026,********5026,HDFC0O4KF9O,9427839176,easternindustries558558@example.com,"424, Industrial Area, Bengaluru",424INDUSTRIALAREABENGALURU,ACTIVE,2025-09-15
V0559,Industrial Traders 559,INDUSTRIALTRADERS559,96KQDJE4460CZ6,VMDCY3293K,375473529856,********9856,AXIS03AL44L,9301383169,industrialtraders559559@example.com,"87, MG Road, Pune",87MGROADPUNE,ACTIVE,2024-12-04
V0560,Metro Technologies 560,METROTECHNOLOGIES560,87CDWHG7772WZ2,HAXYM2681U,129068262171,********2171,AXIS05R1F5B,9194522656,metrotechnologies560560@example.com,"90, Industrial Area, Bengaluru",90INDUSTRIALAREABENGALURU,ACTIVE,2025-05-29
V0561,Prime Services 561,PRIMESERVICES561,67ZUWWK7355GZ8,VDITD3304Q,513934774235,********4235,KKBK01TL9JN,9555402349,primeservices561561@example.com,"16, MG Road, Bengaluru",16MGROADBENGALURU,ACTIVE,2025-06-29
V0562,National Solutions 562,NATIONALSOLUTIONS562,56PCUSK0642CZ5,UGAVA3221Z,365060426873,********6873,KKBK0NLZL7H,9564863222,nationalsolutions562562@example.com,"560, Main Road, Delhi",560MAINROADDELHI,INACTIVE,2024-06-17
V0563,Southern Traders 563,SOUTHERNTRADERS563,62QTNCY5079EZ2,JPMGL9219S,077732547535,********7535,HDFC08HEGIV,9208046978,southerntraders563563@example.com,"863, Main Road, Hyderabad",863MAINROADHYDERABAD,ACTIVE,2026-03-27
V0564,Reliable Solutions 564,RELIABLESOLUTIONS564,27EZWDZ7615GZ9,KYEOG4472G,482423893064,********3064,ICIC046ZMV4,9560463859,reliablesolutions564564@example.com,"475, Market Street, Pune",475MARKETSTREETPUNE,ACTIVE,2024-07-05
V0565,Metro Enterprises 565,METROENTERPRISES565,43EAKGO0705XZ4,UGYCR7597R,957590969731,********9731,SBIN0UJCIUH,9174935134,metroenterprises565565@example.com,"670, Market Street, Mumbai",670MARKETSTREETMUMBAI,INACTIVE,2025-05-02
V0566,Industrial Enterprises 566,INDUSTRIALENTERPRISES566,93OHLMD2664MZ2,JACCP3502X,742702552859,********2859,ICIC0OJW1JV,9007909792,industrialenterprises566566@example.com,"582, Industrial Area, Delhi",582INDUSTRIALAREADELHI,INACTIVE,2025-12-21
V0567,Southern Industries 567,SOUTHERNINDUSTRIES567,60DUTLL2137SZ8,ZXXQM6739O,945936542495,********2495,KKBK0H1RAEM,9609628780,southernindustries567567@example.com,"320, MG Road, Delhi",320MGROADDELHI,INACTIVE,2025-06-04
V0568,Apex Traders 568,APEXTRADERS568,37YXZKH4124PZ7,XTJKW2347M,073623398882,********8882,KKBK0JVJPCM,9672423062,apextraders568568@example.com,"521, Main Road, Hyderabad",521MAINROADHYDERABAD,ACTIVE,2024-09-04
V0569,Industrial Traders 569,INDUSTRIALTRADERS569,14UMAFF7341XZ2,GPHTB9802G,767632630482,********0482,HDFC085DA5H,9878307132,industrialtraders569569@example.com,"174, MG Road, Chennai",174MGROADCHENNAI,INACTIVE,2025-10-08
V0570,Southern Traders 570,SOUTHERNTRADERS570,72FUQGI1095CZ1,WAQLM5651J,946297987289,********7289,KKBK0J5RWHH,9284223837,southerntraders570570@example.com,"211, Industrial Area, Delhi",211INDUSTRIALAREADELHI,INACTIVE,2025-06-24
V0571,Southern Suppliers 571,SOUTHERNSUPPLIERS571,70BCVSR1118MZ2,WODMG5599D,996764147844,********7844,ICIC06IOSA6,9594008461,southernsuppliers571571@example.com,"876, Market Street, Hyderabad",876MARKETSTREETHYDERABAD,ACTIVE,2026-04-18
V0572,Reliable Enterprises 572,RELIABLEENTERPRISES572,69FYIHR8864QZ1,PEWOV2639H,957635298257,********8257,HDFC0P0LW38,9985699509,reliableenterprises572572@example.com,"42, Main Road, Hyderabad",42MAINROADHYDERABAD,ACTIVE,2025-04-17
V0573,Apex Traders 573,APEXTRADERS573,38APXXJ9399AZ8,PPUHU0149A,460718686563,********6563,HDFC0F9VHU7,9022656763,apextraders573573@example.com,"6, Market Street, Mumbai",6MARKETSTREETMUMBAI,ACTIVE,2026-04-07
V0574,Global Enterprises 574,GLOBALENTERPRISES574,36PNTHS6351CZ9,EDRTW4213D,029935725486,********5486,KKBK0M5NQPT,9573300557,globalenterprises574574@example.com,"542, MG Road, Bengaluru",542MGROADBENGALURU,ACTIVE,2026-05-15
V0575,United Enterprises 575,UNITEDENTERPRISES575,93GKHGI4853ZZ6,PUYJI5857V,170725517305,********7305,ICIC0Q1K1QR,9438381248,unitedenterprises575575@example.com,"760, Main Road, Pune",760MAINROADPUNE,ACTIVE,2025-05-09
V0576,Southern Traders 576,SOUTHERNTRADERS576,23LDRIK8135KZ1,YULGT0379E,478852857427,********7427,AXIS0FRM273,9962196039,southerntraders576576@example.com,"631, MG Road, Hyderabad",631MGROADHYDERABAD,ACTIVE,2025-07-23
V0577,Metro Technologies 577,METROTECHNOLOGIES577,94MZTKB8673ZZ2,AKSHC0965Y,638989459239,********9239,ICIC0DZQION,9096206059,metrotechnologies577577@example.com,"297, Market Street, Delhi",297MARKETSTREETDELHI,ACTIVE,2025-10-23
V0578,Global Industries 578,GLOBALINDUSTRIES578,40SYLMB9685UZ8,NYZBN2294D,755032040616,********0616,AXIS01PI552,9752611744,globalindustries578578@example.com,"35, Market Street, Delhi",35MARKETSTREETDELHI,ACTIVE,2026-01-15
V0579,Reliable Enterprises 579,RELIABLEENTERPRISES579,80MVHPE3409IZ7,VFUQI0384U,457775425656,********5656,ICIC0HK7W2V,9055375368,reliableenterprises579579@example.com,"282, MG Road, Delhi",282MGROADDELHI,ACTIVE,2024-05-04
V0580,Eastern Suppliers 580,EASTERNSUPPLIERS580,72SUBKS2497QZ6,MGYUI3886O,716696251922,********1922,AXIS0XX2N2S,9508381376,easternsuppliers580580@example.com,"860, Industrial Area, Chennai",860INDUSTRIALAREACHENNAI,ACTIVE,2025-10-16
V0581,United Solutions 581,UNITEDSOLUTIONS581,97NLLCJ0360QZ6,RRUKQ2383R,910424122020,********2020,HDFC0W963ZS,9984914577,unitedsolutions581581@example.com,"271, Industrial Area, Pune",271INDUSTRIALAREAPUNE,ACTIVE,2024-07-31
V0582,Metro Solutions 582,METROSOLUTIONS582,93UXPTJ5310FZ6,QLYUF9513A,098608031024,********1024,AXIS0R6ZEBC,9518145282,metrosolutions582582@example.com,"99, MG Road, Pune",99MGROADPUNE,INACTIVE,2024-04-22
V0583,United Traders 583,UNITEDTRADERS583,62ZIATG3349BZ4,KXTDS1099V,201271438120,********8120,AXIS0TBUL81,9905846212,unitedtraders583583@example.com,"245, Industrial Area, Hyderabad",245INDUSTRIALAREAHYDERABAD,ACTIVE,2025-08-11
V0584,Metro Technologies 584,METROTECHNOLOGIES584,28WSFDE6453VZ6,TODAB7933Q,635779844042,********4042,HDFC02DVGON,9292237334,metrotechnologies584584@example.com,"713, Industrial Area, Hyderabad",713INDUSTRIALAREAHYDERABAD,ACTIVE,2024-01-03
V0585,Southern Technologies 585,SOUTHERNTECHNOLOGIES585,33ISQOR8896SZ8,CQWJN4633D,492906048741,********8741,AXIS08IYUBZ,9967857652,southerntechnologies585585@example.com,"554, Market Street, Hyderabad",554MARKETSTREETHYDERABAD,ACTIVE,2025-05-14
V0586,Southern Suppliers 586,SOUTHERNSUPPLIERS586,52OYJAM9335MZ3,WMWID9116F,606870376988,********6988,AXIS0AE7WN0,9914801987,southernsuppliers586586@example.com,"911, Main Road, Delhi",911MAINROADDELHI,INACTIVE,2026-05-08
V0587,Global Solutions 587,GLOBALSOLUTIONS587,95RNMMM0251MZ9,DYCIQ7544P,258040116653,********6653,AXIS0HLVO2Y,9981388932,globalsolutions587587@example.com,"665, MG Road, Chennai",665MGROADCHENNAI,INACTIVE,2026-03-27
V0588,United Services 588,UNITEDSERVICES588,72SGLZM6399VZ6,RHNJP5711B,041428561557,********1557,HDFC0WCNJXE,9345595220,unitedservices588588@example.com,"544, Industrial Area, Delhi",544INDUSTRIALAREADELHI,ACTIVE,2024-09-08
V0589,Eastern Traders 589,EASTERNTRADERS589,96HOMMD1156GZ5,TDFZU1244N,331774233411,********3411,SBIN06AIXY3,9486034677,easterntraders589589@example.com,"571, Industrial Area, Hyderabad",571INDUSTRIALAREAHYDERABAD,ACTIVE,2025-04-14
V0590,United Suppliers 590,UNITEDSUPPLIERS590,30BHAUJ7369FZ5,FOKJV4053A,333356033819,********3819,AXIS0UJ1U6J,9170287521,unitedsuppliers590590@example.com,"76, Industrial Area, Bengaluru",76INDUSTRIALAREABENGALURU,ACTIVE,2026-05-11
V0591,Southern Suppliers 591,SOUTHERNSUPPLIERS591,41JZINU8007BZ4,HJBCZ4881F,875866962186,********2186,SBIN03MLOF6,9983237165,southernsuppliers591591@example.com,"118, MG Road, Hyderabad",118MGROADHYDERABAD,ACTIVE,2025-05-16
V0592,Prime Technologies 592,PRIMETECHNOLOGIES592,41YNZBP7111IZ2,TAEHC3059K,223096394064,********4064,AXIS0J3T8ME,9213705959,primetechnologies592592@example.com,"456, Industrial Area, Bengaluru",456INDUSTRIALAREABENGALURU,ACTIVE,2025-03-17
V0593,Apex Solutions 593,APEXSOLUTIONS593,92RQEPP5227GZ9,YSKPE1841D,667557185188,********5188,ICIC03BQ6FW,9533659332,apexsolutions593593@example.com,"120, Main Road, Bengaluru",120MAINROADBENGALURU,ACTIVE,2025-12-08
V0594,Eastern Suppliers 594,EASTERNSUPPLIERS594,50EDCRX0031DZ6,KWTXG1270E,164699932619,********2619,ICIC0557O7R,9027012872,easternsuppliers594594@example.com,"475, Industrial Area, Chennai",475INDUSTRIALAREACHENNAI,ACTIVE,2025-07-03
V0595,Reliable Traders 595,RELIABLETRADERS595,64SXHZS8480OZ6,EHRAV6830W,407676665569,********5569,KKBK0ZR7KQ9,9313848952,reliabletraders595595@example.com,"820, MG Road, Pune",820MGROADPUNE,ACTIVE,2025-05-12
V0596,Reliable Technologies 596,RELIABLETECHNOLOGIES596,68OLAXT0183OZ4,CPJGV7656U,562681959696,********9696,ICIC0LLQCAQ,9864375722,reliabletechnologies596596@example.com,"742, Industrial Area, Chennai",742INDUSTRIALAREACHENNAI,INACTIVE,2024-07-21
V0597,Apex Traders 597,APEXTRADERS597,31EJICV8776LZ5,CKRJX7904J,910503507223,********7223,SBIN0DI47I1,9708724491,apextraders597597@example.com,"387, Main Road, Bengaluru",387MAINROADBENGALURU,ACTIVE,2024-09-24
V0598,National Traders 598,NATIONALTRADERS598,18XWVQO2934VZ6,WYDXL3528G,749078816510,********6510,HDFC0DV8I96,9951287398,nationaltraders598598@example.com,"887, Main Road, Chennai",887MAINROADCHENNAI,ACTIVE,2024-01-28
V0599,Metro Technologies 599,METROTECHNOLOGIES599,79CBNZB6447GZ3,THPMX0692U,824530000102,********0102,SBIN0XJ0LEB,9388230611,metrotechnologies599599@example.com,"951, MG Road, Chennai",951MGROADCHENNAI,ACTIVE,2025-01-10
V0600,Apex Services 600,APEXSERVICES600,72JUSUP7957OZ8,LTXWF4612R,049166537946,********7946,HDFC0TUWX2B,9522123598,apexservices600600@example.com,"467, Market Street, Mumbai",467MARKETSTREETMUMBAI,ACTIVE,2025-10-22
V0601,Industrial Technologies 601,INDUSTRIALTECHNOLOGIES601,72UNQXC9623EZ1,JHHEG1052N,156496770673,********0673,ICIC0S46A90,9903461636,industrialtechnologies601601@example.com,"742, Industrial Area, Delhi",742INDUSTRIALAREADELHI,ACTIVE,2026-01-06
V0602,Apex Technologies 602,APEXTECHNOLOGIES602,85YESSZ7700YZ3,RAHTQ4997J,270797646559,********6559,AXIS0DPYTA7,9089954049,apextechnologies602602@example.com,"225, Market Street, Delhi",225MARKETSTREETDELHI,ACTIVE,2025-03-19
V0603,National Technologies 603,NATIONALTECHNOLOGIES603,16SRFTM1867SZ8,RGVRT6072D,025410147214,********7214,AXIS0PV07UJ,9814251910,nationaltechnologies603603@example.com,"300, Market Street, Pune",300MARKETSTREETPUNE,INACTIVE,2026-02-25
V0604,United Suppliers 604,UNITEDSUPPLIERS604,40XLFVJ3629ZZ6,FDCQE1826D,896807130802,********0802,KKBK046XAAD,9762731062,unitedsuppliers604604@example.com,"140, Industrial Area, Hyderabad",140INDUSTRIALAREAHYDERABAD,INACTIVE,2026-03-13
V0605,Industrial Services 605,INDUSTRIALSERVICES605,88ITKSN8327KZ9,ZKDQJ5268V,785634149375,********9375,SBIN08GGHTV,9856976815,industrialservices605605@example.com,"969, Industrial Area, Bengaluru",969INDUSTRIALAREABENGALURU,ACTIVE,2024-01-29
V0606,Industrial Enterprises 606,INDUSTRIALENTERPRISES606,99MMGUH3723JZ1,BAOWY3517O,606888378932,********8932,SBIN032RV23,9598635108,industrialenterprises606606@example.com,"47, Main Road, Bengaluru",47MAINROADBENGALURU,ACTIVE,2025-04-24
V0607,National Technologies 607,NATIONALTECHNOLOGIES607,66OKDRX1426YZ1,FJQGR6526Q,760708692874,********2874,KKBK0JJFUMY,9208524293,nationaltechnologies607607@example.com,"370, Market Street, Delhi",370MARKETSTREETDELHI,ACTIVE,2025-12-29
V0608,Southern Enterprises 608,SOUTHERNENTERPRISES608,26WYHAF9361MZ2,MXHAR9293L,514117276175,********6175,HDFC0CTICEA,9018171466,southernenterprises608608@example.com,"863, Main Road, Bengaluru",863MAINROADBENGALURU,ACTIVE,2025-08-24
V0609,Apex Suppliers 609,APEXSUPPLIERS609,34TDLZP7509DZ1,AJMTB1629Q,784716329268,********9268,AXIS08U287M,9809410155,apexsuppliers609609@example.com,"813, Industrial Area, Pune",813INDUSTRIALAREAPUNE,ACTIVE,2025-07-23
V0610,Industrial Suppliers 610,INDUSTRIALSUPPLIERS610,49NBZER6968WZ1,NKSAB1064F,422482969820,********9820,HDFC0S49MI9,9657128898,industrialsuppliers610610@example.com,"32, Market Street, Hyderabad",32MARKETSTREETHYDERABAD,INACTIVE,2024-12-25
V0611,Prime Traders 611,PRIMETRADERS611,45DFALQ4657KZ6,RIZPO0328O,010950406940,********6940,ICIC06OWYEG,9435171392,primetraders611611@example.com,"370, Main Road, Chennai",370MAINROADCHENNAI,ACTIVE,2026-02-22
V0612,Apex Industries 612,APEXINDUSTRIES612,58LZLXO8458WZ6,NLQYC3846N,143696252489,********2489,SBIN08SWXQW,9340922842,apexindustries612612@example.com,"699, Market Street, Pune",699MARKETSTREETPUNE,ACTIVE,2024-09-21
V0613,Metro Traders 613,METROTRADERS613,85DBZUY6919KZ8,DJXZZ1207O,424530543598,********3598,KKBK05MVNFK,9330578834,metrotraders613613@example.com,"560, MG Road, Delhi",560MGROADDELHI,ACTIVE,2025-02-21
V0614,Southern Industries 614,SOUTHERNINDUSTRIES614,88XPWWU8040BZ1,MYCHG8002S,290926315375,********5375,HDFC00X96KN,9466835748,southernindustries614614@example.com,"715, Industrial Area, Hyderabad",715INDUSTRIALAREAHYDERABAD,ACTIVE,2025-05-04
V0615,Industrial Technologies 615,INDUSTRIALTECHNOLOGIES615,39QGSPN1225CZ3,DSOPU8813Z,398411773243,********3243,HDFC0AZE5EZ,9225934708,industrialtechnologies615615@example.com,"309, MG Road, Bengaluru",309MGROADBENGALURU,ACTIVE,2024-04-23
V0616,Industrial Services 616,INDUSTRIALSERVICES616,95YTKJM4429BZ9,JARYW1433F,035858483449,********3449,HDFC0RCUTRE,9541371006,industrialservices616616@example.com,"713, Main Road, Pune",713MAINROADPUNE,ACTIVE,2025-12-09
V0617,Global Traders 617,GLOBALTRADERS617,84AEWGB0698HZ4,VXCCW2035K,846646034384,********4384,SBIN0SLEKFO,9324424920,globaltraders617617@example.com,"912, Industrial Area, Chennai",912INDUSTRIALAREACHENNAI,INACTIVE,2025-08-08
V0618,Eastern Suppliers 618,EASTERNSUPPLIERS618,83JXNRB6936BZ2,PTZUX4246U,963999486287,********6287,AXIS0P8VO57,9248845147,easternsuppliers618618@example.com,"666, Main Road, Bengaluru",666MAINROADBENGALURU,ACTIVE,2024-04-02
V0619,Global Suppliers 619,GLOBALSUPPLIERS619,26DWJBB2371JZ5,KEAKL2769L,607687881941,********1941,HDFC0SK0NLY,9022639552,globalsuppliers619619@example.com,"671, Main Road, Hyderabad",671MAINROADHYDERABAD,ACTIVE,2024-06-12
V0620,Global Suppliers 620,GLOBALSUPPLIERS620,91YOUAG0920TZ1,MCOGI6918P,273437728958,********8958,ICIC0RMJOPP,9423514094,globalsuppliers620620@example.com,"906, Market Street, Chennai",906MARKETSTREETCHENNAI,ACTIVE,2024-12-13
V0621,Metro Solutions 621,METROSOLUTIONS621,65EQTZQ3124GZ4,SVBDW8296D,240100622865,********2865,ICIC09MIZNQ,9998074690,metrosolutions621621@example.com,"223, Industrial Area, Chennai",223INDUSTRIALAREACHENNAI,INACTIVE,2026-05-26
V0622,Apex Solutions 622,APEXSOLUTIONS622,42DRZSQ4199MZ9,GENWN8456D,781222287575,********7575,HDFC0VHTNBB,9004615864,apexsolutions622622@example.com,"91, MG Road, Hyderabad",91MGROADHYDERABAD,INACTIVE,2024-12-04
V0623,United Traders 623,UNITEDTRADERS623,95KWHVB2421KZ8,FZTVN1793V,453402862783,********2783,AXIS0M3MULO,9099922715,unitedtraders623623@example.com,"379, Main Road, Hyderabad",379MAINROADHYDERABAD,INACTIVE,2026-01-24
V0624,United Solutions 624,UNITEDSOLUTIONS624,39MKHHY3064RZ2,FMEOD6261V,019102396816,********6816,ICIC0VFWBZY,9933124465,unitedsolutions624624@example.com,"263, Industrial Area, Hyderabad",263INDUSTRIALAREAHYDERABAD,ACTIVE,2024-07-21
V0625,Southern Industries 625,SOUTHERNINDUSTRIES625,60JIOLR0962NZ9,ERJSN3174S,966746094134,********4134,AXIS02NU4H6,9148463845,southernindustries625625@example.com,"944, Main Road, Chennai",944MAINROADCHENNAI,ACTIVE,2025-04-29
V0626,Global Services 626,GLOBALSERVICES626,59CBJNE8375QZ8,YQEZP9876Z,176228430195,********0195,KKBK0MSPZPD,9628926855,globalservices626626@example.com,"699, Market Street, Pune",699MARKETSTREETPUNE,ACTIVE,2025-02-08
V0627,Southern Services 627,SOUTHERNSERVICES627,96WEUBF5306HZ2,JFYGV6662A,401894492950,********2950,KKBK0TCRGEV,9418130826,southernservices627627@example.com,"196, Market Street, Pune",196MARKETSTREETPUNE,INACTIVE,2025-05-12
V0628,Apex Traders 628,APEXTRADERS628,47WNGFW9430JZ8,HQCZB7504R,666670488881,********8881,ICIC064BWX0,9585727612,apextraders628628@example.com,"926, MG Road, Hyderabad",926MGROADHYDERABAD,ACTIVE,2025-01-24
V0629,Global Industries 629,GLOBALINDUSTRIES629,24CMJHN9284AZ2,TCLCU9485X,202671411880,********1880,ICIC08ALLS5,9742016248,globalindustries629629@example.com,"384, Industrial Area, Mumbai",384INDUSTRIALAREAMUMBAI,ACTIVE,2024-08-01
V0630,Global Enterprises 630,GLOBALENTERPRISES630,62YLGMG4475XZ4,ZQKRV3537A,705703470235,********0235,HDFC0RFGX9I,9755169130,globalenterprises630630@example.com,"969, MG Road, Delhi",969MGROADDELHI,ACTIVE,2024-03-05
V0631,Metro Enterprises 631,METROENTERPRISES631,70USLRH3844QZ9,KFREY7846A,850600340668,********0668,SBIN0WTCI9S,9590788347,metroenterprises631631@example.com,"29, Main Road, Mumbai",29MAINROADMUMBAI,INACTIVE,2025-04-20
V0632,Industrial Traders 632,INDUSTRIALTRADERS632,69TBWRO2993QZ3,LRIED6356R,815700104394,********4394,SBIN0SU2MSG,9416927786,industrialtraders632632@example.com,"924, MG Road, Chennai",924MGROADCHENNAI,ACTIVE,2025-12-17
V0633,United Industries 633,UNITEDINDUSTRIES633,60UJSPO5647EZ8,GZWVW8960D,561657221452,********1452,AXIS0PI2EYE,9362639447,unitedindustries633633@example.com,"916, Industrial Area, Chennai",916INDUSTRIALAREACHENNAI,INACTIVE,2024-07-05
V0634,Metro Suppliers 634,METROSUPPLIERS634,53GOHOM2705WZ5,EQHGC3119N,223778928901,********8901,SBIN01XGJNG,9554273665,metrosuppliers634634@example.com,"374, Main Road, Hyderabad",374MAINROADHYDERABAD,INACTIVE,2025-01-18
V0635,Southern Technologies 635,SOUTHERNTECHNOLOGIES635,40BYVOG7905EZ5,KHYTN6993X,803139058459,********8459,HDFC09W7WAP,9737386243,southerntechnologies635635@example.com,"122, Market Street, Mumbai",122MARKETSTREETMUMBAI,ACTIVE,2026-04-11
V0636,National Technologies 636,NATIONALTECHNOLOGIES636,50ASEKA2094RZ9,KZWZQ1158I,957034820519,********0519,KKBK0TFBQON,9669520000,nationaltechnologies636636@example.com,"879, MG Road, Chennai",879MGROADCHENNAI,ACTIVE,2024-05-19
V0637,United Traders 637,UNITEDTRADERS637,86HZRSF7475SZ4,AIMMV6824A,817547335935,********5935,AXIS0LWBVV0,9537820294,unitedtraders637637@example.com,"15, Main Road, Mumbai",15MAINROADMUMBAI,ACTIVE,2026-06-14
V0638,National Solutions 638,NATIONALSOLUTIONS638,31CCHKR3821AZ3,WIHNZ6242F,637843693930,********3930,SBIN0XQQ0VB,9489973848,nationalsolutions638638@example.com,"365, Main Road, Chennai",365MAINROADCHENNAI,ACTIVE,2026-01-14
V0639,National Enterprises 639,NATIONALENTERPRISES639,71PQEHR8482TZ7,MRPYQ1863B,997847806878,********6878,AXIS0AU1MZ7,9247438509,nationalenterprises639639@example.com,"78, Industrial Area, Mumbai",78INDUSTRIALAREAMUMBAI,INACTIVE,2025-01-19
V0640,Metro Enterprises 640,METROENTERPRISES640,86MMLNQ9981GZ9,BCYBC8392X,014125132240,********2240,ICIC0C3KDXI,9680106129,metroenterprises640640@example.com,"165, Market Street, Pune",165MARKETSTREETPUNE,ACTIVE,2026-01-18
V0641,National Services 641,NATIONALSERVICES641,49JHQBG9138IZ4,JTCXD6532B,594994442474,********2474,KKBK0W1GIX5,9269363700,nationalservices641641@example.com,"931, MG Road, Hyderabad",931MGROADHYDERABAD,INACTIVE,2024-09-13
V0642,Global Traders 642,GLOBALTRADERS642,46OGZRL8840SZ5,BOVXI6177L,321618354199,********4199,KKBK0WQ1FTT,9576068598,globaltraders642642@example.com,"142, Main Road, Hyderabad",142MAINROADHYDERABAD,ACTIVE,2024-03-25
V0643,Reliable Services 643,RELIABLESERVICES643,10ABJHE8854LZ6,GXUNM4671V,577283994718,********4718,SBIN0N70W1P,9163015073,reliableservices643643@example.com,"743, Market Street, Chennai",743MARKETSTREETCHENNAI,ACTIVE,2025-04-17
V0644,Industrial Services 644,INDUSTRIALSERVICES644,44JIEIQ7762EZ9,TMXIC3093Q,280242275160,********5160,HDFC0M0DL4Y,9045530292,industrialservices644644@example.com,"34, Main Road, Mumbai",34MAINROADMUMBAI,ACTIVE,2025-02-21
V0645,Global Enterprises 645,GLOBALENTERPRISES645,60PBDYQ4588RZ7,PONOV6970N,148023912301,********2301,ICIC0CFWJHU,9817874101,globalenterprises645645@example.com,"583, Market Street, Delhi",583MARKETSTREETDELHI,INACTIVE,2024-10-15
V0646,Reliable Solutions 646,RELIABLESOLUTIONS646,38VAUEA1427PZ8,JQHTN8020W,421655446056,********6056,HDFC0H0QA1L,9573637362,reliablesolutions646646@example.com,"939, MG Road, Hyderabad",939MGROADHYDERABAD,ACTIVE,2026-05-09
V0647,Reliable Industries 647,RELIABLEINDUSTRIES647,81IXZWS0950PZ1,VFKKF6931C,985648755996,********5996,ICIC0F8LSMG,9940162984,reliableindustries647647@example.com,"119, Industrial Area, Hyderabad",119INDUSTRIALAREAHYDERABAD,ACTIVE,2024-12-19
V0648,Metro Services 648,METROSERVICES648,41BKLBU1831TZ5,UPNES9251A,277169340608,********0608,HDFC0LJQRJD,9308481911,metroservices648648@example.com,"761, MG Road, Bengaluru",761MGROADBENGALURU,INACTIVE,2024-04-21
V0649,Southern Services 649,SOUTHERNSERVICES649,50LVZWB8954UZ6,ATWAX8657X,960813852672,********2672,AXIS0SFHZ92,9395189521,southernservices649649@example.com,"336, Market Street, Bengaluru",336MARKETSTREETBENGALURU,INACTIVE,2024-02-01
V0650,Reliable Traders 650,RELIABLETRADERS650,80YCBAX6349OZ3,YFLHG2834O,205594019997,********9997,HDFC0UZMXL2,9885402822,reliabletraders650650@example.com,"109, Market Street, Bengaluru",109MARKETSTREETBENGALURU,INACTIVE,2024-09-14
V0651,Southern Industries 651,SOUTHERNINDUSTRIES651,52FCZUK8124QZ1,RONHW7386O,986497039418,********9418,HDFC0BCUC6B,9253397672,southernindustries651651@example.com,"605, Market Street, Delhi",605MARKETSTREETDELHI,INACTIVE,2026-02-10
V0652,Southern Suppliers 652,SOUTHERNSUPPLIERS652,94OGUEQ1950YZ6,PWAHR2834T,611593021931,********1931,KKBK0BY1FUZ,9693493175,southernsuppliers652652@example.com,"840, MG Road, Chennai",840MGROADCHENNAI,ACTIVE,2026-05-07
V0653,Prime Suppliers 653,PRIMESUPPLIERS653,30ROFQR4033QZ3,WMJIC3281P,658424261554,********1554,KKBK0OM3OQC,9178651029,primesuppliers653653@example.com,"800, Market Street, Hyderabad",800MARKETSTREETHYDERABAD,INACTIVE,2024-11-23
V0654,Industrial Enterprises 654,INDUSTRIALENTERPRISES654,70REITM1454IZ6,CTILT3792Z,692820451817,********1817,KKBK0T9LZX8,9501597117,industrialenterprises654654@example.com,"35, Market Street, Chennai",35MARKETSTREETCHENNAI,INACTIVE,2024-09-12
V0655,Metro Solutions 655,METROSOLUTIONS655,74TZWFL7145NZ1,GQTXJ6875H,347403678595,********8595,SBIN0W5E1QM,9383459115,metrosolutions655655@example.com,"886, Market Street, Hyderabad",886MARKETSTREETHYDERABAD,ACTIVE,2026-04-03
V0656,National Enterprises 656,NATIONALENTERPRISES656,63SEXFM2562RZ8,TSKCZ1161S,015677693992,********3992,SBIN0D287ZF,9709933627,nationalenterprises656656@example.com,"694, Industrial Area, Pune",694INDUSTRIALAREAPUNE,ACTIVE,2024-10-08
V0657,Apex Enterprises 657,APEXENTERPRISES657,30NLERW0957MZ6,LLUPL1177B,638890702409,********2409,KKBK0P4OTN8,9240689101,apexenterprises657657@example.com,"285, MG Road, Chennai",285MGROADCHENNAI,ACTIVE,2025-07-11
V0658,Industrial Suppliers 658,INDUSTRIALSUPPLIERS658,29NAYSK6587VZ8,HCCUG8786H,482232820479,********0479,HDFC0C8DO1P,9995330753,industrialsuppliers658658@example.com,"534, Market Street, Pune",534MARKETSTREETPUNE,INACTIVE,2024-06-04
V0659,National Solutions 659,NATIONALSOLUTIONS659,47KACGR1869XZ7,XDIBA3453P,655039406088,********6088,ICIC04FCM56,9287537800,nationalsolutions659659@example.com,"361, MG Road, Hyderabad",361MGROADHYDERABAD,ACTIVE,2025-10-19
V0660,Global Services 660,GLOBALSERVICES660,38RUMCL7370SZ9,SHTEA7565L,502696784052,********4052,ICIC0BV9MDP,9309161987,globalservices660660@example.com,"476, Industrial Area, Chennai",476INDUSTRIALAREACHENNAI,INACTIVE,2026-01-24
V0661,Metro Services 661,METROSERVICES661,29UGFYH7996HZ8,QJFPG8535G,908208610746,********0746,ICIC09SX3KO,9216583089,metroservices661661@example.com,"140, Market Street, Bengaluru",140MARKETSTREETBENGALURU,INACTIVE,2025-11-07
V0662,Prime Enterprises 662,PRIMEENTERPRISES662,70DYWAF2365IZ9,KRMFH2330E,112416424656,********4656,ICIC0O0142J,9155152638,primeenterprises662662@example.com,"599, MG Road, Delhi",599MGROADDELHI,ACTIVE,2024-01-05
V0663,United Suppliers 663,UNITEDSUPPLIERS663,37RCFMB3260KZ4,MXEVY2609Y,103739364599,********4599,SBIN0IN05OS,9531888280,unitedsuppliers663663@example.com,"595, Industrial Area, Delhi",595INDUSTRIALAREADELHI,ACTIVE,2025-09-26
V0664,Southern Traders 664,SOUTHERNTRADERS664,18PJUZI4460BZ4,UGIFX5859Q,924668079094,********9094,HDFC0KDY8LW,9224711665,southerntraders664664@example.com,"856, Market Street, Pune",856MARKETSTREETPUNE,INACTIVE,2026-04-01
V0665,Prime Services 665,PRIMESERVICES665,63LXYKV6509YZ2,EMOQN3629S,535143005399,********5399,HDFC0WOWKZM,9978170728,primeservices665665@example.com,"737, Main Road, Chennai",737MAINROADCHENNAI,ACTIVE,2024-05-06
V0666,Eastern Enterprises 666,EASTERNENTERPRISES666,14UJBGW1737OZ8,EKTEO6371G,084625907007,********7007,SBIN0JVR3V6,9376568483,easternenterprises666666@example.com,"378, Main Road, Pune",378MAINROADPUNE,ACTIVE,2025-04-01
V0667,Apex Solutions 667,APEXSOLUTIONS667,92SBLUL5147DZ8,HFABY3902G,799269983971,********3971,HDFC0OORMR9,9498576147,apexsolutions667667@example.com,"923, Main Road, Chennai",923MAINROADCHENNAI,ACTIVE,2024-01-10
V0668,Reliable Technologies 668,RELIABLETECHNOLOGIES668,31WLDJG0695KZ9,IKXDK8348F,945602564741,********4741,HDFC0YPAYDZ,9708302784,reliabletechnologies668668@example.com,"816, Market Street, Mumbai",816MARKETSTREETMUMBAI,ACTIVE,2026-06-04
V0669,National Suppliers 669,NATIONALSUPPLIERS669,82HISYN4050RZ2,GZAIF1388Y,444363711918,********1918,KKBK0NM3EDE,9493343963,nationalsuppliers669669@example.com,"812, MG Road, Bengaluru",812MGROADBENGALURU,INACTIVE,2025-06-28
V0670,Industrial Technologies 670,INDUSTRIALTECHNOLOGIES670,61GLAQI3347SZ8,SJWFW2309O,119589541955,********1955,ICIC0J53MXY,9646194023,industrialtechnologies670670@example.com,"274, Market Street, Hyderabad",274MARKETSTREETHYDERABAD,ACTIVE,2024-06-01
V0671,Reliable Technologies 671,RELIABLETECHNOLOGIES671,31PLQNB8692OZ5,OTWST1141Y,816284759026,********9026,KKBK0I0SAS3,9608955212,reliabletechnologies671671@example.com,"344, Industrial Area, Mumbai",344INDUSTRIALAREAMUMBAI,ACTIVE,2024-12-14
V0672,Global Solutions 672,GLOBALSOLUTIONS672,23UZCSO4890JZ7,ZVUDC7735G,703929584856,********4856,AXIS01B3JSU,9856301050,globalsolutions672672@example.com,"859, MG Road, Bengaluru",859MGROADBENGALURU,ACTIVE,2024-03-21
V0673,United Services 673,UNITEDSERVICES673,89IBGNR3633QZ7,DSYWE8780E,937873485009,********5009,SBIN069TRJ7,9486589325,unitedservices673673@example.com,"444, Market Street, Pune",444MARKETSTREETPUNE,ACTIVE,2025-05-31
V0674,Global Services 674,GLOBALSERVICES674,75DELJJ1394EZ8,LEGOC1391G,280228216535,********6535,KKBK00Z98WQ,9579199815,globalservices674674@example.com,"331, Industrial Area, Chennai",331INDUSTRIALAREACHENNAI,ACTIVE,2026-05-31
V0675,Industrial Traders 675,INDUSTRIALTRADERS675,92HGBTE2784VZ7,ZWQXK4746E,128076522320,********2320,HDFC0ZDXCAI,9278100544,industrialtraders675675@example.com,"83, MG Road, Pune",83MGROADPUNE,ACTIVE,2025-10-21
V0676,Metro Suppliers 676,METROSUPPLIERS676,96IECUN3092JZ7,ZFJNP3748J,122611844143,********4143,ICIC03A0YQ6,9687267370,metrosuppliers676676@example.com,"888, Market Street, Mumbai",888MARKETSTREETMUMBAI,INACTIVE,2025-08-13
V0677,Metro Services 677,METROSERVICES677,62TLLRB9572NZ2,WWISU3719D,316193487749,********7749,KKBK0MPIW8B,9644516573,metroservices677677@example.com,"604, Industrial Area, Chennai",604INDUSTRIALAREACHENNAI,ACTIVE,2024-10-26
V0678,Southern Solutions 678,SOUTHERNSOLUTIONS678,42EVRPK3333IZ1,OKCSR8607U,404618107170,********7170,SBIN0SRGFG4,9829694712,southernsolutions678678@example.com,"899, Main Road, Bengaluru",899MAINROADBENGALURU,ACTIVE,2026-05-23
V0679,Global Enterprises 679,GLOBALENTERPRISES679,97MLGSV3838KZ1,FBHQL0090V,513129293946,********3946,ICIC05B2DXU,9089374782,globalenterprises679679@example.com,"118, Main Road, Hyderabad",118MAINROADHYDERABAD,ACTIVE,2026-03-23
V0680,Prime Traders 680,PRIMETRADERS680,57SWILT3274RZ2,TRERQ2439N,734629017399,********7399,HDFC0GNJZ2H,9491519432,primetraders680680@example.com,"123, Industrial Area, Delhi",123INDUSTRIALAREADELHI,ACTIVE,2025-08-17
V0681,Global Solutions 681,GLOBALSOLUTIONS681,19KBNWZ8803QZ2,CTJWT8646V,638490337193,********7193,ICIC0VNF751,9555440355,globalsolutions681681@example.com,"327, MG Road, Bengaluru",327MGROADBENGALURU,ACTIVE,2025-04-30
V0682,Prime Suppliers 682,PRIMESUPPLIERS682,37ZKOMG0045RZ5,BMCDP0276C,793718401278,********1278,KKBK0MODP9N,9512386340,primesuppliers682682@example.com,"711, Main Road, Chennai",711MAINROADCHENNAI,INACTIVE,2024-07-18
V0683,Global Technologies 683,GLOBALTECHNOLOGIES683,54UPKME5372IZ6,ILDNC0999X,581973185438,********5438,HDFC0SBTL03,9977310515,globaltechnologies683683@example.com,"683, Industrial Area, Mumbai",683INDUSTRIALAREAMUMBAI,INACTIVE,2025-05-13
V0684,Southern Traders 684,SOUTHERNTRADERS684,38GVLTK2958EZ7,XECYI1428P,402575413633,********3633,ICIC0KLLFVA,9904704951,southerntraders684684@example.com,"824, Market Street, Delhi",824MARKETSTREETDELHI,ACTIVE,2024-10-03
V0685,Apex Solutions 685,APEXSOLUTIONS685,65JPQNN8556UZ6,LGUPG2979C,940573154292,********4292,AXIS0IUGRRR,9260224390,apexsolutions685685@example.com,"499, Main Road, Mumbai",499MAINROADMUMBAI,ACTIVE,2025-07-15
V0686,Southern Technologies 686,SOUTHERNTECHNOLOGIES686,46JCFIJ0702JZ3,HDRWC1628B,356827807930,********7930,AXIS0MH5HZW,9498603857,southerntechnologies686686@example.com,"532, Main Road, Delhi",532MAINROADDELHI,ACTIVE,2025-08-31
V0687,Reliable Industries 687,RELIABLEINDUSTRIES687,70LPVSW8456PZ9,VYZUT6296O,466581741840,********1840,ICIC0VFV991,9009676134,reliableindustries687687@example.com,"538, Main Road, Chennai",538MAINROADCHENNAI,ACTIVE,2024-12-19
V0688,United Traders 688,UNITEDTRADERS688,45UICWU8405QZ5,AIIFO0136P,667414358994,********8994,ICIC0PHWN10,9937844175,unitedtraders688688@example.com,"244, MG Road, Delhi",244MGROADDELHI,ACTIVE,2025-02-01
V0689,Eastern Suppliers 689,EASTERNSUPPLIERS689,49CMMAX6585QZ4,AORNZ4951O,818534851295,********1295,ICIC0HOMO7R,9395429728,easternsuppliers689689@example.com,"567, Main Road, Hyderabad",567MAINROADHYDERABAD,ACTIVE,2026-02-01
V0690,Industrial Traders 690,INDUSTRIALTRADERS690,77LFMHJ4151DZ1,UCBMY7513Q,921685650698,********0698,HDFC0PYEMNN,9422746008,industrialtraders690690@example.com,"922, Industrial Area, Delhi",922INDUSTRIALAREADELHI,ACTIVE,2025-07-19
V0691,United Industries 691,UNITEDINDUSTRIES691,99WQNBR7354PZ3,WHINT4523Z,608569363243,********3243,SBIN05YJX5W,9847600035,unitedindustries691691@example.com,"972, Industrial Area, Mumbai",972INDUSTRIALAREAMUMBAI,ACTIVE,2024-10-06
V0692,Eastern Technologies 692,EASTERNTECHNOLOGIES692,85NDKKN5208RZ5,JCECB3393E,681051455408,********5408,SBIN0PE5HDP,9541879597,easterntechnologies692692@example.com,"779, Main Road, Pune",779MAINROADPUNE,ACTIVE,2025-05-15
V0693,United Enterprises 693,UNITEDENTERPRISES693,58YVGXG0402YZ2,JLHIR7194T,557196034902,********4902,SBIN00NDYU5,9898525816,unitedenterprises693693@example.com,"39, MG Road, Bengaluru",39MGROADBENGALURU,ACTIVE,2025-03-30
V0694,Metro Solutions 694,METROSOLUTIONS694,31LDJHI3018NZ3,VFGDR3853E,188608263272,********3272,SBIN015MN6S,9096510103,metrosolutions694694@example.com,"402, Market Street, Bengaluru",402MARKETSTREETBENGALURU,ACTIVE,2024-11-10
V0695,Global Services 695,GLOBALSERVICES695,64LLPXU8587RZ8,QLHRZ2610N,649724121449,********1449,AXIS0M5F505,9428906268,globalservices695695@example.com,"680, Industrial Area, Bengaluru",680INDUSTRIALAREABENGALURU,ACTIVE,2026-02-20
V0696,National Industries 696,NATIONALINDUSTRIES696,23RURXC0328FZ4,LNWWF5696L,177845339551,********9551,ICIC0CM1YIR,9932885067,nationalindustries696696@example.com,"196, MG Road, Pune",196MGROADPUNE,ACTIVE,2025-05-27
V0697,Reliable Technologies 697,RELIABLETECHNOLOGIES697,53CUZDY4697KZ1,YDBHC8884U,303949118461,********8461,HDFC0OZ5CUW,9619543925,reliabletechnologies697697@example.com,"188, Industrial Area, Bengaluru",188INDUSTRIALAREABENGALURU,INACTIVE,2025-07-24
V0698,National Industries 698,NATIONALINDUSTRIES698,13XIURE7469JZ8,HVXLN5512O,941590210669,********0669,ICIC0T67F2H,9146930266,nationalindustries698698@example.com,"298, MG Road, Pune",298MGROADPUNE,ACTIVE,2025-05-16
V0699,Apex Enterprises 699,APEXENTERPRISES699,61KPNMJ9662KZ9,GMBWM4057D,573250885724,********5724,AXIS02D5219,9701283440,apexenterprises699699@example.com,"241, MG Road, Chennai",241MGROADCHENNAI,ACTIVE,2024-03-26
V0700,United Traders 700,UNITEDTRADERS700,59TDKVF1005EZ4,CBCLP5392K,699309119050,********9050,HDFC0VWNTVZ,9088448614,unitedtraders700700@example.com,"32, MG Road, Chennai",32MGROADCHENNAI,ACTIVE,2025-01-08
V0701,Southern Enterprises 701,SOUTHERNENTERPRISES701,63ILEPZ3440JZ1,JCIDS8668W,211607897390,********7390,SBIN0F9LQ6W,9995747809,southernenterprises701701@example.com,"90, Main Road, Pune",90MAINROADPUNE,ACTIVE,2026-06-05
V0702,Prime Industries 702,PRIMEINDUSTRIES702,70XXGOX6439KZ1,OMVEA1904C,712833342994,********2994,AXIS0BDXBDE,9220966402,primeindustries702702@example.com,"69, Market Street, Mumbai",69MARKETSTREETMUMBAI,ACTIVE,2025-04-26
V0703,Southern Traders 703,SOUTHERNTRADERS703,80VDHDW2719WZ2,VGZIH3427E,000767387778,********7778,ICIC0I4X65E,9009205953,southerntraders703703@example.com,"367, Main Road, Delhi",367MAINROADDELHI,ACTIVE,2025-09-20
V0704,National Suppliers 704,NATIONALSUPPLIERS704,65AIVCR2991HZ5,QTUQT0456U,307221904853,********4853,AXIS0TUYL0B,9572016696,nationalsuppliers704704@example.com,"286, Main Road, Pune",286MAINROADPUNE,INACTIVE,2024-11-09
V0705,Industrial Suppliers 705,INDUSTRIALSUPPLIERS705,56VBVSU3205PZ1,CTNQO6206F,298844606538,********6538,KKBK0A0XMVR,9555413097,industrialsuppliers705705@example.com,"244, Market Street, Bengaluru",244MARKETSTREETBENGALURU,ACTIVE,2024-10-21
V0706,Prime Traders 706,PRIMETRADERS706,13NNTRK7019DZ8,YIDOU8291M,580678871468,********1468,AXIS0RM3ZH4,9981141902,primetraders706706@example.com,"963, MG Road, Hyderabad",963MGROADHYDERABAD,ACTIVE,2025-05-23
V0707,Industrial Suppliers 707,INDUSTRIALSUPPLIERS707,71GJNBS2396SZ3,RWIYX8073W,624291870205,********0205,KKBK0RV8VOY,9125427097,industrialsuppliers707707@example.com,"148, Industrial Area, Delhi",148INDUSTRIALAREADELHI,ACTIVE,2024-05-10
V0708,Southern Suppliers 708,SOUTHERNSUPPLIERS708,83HNUHT1281HZ3,XOUNI7807Y,166221419612,********9612,KKBK0KV4IAS,9389261918,southernsuppliers708708@example.com,"88, Industrial Area, Delhi",88INDUSTRIALAREADELHI,ACTIVE,2024-05-23
V0709,Reliable Services 709,RELIABLESERVICES709,41OFQZL7212GZ8,BGGEV3088A,954360452557,********2557,HDFC0LIMXSE,9227670516,reliableservices709709@example.com,"56, MG Road, Chennai",56MGROADCHENNAI,ACTIVE,2025-06-13
V0710,Apex Industries 710,APEXINDUSTRIES710,22IWYFA7348BZ7,FXCOZ7699S,924979572037,********2037,SBIN0MHVR04,9204690946,apexindustries710710@example.com,"826, Industrial Area, Bengaluru",826INDUSTRIALAREABENGALURU,ACTIVE,2024-01-29
V0711,Reliable Industries 711,RELIABLEINDUSTRIES711,81HMDWX0431VZ1,IXJXL6189X,829501012922,********2922,HDFC0WR38AI,9670906894,reliableindustries711711@example.com,"831, Industrial Area, Hyderabad",831INDUSTRIALAREAHYDERABAD,ACTIVE,2024-10-11
V0712,Apex Traders 712,APEXTRADERS712,57YRKUH5113PZ6,PPGYA2263B,650729030930,********0930,SBIN00TNRU4,9724329080,apextraders712712@example.com,"335, Main Road, Bengaluru",335MAINROADBENGALURU,ACTIVE,2025-12-31
V0713,Reliable Enterprises 713,RELIABLEENTERPRISES713,46KDLBZ5667CZ9,CRCVJ6351S,637298330956,********0956,SBIN0VLD7P4,9872664889,reliableenterprises713713@example.com,"870, Market Street, Delhi",870MARKETSTREETDELHI,INACTIVE,2026-06-18
V0714,Metro Technologies 714,METROTECHNOLOGIES714,42XHPHT6672JZ2,YOEXB0724E,092871441334,********1334,SBIN07YKRZ3,9157357289,metrotechnologies714714@example.com,"789, MG Road, Bengaluru",789MGROADBENGALURU,ACTIVE,2024-01-21
V0715,Global Solutions 715,GLOBALSOLUTIONS715,12QMGKQ8425GZ8,NIHDC0511R,375829562784,********2784,KKBK0QP3PYO,9065681815,globalsolutions715715@example.com,"677, Market Street, Pune",677MARKETSTREETPUNE,ACTIVE,2024-04-25
V0716,Industrial Traders 716,INDUSTRIALTRADERS716,95VKBHH4999IZ1,JLWYB9976L,537450367285,********7285,SBIN08JKX2Y,9838136492,industrialtraders716716@example.com,"886, Main Road, Hyderabad",886MAINROADHYDERABAD,ACTIVE,2024-12-31
V0717,Apex Services 717,APEXSERVICES717,37UREYM5774SZ6,RWMYO9887U,996286909398,********9398,AXIS03AOPVB,9674821968,apexservices717717@example.com,"345, Main Road, Pune",345MAINROADPUNE,ACTIVE,2024-07-20
V0718,Apex Industries 718,APEXINDUSTRIES718,18PKYLI8683FZ6,AKBLM0610V,884247622195,********2195,HDFC0ACH4L0,9027219577,apexindustries718718@example.com,"58, Main Road, Chennai",58MAINROADCHENNAI,ACTIVE,2025-09-30
V0719,United Industries 719,UNITEDINDUSTRIES719,23OOZXG9500EZ1,VVOXZ9634N,666961653900,********3900,KKBK0JH8KGY,9738798522,unitedindustries719719@example.com,"566, MG Road, Hyderabad",566MGROADHYDERABAD,INACTIVE,2024-09-04
V0720,United Services 720,UNITEDSERVICES720,15YIFLQ1863YZ9,GMKOL7525V,709147604201,********4201,KKBK0UJV248,9454459024,unitedservices720720@example.com,"564, Market Street, Hyderabad",564MARKETSTREETHYDERABAD,ACTIVE,2025-09-03
V0721,Reliable Technologies 721,RELIABLETECHNOLOGIES721,23ODUHU2094OZ9,YHKUI0220C,171326000084,********0084,HDFC05ZSNPI,9884677962,reliabletechnologies721721@example.com,"636, Main Road, Delhi",636MAINROADDELHI,ACTIVE,2024-04-04
V0722,Industrial Enterprises 722,INDUSTRIALENTERPRISES722,15CXARY5407RZ3,XESXA0053W,909779922846,********2846,KKBK0POGX49,9237880870,industrialenterprises722722@example.com,"425, MG Road, Pune",425MGROADPUNE,ACTIVE,2024-11-06
V0723,Apex Industries 723,APEXINDUSTRIES723,34USHYT9648IZ9,VIDMA2142B,201969984814,********4814,AXIS0VJ0S12,9732154473,apexindustries723723@example.com,"85, Market Street, Bengaluru",85MARKETSTREETBENGALURU,ACTIVE,2025-01-26
V0724,Global Enterprises 724,GLOBALENTERPRISES724,47CHZTQ9774UZ1,NBJBI1454Y,568345473982,********3982,ICIC0OJW9BF,9076119096,globalenterprises724724@example.com,"988, MG Road, Hyderabad",988MGROADHYDERABAD,ACTIVE,2025-03-25
V0725,Global Industries 725,GLOBALINDUSTRIES725,68UIAMA6839WZ9,WALMG5934Q,234627737631,********7631,AXIS07RBPED,9771728206,globalindustries725725@example.com,"440, MG Road, Delhi",440MGROADDELHI,ACTIVE,2024-04-23
V0726,Apex Suppliers 726,APEXSUPPLIERS726,15IPGHM8375RZ1,CRETU0200R,342489268616,********8616,KKBK0BM3BCO,9677320996,apexsuppliers726726@example.com,"464, Industrial Area, Bengaluru",464INDUSTRIALAREABENGALURU,ACTIVE,2024-11-21
V0727,Prime Traders 727,PRIMETRADERS727,56GWNED0132BZ9,ZXKGP5988U,449483897391,********7391,KKBK0RD46WK,9100035599,primetraders727727@example.com,"449, Main Road, Hyderabad",449MAINROADHYDERABAD,ACTIVE,2026-05-22
V0728,Southern Suppliers 728,SOUTHERNSUPPLIERS728,82WRMQA2896KZ9,VBMDR5142D,207364768683,********8683,ICIC0A7B726,9169342257,southernsuppliers728728@example.com,"978, MG Road, Hyderabad",978MGROADHYDERABAD,ACTIVE,2024-07-03
V0729,Industrial Enterprises 729,INDUSTRIALENTERPRISES729,17DIGCU5477AZ6,DZQRW6007J,557432069333,********9333,HDFC0E87AJ7,9973359281,industrialenterprises729729@example.com,"25, Main Road, Mumbai",25MAINROADMUMBAI,INACTIVE,2025-12-17
V0730,Southern Suppliers 730,SOUTHERNSUPPLIERS730,16JFVLD8822JZ2,DIZBF4584G,592246096120,********6120,AXIS0MYDL0L,9992951053,southernsuppliers730730@example.com,"804, Main Road, Chennai",804MAINROADCHENNAI,ACTIVE,2024-10-27
V0731,Reliable Services 731,RELIABLESERVICES731,38RNTCO0107VZ3,MGAIU5435O,454429710182,********0182,HDFC03XN0QR,9544402910,reliableservices731731@example.com,"239, MG Road, Chennai",239MGROADCHENNAI,ACTIVE,2024-07-25
V0732,Metro Technologies 732,METROTECHNOLOGIES732,74RWRXV4591UZ2,WOOAJ8376Q,075140635910,********5910,HDFC05FVL5N,9523947651,metrotechnologies732732@example.com,"45, Main Road, Hyderabad",45MAINROADHYDERABAD,ACTIVE,2024-04-13
V0733,Southern Solutions 733,SOUTHERNSOLUTIONS733,68OBVYX5147RZ7,XLTDB0096N,420025058829,********8829,AXIS00OC7VU,9636570741,southernsolutions733733@example.com,"806, Main Road, Chennai",806MAINROADCHENNAI,ACTIVE,2025-12-23
V0734,Metro Traders 734,METROTRADERS734,35SHEZV6314TZ5,ZGFCZ1283T,785090735627,********5627,AXIS0OET37P,9292014291,metrotraders734734@example.com,"110, Industrial Area, Pune",110INDUSTRIALAREAPUNE,INACTIVE,2025-06-07
V0735,Apex Technologies 735,APEXTECHNOLOGIES735,27ZKQBR0922FZ8,SYORN9688V,196325446504,********6504,KKBK0SEM5PS,9458903325,apextechnologies735735@example.com,"438, Market Street, Bengaluru",438MARKETSTREETBENGALURU,ACTIVE,2024-07-24
V0736,Industrial Services 736,INDUSTRIALSERVICES736,59QAUBP0900DZ7,KVPII3700Q,371123607148,********7148,SBIN04E0RK1,9680617365,industrialservices736736@example.com,"949, MG Road, Bengaluru",949MGROADBENGALURU,INACTIVE,2025-12-03
V0737,Metro Industries 737,METROINDUSTRIES737,25VCRGQ3941OZ7,XGIOH6396L,193738046649,********6649,HDFC049K5YJ,9041353799,metroindustries737737@example.com,"512, Industrial Area, Mumbai",512INDUSTRIALAREAMUMBAI,INACTIVE,2024-12-17
V0738,Apex Solutions 738,APEXSOLUTIONS738,16UCYHG9291PZ8,SHUFU9536Q,570768175797,********5797,AXIS086Y05B,9989167794,apexsolutions738738@example.com,"655, Main Road, Delhi",655MAINROADDELHI,ACTIVE,2025-11-08
V0739,United Industries 739,UNITEDINDUSTRIES739,58QDDDJ3690YZ3,HPAQM5078X,486005521552,********1552,SBIN0IYMN8X,9922208650,unitedindustries739739@example.com,"577, MG Road, Pune",577MGROADPUNE,ACTIVE,2024-03-13
V0740,Metro Solutions 740,METROSOLUTIONS740,19QUEID9532PZ9,NFMZB0846U,347623049715,********9715,HDFC0W7NHPG,9267913194,metrosolutions740740@example.com,"337, Market Street, Mumbai",337MARKETSTREETMUMBAI,ACTIVE,2024-09-18
V0741,Industrial Industries 741,INDUSTRIALINDUSTRIES741,76HHCRP6994WZ3,NKDPC8337K,654376668151,********8151,ICIC0RK4T0R,9067129492,industrialindustries741741@example.com,"493, Industrial Area, Pune",493INDUSTRIALAREAPUNE,ACTIVE,2025-10-18
V0742,United Technologies 742,UNITEDTECHNOLOGIES742,64HPOXV6780AZ6,DDINQ8716A,864043010004,********0004,SBIN0654NVG,9569679467,unitedtechnologies742742@example.com,"507, Market Street, Pune",507MARKETSTREETPUNE,ACTIVE,2024-07-02
V0743,Reliable Solutions 743,RELIABLESOLUTIONS743,22IQGPV7556KZ7,EGFHZ9714V,108127516441,********6441,HDFC04Q7XOL,9606810979,reliablesolutions743743@example.com,"693, Main Road, Delhi",693MAINROADDELHI,ACTIVE,2025-10-30
V0744,Eastern Traders 744,EASTERNTRADERS744,21SBHHA0933OZ7,SLKQU9341E,452834968767,********8767,KKBK0XRK1MP,9307720784,easterntraders744744@example.com,"464, Industrial Area, Hyderabad",464INDUSTRIALAREAHYDERABAD,ACTIVE,2024-04-30
V0745,United Services 745,UNITEDSERVICES745,79PYSBX4505UZ7,CWMWB3304O,889388280282,********0282,HDFC0LCEQ4X,9644259409,unitedservices745745@example.com,"497, MG Road, Pune",497MGROADPUNE,INACTIVE,2025-11-20
V0746,Global Solutions 746,GLOBALSOLUTIONS746,79NNGFJ4536FZ8,ZXESA7070K,401692575348,********5348,SBIN0RL9A3G,9793870837,globalsolutions746746@example.com,"473, Market Street, Chennai",473MARKETSTREETCHENNAI,ACTIVE,2024-10-10
V0747,Global Solutions 747,GLOBALSOLUTIONS747,91EVFCX4290HZ2,WVBCS7350I,749688120702,********0702,AXIS0VK0KJ1,9653622158,globalsolutions747747@example.com,"164, Industrial Area, Delhi",164INDUSTRIALAREADELHI,ACTIVE,2025-09-29
V0748,National Traders 748,NATIONALTRADERS748,64WKCTR8294PZ1,OATTI1906P,684668588308,********8308,AXIS0ZVZZG9,9000078035,nationaltraders748748@example.com,"809, MG Road, Hyderabad",809MGROADHYDERABAD,INACTIVE,2024-07-01
V0749,National Services 749,NATIONALSERVICES749,20AWVGG6119PZ8,BIHRK1677I,946129352905,********2905,ICIC0YJ2DSA,9163420981,nationalservices749749@example.com,"318, Market Street, Bengaluru",318MARKETSTREETBENGALURU,ACTIVE,2025-01-12
V0750,Metro Suppliers 750,METROSUPPLIERS750,99DTOUM5491AZ8,FFAKG6770J,352413136712,********6712,KKBK0G6B4TS,9175758704,metrosuppliers750750@example.com,"928, Industrial Area, Pune",928INDUSTRIALAREAPUNE,ACTIVE,2025-10-07
V0751,Apex Technologies 751,APEXTECHNOLOGIES751,57WBJWQ4078YZ2,VWYLY7856N,200316479699,********9699,ICIC00D99VR,9586821959,apextechnologies751751@example.com,"519, Main Road, Bengaluru",519MAINROADBENGALURU,ACTIVE,2025-12-22
V0752,National Services 752,NATIONALSERVICES752,90IJYDO8224IZ5,UDOTD5458M,838478747221,********7221,HDFC06PVXVJ,9096551139,nationalservices752752@example.com,"802, Industrial Area, Bengaluru",802INDUSTRIALAREABENGALURU,INACTIVE,2024-01-16
V0753,United Services 753,UNITEDSERVICES753,32IAPPB2156VZ1,RYXTN3008A,347726635664,********5664,AXIS0DVG8ZA,9740696272,unitedservices753753@example.com,"190, Main Road, Chennai",190MAINROADCHENNAI,INACTIVE,2024-05-17
V0754,Prime Technologies 754,PRIMETECHNOLOGIES754,17UGXSB5493YZ7,NUEOO9057I,874448729709,********9709,AXIS0FD86DF,9364321214,primetechnologies754754@example.com,"204, Industrial Area, Pune",204INDUSTRIALAREAPUNE,ACTIVE,2025-04-03
V0755,Global Enterprises 755,GLOBALENTERPRISES755,68EKOOA3009CZ8,PVTBK6150G,435003802813,********2813,AXIS08G4XU4,9830926078,globalenterprises755755@example.com,"182, Industrial Area, Mumbai",182INDUSTRIALAREAMUMBAI,ACTIVE,2025-04-21
V0756,Industrial Suppliers 756,INDUSTRIALSUPPLIERS756,36JCKED9085MZ2,MAXRV9121S,073655482682,********2682,AXIS0PB5V72,9203625642,industrialsuppliers756756@example.com,"916, Main Road, Mumbai",916MAINROADMUMBAI,ACTIVE,2024-08-15
V0757,Reliable Suppliers 757,RELIABLESUPPLIERS757,21SLGDK0805YZ6,WJSSY3760Q,221357051133,********1133,HDFC016AHAN,9365640587,reliablesuppliers757757@example.com,"677, Market Street, Pune",677MARKETSTREETPUNE,ACTIVE,2025-04-12
V0758,Apex Industries 758,APEXINDUSTRIES758,35TRINT6867FZ1,DAVYZ0027K,846820311659,********1659,ICIC0KNKJ20,9771999302,apexindustries758758@example.com,"942, Industrial Area, Pune",942INDUSTRIALAREAPUNE,ACTIVE,2024-12-29
V0759,Global Solutions 759,GLOBALSOLUTIONS759,85GKCYP5920QZ2,GLHBV4410N,160453139286,********9286,HDFC0GNM6HX,9174110520,globalsolutions759759@example.com,"985, MG Road, Hyderabad",985MGROADHYDERABAD,ACTIVE,2024-09-29
V0760,Global Industries 760,GLOBALINDUSTRIES760,13TYXOU4639EZ1,UYHHK9425L,635554628769,********8769,AXIS0G6T7CY,9699299514,globalindustries760760@example.com,"398, Industrial Area, Pune",398INDUSTRIALAREAPUNE,ACTIVE,2025-08-17
V0761,Southern Suppliers 761,SOUTHERNSUPPLIERS761,96WOKVD7187QZ1,UEWVU8830N,056712616129,********6129,AXIS0HAYIBU,9507644160,southernsuppliers761761@example.com,"527, Main Road, Hyderabad",527MAINROADHYDERABAD,ACTIVE,2026-01-22
V0762,Global Enterprises 762,GLOBALENTERPRISES762,49GLLFQ2793ZZ6,KLIXQ5141P,503497370499,********0499,ICIC0GJI1G5,9659343819,globalenterprises762762@example.com,"14, Main Road, Hyderabad",14MAINROADHYDERABAD,ACTIVE,2025-12-02
V0763,Metro Enterprises 763,METROENTERPRISES763,90CCUEG8422VZ4,MNBZN2218P,362974856703,********6703,HDFC020FED9,9491425877,metroenterprises763763@example.com,"196, MG Road, Pune",196MGROADPUNE,ACTIVE,2024-05-03
V0764,United Technologies 764,UNITEDTECHNOLOGIES764,91SAWNP2115LZ8,NZCJL5987I,743990035542,********5542,HDFC0SW1YK8,9815102609,unitedtechnologies764764@example.com,"988, Market Street, Delhi",988MARKETSTREETDELHI,INACTIVE,2024-08-10
V0765,Reliable Technologies 765,RELIABLETECHNOLOGIES765,10UQUFO6442FZ8,FRKVF2768F,565197527036,********7036,AXIS032DCMH,9535290300,reliabletechnologies765765@example.com,"207, MG Road, Delhi",207MGROADDELHI,ACTIVE,2024-09-07
V0766,Eastern Enterprises 766,EASTERNENTERPRISES766,41PKNEN2626KZ4,YZUXZ7765I,405394462506,********2506,AXIS0UIL3PS,9197013506,easternenterprises766766@example.com,"75, Main Road, Chennai",75MAINROADCHENNAI,ACTIVE,2025-03-18
V0767,National Suppliers 767,NATIONALSUPPLIERS767,23ZXEZF4245MZ3,FLQOS4287O,505300701802,********1802,AXIS0AO1WXL,9025803404,nationalsuppliers767767@example.com,"54, Main Road, Pune",54MAINROADPUNE,ACTIVE,2025-10-21
V0768,Metro Traders 768,METROTRADERS768,82DPZNK5689GZ8,HOOET8322K,278408224445,********4445,HDFC0G3OXF9,9813959977,metrotraders768768@example.com,"415, Industrial Area, Bengaluru",415INDUSTRIALAREABENGALURU,ACTIVE,2025-03-24
V0769,Reliable Suppliers 769,RELIABLESUPPLIERS769,11NJIDN7184AZ8,WTFUR2606Z,227970226485,********6485,SBIN0VG6C7N,9333365966,reliablesuppliers769769@example.com,"783, Industrial Area, Chennai",783INDUSTRIALAREACHENNAI,ACTIVE,2026-03-14
V0770,Apex Traders 770,APEXTRADERS770,96WRFCJ0626MZ8,SCCFT8889K,456920477984,********7984,AXIS0L2J2NG,9710185837,apextraders770770@example.com,"61, Market Street, Delhi",61MARKETSTREETDELHI,INACTIVE,2025-08-25
V0771,Reliable Traders 771,RELIABLETRADERS771,49NGCUK9886FZ3,RXFAQ2296C,787657501619,********1619,ICIC0J4L3VV,9943387490,reliabletraders771771@example.com,"744, MG Road, Chennai",744MGROADCHENNAI,ACTIVE,2025-03-05
V0772,Apex Traders 772,APEXTRADERS772,94SFDYH6445PZ6,ILZVA6369R,663900349968,********9968,KKBK05KKU0E,9845923475,apextraders772772@example.com,"885, Industrial Area, Pune",885INDUSTRIALAREAPUNE,INACTIVE,2025-09-08
V0773,Global Solutions 773,GLOBALSOLUTIONS773,47GHLLJ2744BZ6,GVEMX4982D,450916307666,********7666,SBIN0NAQGU5,9249619565,globalsolutions773773@example.com,"785, Main Road, Chennai",785MAINROADCHENNAI,INACTIVE,2025-04-15
V0774,Global Services 774,GLOBALSERVICES774,71RHRKG7445FZ7,KLTNB9773Z,156286939899,********9899,KKBK0EAH0OK,9853643854,globalservices774774@example.com,"481, Market Street, Hyderabad",481MARKETSTREETHYDERABAD,ACTIVE,2024-08-18
V0775,Reliable Enterprises 775,RELIABLEENTERPRISES775,41XXEAA6102MZ6,AQKLK0968G,962163050015,********0015,HDFC02L3AJ8,9963661448,reliableenterprises775775@example.com,"276, Industrial Area, Delhi",276INDUSTRIALAREADELHI,ACTIVE,2025-05-06
V0776,Industrial Technologies 776,INDUSTRIALTECHNOLOGIES776,95YWVXU0402RZ5,BQWMG1482U,284831027490,********7490,AXIS0N6NPC3,9827294126,industrialtechnologies776776@example.com,"940, Industrial Area, Mumbai",940INDUSTRIALAREAMUMBAI,ACTIVE,2026-06-12
V0777,Southern Technologies 777,SOUTHERNTECHNOLOGIES777,65DZRKT0658HZ9,HSUWG7742C,981323286837,********6837,KKBK05LN55E,9276327006,southerntechnologies777777@example.com,"772, Industrial Area, Bengaluru",772INDUSTRIALAREABENGALURU,INACTIVE,2024-04-21
V0778,Prime Solutions 778,PRIMESOLUTIONS778,26ORGAP1971LZ1,YOGWI1007U,461201532772,********2772,ICIC080FNAL,9377973156,primesolutions778778@example.com,"970, Market Street, Chennai",970MARKETSTREETCHENNAI,ACTIVE,2025-01-28
V0779,Apex Services 779,APEXSERVICES779,66ONEWY0831QZ4,PNAWO5865Y,688567206055,********6055,KKBK0K1W031,9346634894,apexservices779779@example.com,"947, Main Road, Chennai",947MAINROADCHENNAI,INACTIVE,2024-12-31
V0780,Eastern Traders 780,EASTERNTRADERS780,69ZFAKG5446BZ3,HUVUA4650R,750148612750,********2750,KKBK00ACCHO,9969038214,easterntraders780780@example.com,"843, Market Street, Hyderabad",843MARKETSTREETHYDERABAD,INACTIVE,2025-03-01
V0781,Reliable Enterprises 781,RELIABLEENTERPRISES781,34AATCW2015BZ1,VMBTW7295A,453441702997,********2997,SBIN0F4IOFE,9937940034,reliableenterprises781781@example.com,"496, MG Road, Hyderabad",496MGROADHYDERABAD,ACTIVE,2025-05-18
V0782,Industrial Solutions 782,INDUSTRIALSOLUTIONS782,93CBIKM8436OZ6,LAFTK4767I,250480648877,********8877,AXIS0794AUW,9682842741,industrialsolutions782782@example.com,"545, Industrial Area, Hyderabad",545INDUSTRIALAREAHYDERABAD,ACTIVE,2025-07-04
V0783,Global Enterprises 783,GLOBALENTERPRISES783,67JVULH7921CZ2,MVVQB8314F,222817801943,********1943,AXIS08Y5T62,9729866567,globalenterprises783783@example.com,"324, Industrial Area, Mumbai",324INDUSTRIALAREAMUMBAI,ACTIVE,2024-04-19
V0784,National Technologies 784,NATIONALTECHNOLOGIES784,10OXZWW9999EZ2,IYMVL0403N,380967910475,********0475,KKBK0XJ93DR,9288451493,nationaltechnologies784784@example.com,"377, MG Road, Delhi",377MGROADDELHI,ACTIVE,2025-04-15
V0785,Industrial Traders 785,INDUSTRIALTRADERS785,13CRAPS9678LZ2,QYSQF2644K,476506321624,********1624,KKBK0PZN8VZ,9662852399,industrialtraders785785@example.com,"552, Main Road, Bengaluru",552MAINROADBENGALURU,ACTIVE,2025-03-20
V0786,National Solutions 786,NATIONALSOLUTIONS786,35HOKIN6946YZ4,HDXGS4184J,773671950962,********0962,ICIC0AOREXF,9575076534,nationalsolutions786786@example.com,"753, MG Road, Delhi",753MGROADDELHI,ACTIVE,2025-07-27
V0787,Southern Industries 787,SOUTHERNINDUSTRIES787,69KKGGC4829OZ7,IETHV4791S,273492815178,********5178,ICIC0CNQIYF,9536063638,southernindustries787787@example.com,"570, Market Street, Delhi",570MARKETSTREETDELHI,ACTIVE,2025-11-30
V0788,Apex Services 788,APEXSERVICES788,46OQWDG1885DZ7,WRWUI4734Z,434226140523,********0523,SBIN0DXUDXK,9785686856,apexservices788788@example.com,"540, MG Road, Pune",540MGROADPUNE,ACTIVE,2025-06-16
V0789,United Enterprises 789,UNITEDENTERPRISES789,85CLHOY0560ZZ9,PEOBK8673X,040896935386,********5386,SBIN0BZIPL3,9659592831,unitedenterprises789789@example.com,"574, MG Road, Bengaluru",574MGROADBENGALURU,INACTIVE,2024-02-14
V0790,Global Solutions 790,GLOBALSOLUTIONS790,60WTQUR6071OZ2,BWBTO1185M,561550603155,********3155,AXIS0GNC4Z9,9900784168,globalsolutions790790@example.com,"9, Market Street, Chennai",9MARKETSTREETCHENNAI,ACTIVE,2026-05-19
V0791,National Services 791,NATIONALSERVICES791,51JCPUT9385OZ3,XQGRQ8046A,372573576562,********6562,SBIN0L6RHZF,9425607686,nationalservices791791@example.com,"573, Main Road, Mumbai",573MAINROADMUMBAI,ACTIVE,2025-03-14
V0792,Industrial Solutions 792,INDUSTRIALSOLUTIONS792,25MEHUH7228SZ3,KOUZJ5086A,047566289009,********9009,HDFC0UXM2C6,9227633191,industrialsolutions792792@example.com,"336, Industrial Area, Bengaluru",336INDUSTRIALAREABENGALURU,ACTIVE,2026-04-18
V0793,Apex Technologies 793,APEXTECHNOLOGIES793,33HQRUR0935BZ7,XLDSU0984P,062870361731,********1731,ICIC04TRQI6,9062466907,apextechnologies793793@example.com,"652, Main Road, Chennai",652MAINROADCHENNAI,ACTIVE,2024-02-07
V0794,Reliable Suppliers 794,RELIABLESUPPLIERS794,68GZVZU7983OZ6,SJIKI3509Y,665881610758,********0758,AXIS0J8RGO5,9510032632,reliablesuppliers794794@example.com,"274, Main Road, Delhi",274MAINROADDELHI,ACTIVE,2025-03-31
V0795,Southern Solutions 795,SOUTHERNSOLUTIONS795,71BPICB1315OZ6,RJOEO9629E,265208630637,********0637,SBIN0CYQ8QD,9587364910,southernsolutions795795@example.com,"358, Industrial Area, Chennai",358INDUSTRIALAREACHENNAI,ACTIVE,2025-07-12
V0796,Southern Industries 796,SOUTHERNINDUSTRIES796,76NFNCQ0968MZ5,ZIROE7437W,102652269346,********9346,AXIS040XALX,9143640995,southernindustries796796@example.com,"887, Market Street, Chennai",887MARKETSTREETCHENNAI,ACTIVE,2024-12-10
V0797,Southern Enterprises 797,SOUTHERNENTERPRISES797,98GPHEG7251FZ6,SBTHI4979Z,538015242815,********2815,AXIS0JHD2VS,9417102905,southernenterprises797797@example.com,"551, Main Road, Pune",551MAINROADPUNE,ACTIVE,2024-02-15
V0798,Reliable Industries 798,RELIABLEINDUSTRIES798,45BKEUR4830XZ2,GQSYW0113Q,222241983923,********3923,SBIN0B02LNN,9678936110,reliableindustries798798@example.com,"800, Main Road, Pune",800MAINROADPUNE,ACTIVE,2026-01-11
V0799,Apex Technologies 799,APEXTECHNOLOGIES799,44BMTKU9623LZ7,GJOND2254Q,789960356481,********6481,AXIS0UB5ZR8,9889067160,apextechnologies799799@example.com,"833, Industrial Area, Hyderabad",833INDUSTRIALAREAHYDERABAD,ACTIVE,2024-01-11
V0800,United Enterprises 800,UNITEDENTERPRISES800,78YWMUS1220HZ1,BGBCA4581H,180483356903,********6903,AXIS01MCY24,9910851825,unitedenterprises800800@example.com,"467, Market Street, Hyderabad",467MARKETSTREETHYDERABAD,ACTIVE,2024-10-03
V0801,Global Services 801,GLOBALSERVICES801,34DNPOR2205PZ2,SGFEI3644S,231251216700,********6700,SBIN06ZJ02K,9859884920,globalservices801801@example.com,"790, Industrial Area, Bengaluru",790INDUSTRIALAREABENGALURU,ACTIVE,2024-01-04
V0802,Eastern Suppliers 802,EASTERNSUPPLIERS802,18MYULP2865WZ8,WFSEH9121F,538204119481,********9481,ICIC0GFTIS2,9193726016,easternsuppliers802802@example.com,"1, Main Road, Hyderabad",1MAINROADHYDERABAD,ACTIVE,2026-04-17
V0803,Global Services 803,GLOBALSERVICES803,83SXSJH9661UZ8,HJFIV7927O,213151836585,********6585,KKBK0XU2C67,9020625335,globalservices803803@example.com,"704, MG Road, Delhi",704MGROADDELHI,ACTIVE,2024-12-19
V0804,Industrial Suppliers 804,INDUSTRIALSUPPLIERS804,69STEQG2368BZ9,QJDVL9901E,610048563834,********3834,SBIN02WZ6DD,9688346916,industrialsuppliers804804@example.com,"231, Industrial Area, Bengaluru",231INDUSTRIALAREABENGALURU,INACTIVE,2025-03-06
V0805,Eastern Industries 805,EASTERNINDUSTRIES805,65IWTDK0920VZ4,MIXSE1638N,753028127791,********7791,KKBK0I6W6N0,9971918452,easternindustries805805@example.com,"805, Market Street, Hyderabad",805MARKETSTREETHYDERABAD,INACTIVE,2024-03-04
V0806,Reliable Traders 806,RELIABLETRADERS806,27HVHUJ6211QZ8,HPAHP8670F,256809740000,********0000,ICIC0Y037GB,9527402100,reliabletraders806806@example.com,"667, Main Road, Delhi",667MAINROADDELHI,ACTIVE,2025-12-02
V0807,Metro Industries 807,METROINDUSTRIES807,24GFYIA3214BZ3,BUOCZ1071X,723543304931,********4931,AXIS04J1WJB,9189026493,metroindustries807807@example.com,"30, Market Street, Delhi",30MARKETSTREETDELHI,ACTIVE,2026-05-19
V0808,Global Traders 808,GLOBALTRADERS808,14TLPIY8400SZ4,UVPCU8705V,101759371954,********1954,KKBK0E45QZ9,9568654873,globaltraders808808@example.com,"205, Main Road, Hyderabad",205MAINROADHYDERABAD,ACTIVE,2025-09-29
V0809,National Technologies 809,NATIONALTECHNOLOGIES809,45OWABT5764IZ4,ALMQG3404Q,178146457688,********7688,ICIC0JBVIMZ,9827035012,nationaltechnologies809809@example.com,"365, Market Street, Bengaluru",365MARKETSTREETBENGALURU,INACTIVE,2025-01-29
V0810,Prime Technologies 810,PRIMETECHNOLOGIES810,81XKPUZ8026TZ1,TERYM8247N,108959763848,********3848,ICIC05H3V8B,9349473066,primetechnologies810810@example.com,"728, Main Road, Bengaluru",728MAINROADBENGALURU,ACTIVE,2026-05-01
V0811,Global Services 811,GLOBALSERVICES811,49UPTUV2433WZ3,PTPZL0161J,246365509989,********9989,KKBK05HRJAE,9942869743,globalservices811811@example.com,"624, MG Road, Chennai",624MGROADCHENNAI,ACTIVE,2025-12-10
V0812,Global Enterprises 812,GLOBALENTERPRISES812,81KXYBL2488PZ6,WUIBI2692T,618346611372,********1372,ICIC0RSGQB3,9040006801,globalenterprises812812@example.com,"193, Main Road, Delhi",193MAINROADDELHI,ACTIVE,2024-09-20
V0813,Prime Technologies 813,PRIMETECHNOLOGIES813,43IXBFP7787NZ3,DEMVL4026B,565375714008,********4008,ICIC00A4SK2,9331053589,primetechnologies813813@example.com,"787, Main Road, Hyderabad",787MAINROADHYDERABAD,ACTIVE,2026-05-20
V0814,Metro Services 814,METROSERVICES814,38RTXJQ0903KZ4,UMHKF5227A,389515547327,********7327,HDFC0F7FR7M,9827637817,metroservices814814@example.com,"600, Main Road, Delhi",600MAINROADDELHI,INACTIVE,2025-05-18
V0815,Reliable Services 815,RELIABLESERVICES815,26TFVGQ0676AZ4,WOFWF2996A,038856513783,********3783,KKBK0EJVOBV,9432672062,reliableservices815815@example.com,"5, Main Road, Hyderabad",5MAINROADHYDERABAD,INACTIVE,2024-01-18
V0816,Industrial Solutions 816,INDUSTRIALSOLUTIONS816,45VBPDZ7375GZ8,OCQTS1349H,025440357892,********7892,KKBK04BHMYX,9844430717,industrialsolutions816816@example.com,"818, MG Road, Chennai",818MGROADCHENNAI,INACTIVE,2026-03-25
V0817,Reliable Services 817,RELIABLESERVICES817,88IKBHW7692HZ7,HILEL3427C,829012297042,********7042,SBIN05OCY1V,9380853679,reliableservices817817@example.com,"62, Industrial Area, Pune",62INDUSTRIALAREAPUNE,ACTIVE,2025-09-06
V0818,Reliable Technologies 818,RELIABLETECHNOLOGIES818,34LRADQ1876NZ6,EFRMK4738A,285432129721,********9721,ICIC02V818I,9463329105,reliabletechnologies818818@example.com,"130, Main Road, Chennai",130MAINROADCHENNAI,INACTIVE,2024-02-04
V0819,Apex Enterprises 819,APEXENTERPRISES819,98WELHG5918OZ2,WJRGQ6208T,838669790563,********0563,AXIS06ILJ42,9069287345,apexenterprises819819@example.com,"907, Market Street, Pune",907MARKETSTREETPUNE,ACTIVE,2025-07-06
V0820,Industrial Traders 820,INDUSTRIALTRADERS820,61ETFYV2540AZ4,XOVKK7117V,114414449081,********9081,AXIS0WT0XP5,9390135612,industrialtraders820820@example.com,"205, Market Street, Bengaluru",205MARKETSTREETBENGALURU,INACTIVE,2025-10-29
V0821,Eastern Traders 821,EASTERNTRADERS821,29PBZUE7242IZ3,ZMWTZ3398C,434655414319,********4319,KKBK0EUDDVA,9844461827,easterntraders821821@example.com,"451, MG Road, Bengaluru",451MGROADBENGALURU,INACTIVE,2026-06-03
V0822,United Enterprises 822,UNITEDENTERPRISES822,14CIHKI8056LZ8,MGSMJ5731B,423989267717,********7717,HDFC062HLN6,9134569252,unitedenterprises822822@example.com,"250, Industrial Area, Mumbai",250INDUSTRIALAREAMUMBAI,ACTIVE,2025-11-16
V0823,United Services 823,UNITEDSERVICES823,84HQWTC8222YZ6,BPMXB5248D,691144110872,********0872,ICIC07HFVSV,9858030679,unitedservices823823@example.com,"317, MG Road, Hyderabad",317MGROADHYDERABAD,ACTIVE,2024-11-01
V0824,Industrial Traders 824,INDUSTRIALTRADERS824,44WNCSF8922AZ6,MFCWD9236U,906302390839,********0839,KKBK0ECYV8V,9896660306,industrialtraders824824@example.com,"81, Main Road, Chennai",81MAINROADCHENNAI,ACTIVE,2025-12-17
V0825,Southern Suppliers 825,SOUTHERNSUPPLIERS825,94FTAKF2696TZ8,FBWKY3389Z,367050808073,********8073,HDFC0MG1807,9695866907,southernsuppliers825825@example.com,"19, Market Street, Chennai",19MARKETSTREETCHENNAI,INACTIVE,2024-02-14
V0826,United Traders 826,UNITEDTRADERS826,47CXOJO6265WZ7,VKLAW9199K,396527037876,********7876,KKBK04N5BZG,9250765939,unitedtraders826826@example.com,"283, Market Street, Delhi",283MARKETSTREETDELHI,ACTIVE,2025-05-10
V0827,Eastern Technologies 827,EASTERNTECHNOLOGIES827,17LNYCE9736IZ1,ITOGV3400I,424713555652,********5652,KKBK03KX010,9665185613,easterntechnologies827827@example.com,"205, MG Road, Mumbai",205MGROADMUMBAI,ACTIVE,2025-12-17
V0828,Southern Traders 828,SOUTHERNTRADERS828,34RDDGM4183HZ3,GSPTY1681M,421197795090,********5090,AXIS09US74C,9012904539,southerntraders828828@example.com,"150, Market Street, Delhi",150MARKETSTREETDELHI,INACTIVE,2025-10-28
V0829,Industrial Suppliers 829,INDUSTRIALSUPPLIERS829,94PBZNZ7707LZ1,PXSHN0533O,779332331804,********1804,AXIS0GASGK7,9983093485,industrialsuppliers829829@example.com,"192, Industrial Area, Chennai",192INDUSTRIALAREACHENNAI,ACTIVE,2025-01-17
V0830,Apex Enterprises 830,APEXENTERPRISES830,71YROBE8664FZ7,ICQSD3347H,393626101517,********1517,HDFC0K85ENC,9018201048,apexenterprises830830@example.com,"94, Market Street, Chennai",94MARKETSTREETCHENNAI,ACTIVE,2024-03-26
V0831,United Suppliers 831,UNITEDSUPPLIERS831,49OKYMP9963VZ7,QHBJW6763F,669366789064,********9064,AXIS0ZGUS8P,9962367610,unitedsuppliers831831@example.com,"477, Main Road, Chennai",477MAINROADCHENNAI,ACTIVE,2026-05-13
V0832,Industrial Technologies 832,INDUSTRIALTECHNOLOGIES832,62XYLKW8469NZ8,BCPNS3013R,216972717032,********7032,AXIS0EU6RLN,9941328737,industrialtechnologies832832@example.com,"831, MG Road, Bengaluru",831MGROADBENGALURU,ACTIVE,2025-12-29
V0833,Reliable Services 833,RELIABLESERVICES833,73NQHBT8761JZ4,LVKLB3777D,026485064088,********4088,HDFC0TCCGRP,9284545274,reliableservices833833@example.com,"595, Industrial Area, Pune",595INDUSTRIALAREAPUNE,ACTIVE,2025-12-09
V0834,Metro Services 834,METROSERVICES834,94LLUSP7440JZ6,IFZBF7211L,585348123683,********3683,KKBK0GWUTNY,9233663842,metroservices834834@example.com,"650, MG Road, Bengaluru",650MGROADBENGALURU,ACTIVE,2025-03-17
V0835,Apex Suppliers 835,APEXSUPPLIERS835,83KLJEB8675NZ1,QLGEA5997K,977235111004,********1004,AXIS0Z9HGNA,9708366735,apexsuppliers835835@example.com,"946, Main Road, Delhi",946MAINROADDELHI,ACTIVE,2024-10-06
V0836,Apex Suppliers 836,APEXSUPPLIERS836,62DYCJS8364ZZ3,XKILG9628F,521787605472,********5472,HDFC0RBKCY7,9415295351,apexsuppliers836836@example.com,"223, Main Road, Delhi",223MAINROADDELHI,INACTIVE,2025-05-13
V0837,United Suppliers 837,UNITEDSUPPLIERS837,36AJRPY5391OZ8,IHUUK2126M,079648425801,********5801,KKBK0JB47ZP,9373342650,unitedsuppliers837837@example.com,"554, Main Road, Hyderabad",554MAINROADHYDERABAD,ACTIVE,2024-10-31
V0838,Reliable Industries 838,RELIABLEINDUSTRIES838,85TTGMW1648KZ1,FKVEY8926Y,873601647632,********7632,SBIN093AT6M,9050477114,reliableindustries838838@example.com,"760, Main Road, Chennai",760MAINROADCHENNAI,ACTIVE,2026-02-17
V0839,Prime Industries 839,PRIMEINDUSTRIES839,87DJOBL7490MZ6,RERWY8858H,316147542118,********2118,AXIS0PRUIXB,9281536361,primeindustries839839@example.com,"834, Main Road, Chennai",834MAINROADCHENNAI,INACTIVE,2025-02-28
V0840,Eastern Traders 840,EASTERNTRADERS840,12HWQOG2826GZ8,HVMOP6697T,943300843666,********3666,SBIN05LF30E,9272359270,easterntraders840840@example.com,"392, MG Road, Chennai",392MGROADCHENNAI,INACTIVE,2024-06-27
V0841,Eastern Industries 841,EASTERNINDUSTRIES841,89FKEDG3813IZ3,KGDSS1813L,566960780572,********0572,ICIC0FBDWU1,9194306377,easternindustries841841@example.com,"801, Market Street, Chennai",801MARKETSTREETCHENNAI,ACTIVE,2025-03-08
V0842,Global Solutions 842,GLOBALSOLUTIONS842,83KTXMZ0091AZ8,ETDSN9330N,878254799831,********9831,ICIC0PZ4M6C,9388636959,globalsolutions842842@example.com,"409, Industrial Area, Delhi",409INDUSTRIALAREADELHI,INACTIVE,2026-04-24
V0843,Reliable Solutions 843,RELIABLESOLUTIONS843,35XGEPW1144IZ5,DDWRD6878G,713955768267,********8267,KKBK0D02U7J,9241653250,reliablesolutions843843@example.com,"454, Main Road, Hyderabad",454MAINROADHYDERABAD,ACTIVE,2024-08-28
V0844,National Traders 844,NATIONALTRADERS844,87RQBZF8726WZ6,WWFYQ9134N,373934262269,********2269,KKBK0UFYB7E,9957350993,nationaltraders844844@example.com,"104, MG Road, Delhi",104MGROADDELHI,ACTIVE,2025-11-21
V0845,Eastern Traders 845,EASTERNTRADERS845,37XZCFM2344AZ6,HFRMR6241W,650732613240,********3240,SBIN0RP1482,9145730664,easterntraders845845@example.com,"587, MG Road, Chennai",587MGROADCHENNAI,INACTIVE,2025-04-02
V0846,National Technologies 846,NATIONALTECHNOLOGIES846,59RMGXW6132DZ8,ZIAKC1757I,511696858479,********8479,HDFC0I5ENMM,9450223603,nationaltechnologies846846@example.com,"54, Market Street, Hyderabad",54MARKETSTREETHYDERABAD,ACTIVE,2025-02-22
V0847,Global Suppliers 847,GLOBALSUPPLIERS847,55NRJPW4745QZ7,SRDIQ9261M,355191645882,********5882,ICIC0SDQE3N,9265396984,globalsuppliers847847@example.com,"522, Market Street, Bengaluru",522MARKETSTREETBENGALURU,ACTIVE,2025-05-29
V0848,National Solutions 848,NATIONALSOLUTIONS848,38CXSGX3388SZ7,MKIDY3239L,705413624286,********4286,ICIC00YWQ7A,9394972976,nationalsolutions848848@example.com,"270, Main Road, Mumbai",270MAINROADMUMBAI,INACTIVE,2025-08-07
V0849,Southern Traders 849,SOUTHERNTRADERS849,62CSHSB0110EZ6,CSQAP3073I,653679080172,********0172,AXIS0GUZ9LI,9560693723,southerntraders849849@example.com,"329, MG Road, Bengaluru",329MGROADBENGALURU,ACTIVE,2024-10-17
V0850,National Technologies 850,NATIONALTECHNOLOGIES850,81FBDCB4067VZ5,UBJTG9914P,297858883507,********3507,ICIC0HZX7ZB,9789171965,nationaltechnologies850850@example.com,"392, Industrial Area, Mumbai",392INDUSTRIALAREAMUMBAI,ACTIVE,2026-03-31
V0851,Reliable Services 851,RELIABLESERVICES851,17EWXOX9697EZ6,LWGJI6966L,112539610808,********0808,SBIN06QGOVU,9330152600,reliableservices851851@example.com,"18, Main Road, Bengaluru",18MAINROADBENGALURU,ACTIVE,2025-09-29
V0852,Prime Enterprises 852,PRIMEENTERPRISES852,21AWMFX1398YZ5,OBEHK5519L,066634532356,********2356,KKBK0MLGCYE,9696833753,primeenterprises852852@example.com,"329, MG Road, Chennai",329MGROADCHENNAI,ACTIVE,2024-01-05
V0853,Industrial Enterprises 853,INDUSTRIALENTERPRISES853,54UTQYN5091WZ5,CBQDT0175F,785901116460,********6460,KKBK0M3LM8F,9200749627,industrialenterprises853853@example.com,"59, Market Street, Hyderabad",59MARKETSTREETHYDERABAD,ACTIVE,2024-06-11
V0854,Apex Industries 854,APEXINDUSTRIES854,32QYZYK0957TZ1,PTHHT4974G,456112182383,********2383,AXIS0169G87,9734344366,apexindustries854854@example.com,"479, Main Road, Pune",479MAINROADPUNE,INACTIVE,2026-01-10
V0855,Global Enterprises 855,GLOBALENTERPRISES855,52KLIEG9438RZ1,UHKVS6278F,904759803631,********3631,KKBK0NZDFQA,9760611172,globalenterprises855855@example.com,"121, Main Road, Delhi",121MAINROADDELHI,ACTIVE,2024-06-27
V0856,Southern Technologies 856,SOUTHERNTECHNOLOGIES856,70QICRY2752RZ6,FQWIW2686Y,639883378245,********8245,HDFC0PM77XV,9317631060,southerntechnologies856856@example.com,"689, Market Street, Delhi",689MARKETSTREETDELHI,ACTIVE,2025-05-23
V0857,United Technologies 857,UNITEDTECHNOLOGIES857,46RTPKW6462AZ6,QJNGR2620W,712624057906,********7906,SBIN0FY635G,9693585137,unitedtechnologies857857@example.com,"589, Main Road, Mumbai",589MAINROADMUMBAI,ACTIVE,2024-05-02
V0858,Apex Industries 858,APEXINDUSTRIES858,61CRPCT8157RZ4,JPZUP3947W,234408479608,********9608,AXIS0U45O4D,9356208864,apexindustries858858@example.com,"621, MG Road, Chennai",621MGROADCHENNAI,ACTIVE,2024-01-20
V0859,Global Suppliers 859,GLOBALSUPPLIERS859,43PWOYR2455XZ5,PCTTX5815U,860683575372,********5372,HDFC0EI2V57,9202264687,globalsuppliers859859@example.com,"729, Industrial Area, Delhi",729INDUSTRIALAREADELHI,ACTIVE,2025-05-16
V0860,Eastern Traders 860,EASTERNTRADERS860,33WHNRS8147YZ9,CWPMU0218T,257605061789,********1789,KKBK0AZ5GKE,9747578987,easterntraders860860@example.com,"791, Main Road, Mumbai",791MAINROADMUMBAI,ACTIVE,2025-05-21
V0861,Industrial Services 861,INDUSTRIALSERVICES861,76CKEEC8869PZ7,OZKCK4640E,099874176429,********6429,HDFC03JQ1NK,9638381727,industrialservices861861@example.com,"283, Industrial Area, Delhi",283INDUSTRIALAREADELHI,ACTIVE,2025-10-10
V0862,Prime Industries 862,PRIMEINDUSTRIES862,84YGHXP7434EZ1,HGVZR4322A,939985015855,********5855,SBIN03L5KKY,9330233755,primeindustries862862@example.com,"246, Market Street, Delhi",246MARKETSTREETDELHI,INACTIVE,2024-11-01
V0863,Reliable Enterprises 863,RELIABLEENTERPRISES863,73INPMM9797LZ5,VEDZZ9025G,682945125246,********5246,SBIN01GRG94,9902042490,reliableenterprises863863@example.com,"886, MG Road, Chennai",886MGROADCHENNAI,INACTIVE,2024-08-29
V0864,National Suppliers 864,NATIONALSUPPLIERS864,32ZYECP8731BZ9,NTORN7010T,291959163657,********3657,KKBK0JUR5UK,9702297831,nationalsuppliers864864@example.com,"611, Main Road, Pune",611MAINROADPUNE,ACTIVE,2024-07-19
V0865,Metro Enterprises 865,METROENTERPRISES865,14WPCTT2322HZ1,RRRTE2587P,051009591178,********1178,HDFC06D6NWT,9599031986,metroenterprises865865@example.com,"578, Main Road, Bengaluru",578MAINROADBENGALURU,INACTIVE,2026-02-22
V0866,National Enterprises 866,NATIONALENTERPRISES866,55CKWBC5029YZ3,MKDWF3340B,945601920745,********0745,HDFC0H41M4I,9799227980,nationalenterprises866866@example.com,"298, Market Street, Mumbai",298MARKETSTREETMUMBAI,ACTIVE,2026-04-01
V0867,Apex Solutions 867,APEXSOLUTIONS867,86RYTFT0114LZ1,JLHSE3811J,891501494180,********4180,AXIS0M3ZKN3,9403890329,apexsolutions867867@example.com,"77, Main Road, Mumbai",77MAINROADMUMBAI,ACTIVE,2024-06-11
V0868,Metro Traders 868,METROTRADERS868,52YTHTR3729LZ5,PNJFC8990U,487146346523,********6523,ICIC0K1SR8C,9413385390,metrotraders868868@example.com,"164, Market Street, Pune",164MARKETSTREETPUNE,ACTIVE,2024-10-13
V0869,National Enterprises 869,NATIONALENTERPRISES869,57XZQYL3647OZ8,GJHEP9782Q,072667745553,********5553,ICIC02LSVRY,9388488941,nationalenterprises869869@example.com,"5, MG Road, Delhi",5MGROADDELHI,ACTIVE,2024-08-26
V0870,Global Technologies 870,GLOBALTECHNOLOGIES870,30UKBSO5414DZ1,WSSQU8610Y,554469531962,********1962,KKBK04MCHGU,9206028296,globaltechnologies870870@example.com,"524, MG Road, Delhi",524MGROADDELHI,INACTIVE,2024-06-10
V0871,Southern Technologies 871,SOUTHERNTECHNOLOGIES871,15BCCEA2704QZ5,KLBMU2269Z,624505717755,********7755,KKBK02QVROB,9096984054,southerntechnologies871871@example.com,"994, Market Street, Hyderabad",994MARKETSTREETHYDERABAD,ACTIVE,2025-06-09
V0872,Metro Suppliers 872,METROSUPPLIERS872,29TDDSO2963XZ1,DZBXO0312S,700053240000,********0000,HDFC0ANQW64,9092308748,metrosuppliers872872@example.com,"380, Main Road, Pune",380MAINROADPUNE,ACTIVE,2026-01-31
V0873,National Enterprises 873,NATIONALENTERPRISES873,51GHVKI9791WZ2,VRUXV2534L,799953410807,********0807,KKBK04L9GFJ,9742326624,nationalenterprises873873@example.com,"115, Main Road, Delhi",115MAINROADDELHI,ACTIVE,2026-05-14
V0874,Metro Suppliers 874,METROSUPPLIERS874,31ETOMF0986HZ1,SXKWT4501Z,466601548743,********8743,KKBK048LVC9,9074929328,metrosuppliers874874@example.com,"3, Industrial Area, Hyderabad",3INDUSTRIALAREAHYDERABAD,ACTIVE,2025-10-15
V0875,Eastern Technologies 875,EASTERNTECHNOLOGIES875,32NWUDU1439IZ9,QDWTU2436U,349286111556,********1556,HDFC0G0ZFDK,9338928291,easterntechnologies875875@example.com,"272, Market Street, Pune",272MARKETSTREETPUNE,ACTIVE,2024-05-19
V0876,Metro Enterprises 876,METROENTERPRISES876,48PQRZZ8602ZZ8,QBPXR4098D,234897597876,********7876,HDFC0M1DNFC,9225158935,metroenterprises876876@example.com,"809, Market Street, Bengaluru",809MARKETSTREETBENGALURU,ACTIVE,2025-01-20
V0877,Metro Solutions 877,METROSOLUTIONS877,92PGFAL2763SZ5,DQQOV5311M,347771806680,********6680,AXIS0PIXDI0,9425884018,metrosolutions877877@example.com,"460, Market Street, Hyderabad",460MARKETSTREETHYDERABAD,ACTIVE,2025-03-18
V0878,United Suppliers 878,UNITEDSUPPLIERS878,73HSRSV9832PZ5,GUHWD5581J,768782178780,********8780,SBIN03QU7TG,9736062103,unitedsuppliers878878@example.com,"607, Industrial Area, Hyderabad",607INDUSTRIALAREAHYDERABAD,INACTIVE,2024-05-01
V0879,Prime Technologies 879,PRIMETECHNOLOGIES879,86EUGIG9806EZ6,TYPWE6428P,583580375317,********5317,ICIC0D3FNZR,9020803463,primetechnologies879879@example.com,"850, Main Road, Pune",850MAINROADPUNE,ACTIVE,2025-02-25
V0880,National Enterprises 880,NATIONALENTERPRISES880,54XRRCB3857FZ6,LSMPU1784Y,335358440366,********0366,ICIC0AVFTXX,9751641267,nationalenterprises880880@example.com,"853, Industrial Area, Hyderabad",853INDUSTRIALAREAHYDERABAD,ACTIVE,2025-12-10
V0881,Southern Traders 881,SOUTHERNTRADERS881,20KVGCX0365JZ1,ETDNK6777N,835669597552,********7552,ICIC0GY0T5F,9643060487,southerntraders881881@example.com,"882, Market Street, Hyderabad",882MARKETSTREETHYDERABAD,INACTIVE,2024-03-21
V0882,United Solutions 882,UNITEDSOLUTIONS882,47XVTUW5027LZ4,WYGLB4368M,380423684491,********4491,HDFC0QC35AZ,9349560974,unitedsolutions882882@example.com,"297, Market Street, Delhi",297MARKETSTREETDELHI,ACTIVE,2025-03-06
V0883,Eastern Solutions 883,EASTERNSOLUTIONS883,43FLHVI7308RZ3,ANCQN5575U,871722170607,********0607,ICIC0RUSUH4,9164603050,easternsolutions883883@example.com,"420, Market Street, Delhi",420MARKETSTREETDELHI,ACTIVE,2025-04-12
V0884,Reliable Services 884,RELIABLESERVICES884,31NXZKL7092GZ2,VTLHG2197V,057631437366,********7366,AXIS022MW8P,9305148633,reliableservices884884@example.com,"9, MG Road, Chennai",9MGROADCHENNAI,ACTIVE,2025-04-11
V0885,National Traders 885,NATIONALTRADERS885,70IPVYL4626JZ5,OCWWM6517K,511079223120,********3120,SBIN0S78KB2,9073273074,nationaltraders885885@example.com,"98, Market Street, Delhi",98MARKETSTREETDELHI,INACTIVE,2025-09-26
V0886,Southern Traders 886,SOUTHERNTRADERS886,41GVAJL8679OZ7,VJTYU8868T,424420328897,********8897,ICIC0HN4RJ4,9079524171,southerntraders886886@example.com,"707, Industrial Area, Chennai",707INDUSTRIALAREACHENNAI,ACTIVE,2025-12-22
V0887,Global Industries 887,GLOBALINDUSTRIES887,37CAKHL3852QZ9,MXQNN3867T,627546946989,********6989,SBIN0QUDKVQ,9984669591,globalindustries887887@example.com,"224, Market Street, Hyderabad",224MARKETSTREETHYDERABAD,ACTIVE,2025-10-15
V0888,Southern Technologies 888,SOUTHERNTECHNOLOGIES888,94ZOHAF9936BZ6,XGCTB4489H,568799769385,********9385,ICIC0M4KNPI,9974695796,southerntechnologies888888@example.com,"363, MG Road, Hyderabad",363MGROADHYDERABAD,ACTIVE,2026-02-12
V0889,Southern Traders 889,SOUTHERNTRADERS889,48QKBHF8316QZ4,RHVQW7390B,295317441991,********1991,HDFC0SL7L9B,9116042877,southerntraders889889@example.com,"56, Market Street, Delhi",56MARKETSTREETDELHI,ACTIVE,2024-03-20
V0890,Metro Enterprises 890,METROENTERPRISES890,94VSHDY6084PZ5,ODSXX7974S,084854810486,********0486,AXIS0IIJC57,9586466031,metroenterprises890890@example.com,"837, Industrial Area, Delhi",837INDUSTRIALAREADELHI,ACTIVE,2024-10-09
V0891,Apex Traders 891,APEXTRADERS891,69DBPZW6603XZ8,AWZQA1487X,956748925640,********5640,SBIN0LGS48A,9925574728,apextraders891891@example.com,"53, Main Road, Delhi",53MAINROADDELHI,ACTIVE,2026-05-03
V0892,Southern Enterprises 892,SOUTHERNENTERPRISES892,84DJWKM6239XZ8,NUHMS3301X,755786566112,********6112,AXIS0KASIFM,9400137637,southernenterprises892892@example.com,"756, MG Road, Bengaluru",756MGROADBENGALURU,ACTIVE,2026-05-08
V0893,Apex Enterprises 893,APEXENTERPRISES893,74BZBDI7764DZ8,RGPKM2876Y,071941644258,********4258,KKBK01IHHQP,9557571592,apexenterprises893893@example.com,"991, Main Road, Mumbai",991MAINROADMUMBAI,INACTIVE,2025-07-05
V0894,Prime Traders 894,PRIMETRADERS894,84PAYGX4699FZ6,BKESK6100M,134867649261,********9261,AXIS0Q93TOP,9774506352,primetraders894894@example.com,"357, Industrial Area, Bengaluru",357INDUSTRIALAREABENGALURU,INACTIVE,2025-05-28
V0895,Southern Solutions 895,SOUTHERNSOLUTIONS895,73EJNHP6870EZ5,AGJMG4254E,362612302196,********2196,AXIS0XSBQTY,9226658058,southernsolutions895895@example.com,"234, Industrial Area, Hyderabad",234INDUSTRIALAREAHYDERABAD,INACTIVE,2025-03-20
V0896,Southern Suppliers 896,SOUTHERNSUPPLIERS896,44FHUGJ2510PZ8,LDDLW3673H,796902054274,********4274,ICIC08ARE10,9844894845,southernsuppliers896896@example.com,"803, Market Street, Bengaluru",803MARKETSTREETBENGALURU,ACTIVE,2024-11-22
V0897,Prime Enterprises 897,PRIMEENTERPRISES897,88WXRYJ8358VZ3,WWGJL1107R,350958190300,********0300,KKBK0L1G2UN,9045192043,primeenterprises897897@example.com,"367, Industrial Area, Chennai",367INDUSTRIALAREACHENNAI,ACTIVE,2025-05-08
V0898,Global Enterprises 898,GLOBALENTERPRISES898,74QBVZR5681IZ6,DLZNP5515H,308829601827,********1827,HDFC02GKMCM,9385110607,globalenterprises898898@example.com,"756, Main Road, Chennai",756MAINROADCHENNAI,ACTIVE,2026-02-01
V0899,Eastern Solutions 899,EASTERNSOLUTIONS899,33XQYRJ5343MZ3,FWYBJ9592M,655295298330,********8330,HDFC0M4E622,9234684093,easternsolutions899899@example.com,"432, Market Street, Delhi",432MARKETSTREETDELHI,ACTIVE,2025-09-24
V0900,Global Technologies 900,GLOBALTECHNOLOGIES900,38MWVBE8077XZ7,VADDK7497J,343558462064,********2064,ICIC0JXGD3U,9167141657,globaltechnologies900900@example.com,"524, Market Street, Bengaluru",524MARKETSTREETBENGALURU,ACTIVE,2024-01-08
V0901,Southern Solutions 901,SOUTHERNSOLUTIONS901,56KKXOK5799BZ1,BJORX6214L,314972387146,********7146,HDFC064JY90,9941694972,southernsolutions901901@example.com,"250, MG Road, Delhi",250MGROADDELHI,ACTIVE,2026-03-29
V0902,United Solutions 902,UNITEDSOLUTIONS902,10WKJVX3538KZ6,GWRFY4468T,689892486310,********6310,KKBK0BXJ72I,9814142861,unitedsolutions902902@example.com,"533, MG Road, Delhi",533MGROADDELHI,INACTIVE,2024-04-09
V0903,United Traders 903,UNITEDTRADERS903,54LVYXE5424SZ4,LTFQU1706N,547503203609,********3609,KKBK0FGSM89,9921273640,unitedtraders903903@example.com,"908, Industrial Area, Chennai",908INDUSTRIALAREACHENNAI,INACTIVE,2024-11-10
V0904,Industrial Enterprises 904,INDUSTRIALENTERPRISES904,47GICAI3086JZ2,JDYGO0980O,616144458018,********8018,HDFC06XNVEL,9226310362,industrialenterprises904904@example.com,"29, Main Road, Mumbai",29MAINROADMUMBAI,ACTIVE,2025-01-23
V0905,United Industries 905,UNITEDINDUSTRIES905,57MCYXC5056LZ6,NEMFO9454C,149270265001,********5001,KKBK0BJ6SC3,9314118864,unitedindustries905905@example.com,"360, Main Road, Mumbai",360MAINROADMUMBAI,ACTIVE,2026-03-17
V0906,United Services 906,UNITEDSERVICES906,39FAMVG9841ZZ8,FLWBV1683B,200062716005,********6005,SBIN0QMLFP3,9922983294,unitedservices906906@example.com,"960, Main Road, Delhi",960MAINROADDELHI,ACTIVE,2026-02-26
V0907,United Technologies 907,UNITEDTECHNOLOGIES907,42WSCRG9300TZ2,SLKSZ9132F,636410300571,********0571,AXIS0BOTXXG,9528665593,unitedtechnologies907907@example.com,"379, MG Road, Mumbai",379MGROADMUMBAI,ACTIVE,2024-06-08
V0908,Apex Industries 908,APEXINDUSTRIES908,52ZFEML7000FZ3,QGQYZ4766I,835643318866,********8866,ICIC0CKS3MY,9774556689,apexindustries908908@example.com,"657, Main Road, Delhi",657MAINROADDELHI,ACTIVE,2025-01-05
V0909,National Enterprises 909,NATIONALENTERPRISES909,12YLNOO7992DZ6,MIXAB9020F,089693934623,********4623,HDFC0ZHMNG4,9451132211,nationalenterprises909909@example.com,"889, Market Street, Mumbai",889MARKETSTREETMUMBAI,ACTIVE,2025-10-04
V0910,National Traders 910,NATIONALTRADERS910,14TYRQT1151FZ7,EJGPB1377C,239162164845,********4845,HDFC054PUIH,9533199747,nationaltraders910910@example.com,"762, Industrial Area, Hyderabad",762INDUSTRIALAREAHYDERABAD,INACTIVE,2024-01-07
V0911,National Suppliers 911,NATIONALSUPPLIERS911,73YZOPF5156UZ5,OVRHD2656B,062675595345,********5345,ICIC0KNE4L1,9989221417,nationalsuppliers911911@example.com,"338, Main Road, Delhi",338MAINROADDELHI,INACTIVE,2025-02-22
V0912,Reliable Solutions 912,RELIABLESOLUTIONS912,69FPKJU7034CZ1,YRZUL5095S,820390648736,********8736,SBIN0TVV95K,9210571138,reliablesolutions912912@example.com,"444, Market Street, Chennai",444MARKETSTREETCHENNAI,INACTIVE,2024-02-16
V0913,Reliable Suppliers 913,RELIABLESUPPLIERS913,23HJBJR7642FZ7,XUGXE4432H,810268776119,********6119,KKBK00GMV0A,9225026169,reliablesuppliers913913@example.com,"659, MG Road, Chennai",659MGROADCHENNAI,INACTIVE,2025-06-24
V0914,Apex Technologies 914,APEXTECHNOLOGIES914,43WUNPM1685AZ7,RJXVR6032D,794800611773,********1773,AXIS0BYMHRR,9508279513,apextechnologies914914@example.com,"641, Industrial Area, Pune",641INDUSTRIALAREAPUNE,INACTIVE,2024-03-29
V0915,Industrial Suppliers 915,INDUSTRIALSUPPLIERS915,40BCCKF2573EZ7,RFJWA8696U,220919582790,********2790,SBIN0YEC3XH,9834238737,industrialsuppliers915915@example.com,"37, MG Road, Delhi",37MGROADDELHI,ACTIVE,2024-11-28
V0916,National Suppliers 916,NATIONALSUPPLIERS916,62JLIGQ3160VZ7,HYHDY9702E,132367857575,********7575,SBIN0JQH5QM,9114012110,nationalsuppliers916916@example.com,"528, Industrial Area, Mumbai",528INDUSTRIALAREAMUMBAI,ACTIVE,2024-05-08
V0917,Reliable Solutions 917,RELIABLESOLUTIONS917,72KQTPL6369MZ9,KFXCG2477X,842410949692,********9692,KKBK0833AXP,9815082051,reliablesolutions917917@example.com,"644, Main Road, Mumbai",644MAINROADMUMBAI,INACTIVE,2024-12-29
V0918,Reliable Industries 918,RELIABLEINDUSTRIES918,50SBUTO3096TZ4,EIYNB5384A,022991048894,********8894,ICIC0BZ1K0R,9877011286,reliableindustries918918@example.com,"999, Main Road, Bengaluru",999MAINROADBENGALURU,ACTIVE,2026-06-13
V0919,Eastern Services 919,EASTERNSERVICES919,57TDFOR0696TZ8,TMUOR6493O,538065194102,********4102,KKBK03IATKE,9787833673,easternservices919919@example.com,"835, Market Street, Bengaluru",835MARKETSTREETBENGALURU,INACTIVE,2024-10-04
V0920,Metro Industries 920,METROINDUSTRIES920,32VNBAA2921JZ2,POTBY4480K,830695256571,********6571,HDFC091K8BK,9284855891,metroindustries920920@example.com,"920, Main Road, Mumbai",920MAINROADMUMBAI,ACTIVE,2025-10-27
V0921,United Technologies 921,UNITEDTECHNOLOGIES921,93QGGCM9746CZ1,GKEKS6133Z,032641855389,********5389,KKBK0HM2IRC,9747248248,unitedtechnologies921921@example.com,"949, MG Road, Pune",949MGROADPUNE,ACTIVE,2025-12-02
V0922,Southern Industries 922,SOUTHERNINDUSTRIES922,25VBHBE7237MZ9,EPCHB1124Z,886958886855,********6855,HDFC0O3OFDU,9156585640,southernindustries922922@example.com,"812, MG Road, Hyderabad",812MGROADHYDERABAD,ACTIVE,2026-05-24
V0923,Southern Suppliers 923,SOUTHERNSUPPLIERS923,33ZECCC2538CZ5,TATIO5513N,487306774995,********4995,ICIC0K7117V,9476230136,southernsuppliers923923@example.com,"865, Industrial Area, Delhi",865INDUSTRIALAREADELHI,ACTIVE,2025-10-06
V0924,Global Suppliers 924,GLOBALSUPPLIERS924,27UZYND3580DZ9,KKDUG2348J,800716478366,********8366,AXIS01G22OH,9917549959,globalsuppliers924924@example.com,"27, Main Road, Pune",27MAINROADPUNE,ACTIVE,2025-05-03
V0925,National Technologies 925,NATIONALTECHNOLOGIES925,83FIYSX6830LZ8,CXEKK3861N,046395381677,********1677,SBIN0OPDQ2E,9010416035,nationaltechnologies925925@example.com,"199, MG Road, Chennai",199MGROADCHENNAI,ACTIVE,2026-02-22
V0926,Apex Solutions 926,APEXSOLUTIONS926,40EWPQQ5845VZ9,TEAGH1588R,519438140078,********0078,SBIN0H3EYCI,9958000298,apexsolutions926926@example.com,"433, Main Road, Bengaluru",433MAINROADBENGALURU,ACTIVE,2025-07-21
V0927,United Technologies 927,UNITEDTECHNOLOGIES927,88BRLPA3387YZ2,NFNWN5349N,803308446856,********6856,HDFC0OG8YRC,9941495261,unitedtechnologies927927@example.com,"754, MG Road, Hyderabad",754MGROADHYDERABAD,INACTIVE,2025-09-29
V0928,Prime Enterprises 928,PRIMEENTERPRISES928,14JUUMY0428RZ2,OYWWZ5835S,569506013148,********3148,SBIN05D5EUS,9098080288,primeenterprises928928@example.com,"876, Market Street, Bengaluru",876MARKETSTREETBENGALURU,ACTIVE,2024-08-04
V0929,Eastern Services 929,EASTERNSERVICES929,39GNOGI2358HZ3,VZYBX3934P,033561347264,********7264,AXIS02XC6UA,9667696788,easternservices929929@example.com,"179, MG Road, Delhi",179MGROADDELHI,ACTIVE,2025-02-10
V0930,Industrial Traders 930,INDUSTRIALTRADERS930,90PDALX5730BZ5,HBLVT6097F,530073714309,********4309,AXIS0NF55AE,9358550107,industrialtraders930930@example.com,"70, Main Road, Hyderabad",70MAINROADHYDERABAD,INACTIVE,2025-12-26
V0931,Reliable Services 931,RELIABLESERVICES931,56KMYYK5211YZ5,NEQON5043U,408175681684,********1684,SBIN0PMM0TO,9206115251,reliableservices931931@example.com,"759, MG Road, Bengaluru",759MGROADBENGALURU,ACTIVE,2024-04-03
V0932,Reliable Enterprises 932,RELIABLEENTERPRISES932,72LLKFL7991QZ9,LUZVM8998V,592154326254,********6254,KKBK0SSNY20,9106083521,reliableenterprises932932@example.com,"148, Industrial Area, Bengaluru",148INDUSTRIALAREABENGALURU,ACTIVE,2025-02-18
V0933,Metro Enterprises 933,METROENTERPRISES933,74QMBTT6479IZ7,VVUCA7324B,078730086256,********6256,HDFC093MYFN,9019931673,metroenterprises933933@example.com,"791, Main Road, Delhi",791MAINROADDELHI,INACTIVE,2025-07-28
V0934,Industrial Technologies 934,INDUSTRIALTECHNOLOGIES934,45PBSZG9383VZ8,GRFOF6197C,151917412001,********2001,KKBK02WOU0J,9535026841,industrialtechnologies934934@example.com,"992, Industrial Area, Delhi",992INDUSTRIALAREADELHI,INACTIVE,2024-11-19
V0935,Eastern Enterprises 935,EASTERNENTERPRISES935,13PJYAH5981NZ5,KZNNO5127M,116462285356,********5356,ICIC0C0Y2YB,9945685001,easternenterprises935935@example.com,"776, Market Street, Pune",776MARKETSTREETPUNE,ACTIVE,2026-02-08
V0936,Prime Enterprises 936,PRIMEENTERPRISES936,78WLMCB0194PZ4,HWNHE4254U,650323876120,********6120,ICIC0CC2HHI,9988279403,primeenterprises936936@example.com,"672, MG Road, Mumbai",672MGROADMUMBAI,ACTIVE,2025-07-04
V0937,National Industries 937,NATIONALINDUSTRIES937,74NNTEF4119YZ6,MRLBM6696U,239412016039,********6039,ICIC04K63K3,9469021864,nationalindustries937937@example.com,"636, Main Road, Bengaluru",636MAINROADBENGALURU,INACTIVE,2024-08-03
V0938,Prime Services 938,PRIMESERVICES938,11UAWOI7111ZZ8,JVMBE3102Y,183742995320,********5320,AXIS037S4BI,9998739068,primeservices938938@example.com,"43, Industrial Area, Delhi",43INDUSTRIALAREADELHI,ACTIVE,2026-01-15
V0939,Prime Solutions 939,PRIMESOLUTIONS939,75MRYBW1931FZ1,OGSJT5523O,627924130001,********0001,HDFC04ADQTJ,9435779103,primesolutions939939@example.com,"842, Main Road, Bengaluru",842MAINROADBENGALURU,ACTIVE,2024-02-29
V0940,Reliable Solutions 940,RELIABLESOLUTIONS940,60VYDMV0661IZ2,RYPGT7425M,771914290683,********0683,AXIS0OWXZO4,9115009062,reliablesolutions940940@example.com,"544, Market Street, Pune",544MARKETSTREETPUNE,INACTIVE,2024-09-26
V0941,Metro Traders 941,METROTRADERS941,64UXQDZ7203DZ8,MJOKV0600L,704519189662,********9662,KKBK0D9TNXJ,9622995521,metrotraders941941@example.com,"523, Market Street, Pune",523MARKETSTREETPUNE,INACTIVE,2024-08-18
V0942,Prime Enterprises 942,PRIMEENTERPRISES942,80DFBTH2560VZ4,QCNSX2191H,356537406192,********6192,ICIC0809QC5,9992840034,primeenterprises942942@example.com,"994, Market Street, Bengaluru",994MARKETSTREETBENGALURU,ACTIVE,2024-10-28
V0943,Southern Traders 943,SOUTHERNTRADERS943,10LADLV0938DZ2,VWEPW7934H,500136438957,********8957,SBIN0UIVL9Y,9195916455,southerntraders943943@example.com,"85, Industrial Area, Pune",85INDUSTRIALAREAPUNE,INACTIVE,2024-05-02
V0944,Industrial Enterprises 944,INDUSTRIALENTERPRISES944,83RIIUB1856WZ9,UJQYG2080Q,423253261485,********1485,SBIN04KUT76,9894998847,industrialenterprises944944@example.com,"663, Main Road, Chennai",663MAINROADCHENNAI,ACTIVE,2024-02-18
V0945,Industrial Solutions 945,INDUSTRIALSOLUTIONS945,72WLMIT2465UZ9,AUAAV2086X,959060940021,********0021,HDFC0JTA6C0,9887516570,industrialsolutions945945@example.com,"856, Industrial Area, Mumbai",856INDUSTRIALAREAMUMBAI,ACTIVE,2025-04-22
V0946,Industrial Suppliers 946,INDUSTRIALSUPPLIERS946,91OVFKI7389UZ2,HLZDE6787H,679307794509,********4509,KKBK054NPUT,9855034617,industrialsuppliers946946@example.com,"273, Market Street, Mumbai",273MARKETSTREETMUMBAI,ACTIVE,2026-01-16
V0947,Industrial Technologies 947,INDUSTRIALTECHNOLOGIES947,50PXMMR7609KZ1,TKDRG4822O,884739797354,********7354,SBIN0Y7ZPUO,9302893807,industrialtechnologies947947@example.com,"464, MG Road, Bengaluru",464MGROADBENGALURU,ACTIVE,2024-06-08
V0948,Prime Traders 948,PRIMETRADERS948,96YPVIT8370QZ9,FVAPP0667N,026545165017,********5017,ICIC0GXC0IL,9654846927,primetraders948948@example.com,"899, Industrial Area, Mumbai",899INDUSTRIALAREAMUMBAI,INACTIVE,2024-05-07
V0949,Prime Services 949,PRIMESERVICES949,28QUUZE0616BZ2,XGWJW4066Q,668324898924,********8924,AXIS0EEJMV2,9184056991,primeservices949949@example.com,"451, Industrial Area, Delhi",451INDUSTRIALAREADELHI,ACTIVE,2024-09-05
V0950,Prime Solutions 950,PRIMESOLUTIONS950,62VIHCZ9893SZ2,KZHQJ4163H,313190209820,********9820,KKBK0OLOAQK,9218809033,primesolutions950950@example.com,"597, Main Road, Hyderabad",597MAINROADHYDERABAD,INACTIVE,2024-01-21
V0951,Reliable Services 951,RELIABLESERVICES951,84BVFXO6137QZ5,BXYPP2737G,745082332854,********2854,ICIC07DBWU5,9499279240,reliableservices951951@example.com,"446, Main Road, Bengaluru",446MAINROADBENGALURU,ACTIVE,2025-08-12
V0952,National Services 952,NATIONALSERVICES952,27WLMUC6912SZ2,DUXFW4871G,903257129339,********9339,KKBK0GNOURO,9650604691,nationalservices952952@example.com,"18, Market Street, Hyderabad",18MARKETSTREETHYDERABAD,ACTIVE,2025-12-21
V0953,Apex Solutions 953,APEXSOLUTIONS953,12USZRO1760NZ9,ERNCQ2319M,229247541338,********1338,ICIC0NVAS4K,9898642919,apexsolutions953953@example.com,"126, Industrial Area, Bengaluru",126INDUSTRIALAREABENGALURU,ACTIVE,2024-09-15
V0954,National Technologies 954,NATIONALTECHNOLOGIES954,45MPHMS4320LZ8,PRARE3121J,952503131548,********1548,SBIN0X1JNUV,9305643847,nationaltechnologies954954@example.com,"444, Industrial Area, Pune",444INDUSTRIALAREAPUNE,ACTIVE,2026-01-31
V0955,Apex Services 955,APEXSERVICES955,46OMHGZ4398VZ4,ATOSW5017U,437141018416,********8416,KKBK04VSG9U,9111682166,apexservices955955@example.com,"462, MG Road, Pune",462MGROADPUNE,INACTIVE,2025-08-01
V0956,Prime Suppliers 956,PRIMESUPPLIERS956,27VVOUV9276XZ5,YEUGV2584U,855903079159,********9159,HDFC0ARTR2B,9332059735,primesuppliers956956@example.com,"51, Industrial Area, Pune",51INDUSTRIALAREAPUNE,ACTIVE,2025-07-08
V0957,Apex Industries 957,APEXINDUSTRIES957,24CLJPB4854PZ3,SPUUT1642W,718430957922,********7922,ICIC0JIEUYP,9944399887,apexindustries957957@example.com,"969, Market Street, Hyderabad",969MARKETSTREETHYDERABAD,ACTIVE,2025-11-20
V0958,Southern Solutions 958,SOUTHERNSOLUTIONS958,56EKFJD6420KZ2,JNSOZ4816I,054840960670,********0670,ICIC0TCDMF6,9186763271,southernsolutions958958@example.com,"778, Market Street, Pune",778MARKETSTREETPUNE,ACTIVE,2026-01-12
V0959,Reliable Enterprises 959,RELIABLEENTERPRISES959,21OBDCX2122FZ7,JGXVI6661S,426452079070,********9070,AXIS0SX4CQE,9225906237,reliableenterprises959959@example.com,"688, Market Street, Hyderabad",688MARKETSTREETHYDERABAD,ACTIVE,2024-01-30
V0960,United Solutions 960,UNITEDSOLUTIONS960,20KPTKK0967OZ6,AOOAY2504B,080054567198,********7198,KKBK0DWNA2L,9185372267,unitedsolutions960960@example.com,"280, MG Road, Chennai",280MGROADCHENNAI,ACTIVE,2025-08-31
V0961,Metro Industries 961,METROINDUSTRIES961,25AQUTW9761CZ8,BVAQN4427K,473892457745,********7745,SBIN07TD04X,9144885452,metroindustries961961@example.com,"538, Market Street, Bengaluru",538MARKETSTREETBENGALURU,ACTIVE,2024-09-26
V0962,Reliable Traders 962,RELIABLETRADERS962,66OZJPB5908VZ5,AWYIY3846L,261968303233,********3233,ICIC03PI6W3,9977976447,reliabletraders962962@example.com,"446, MG Road, Hyderabad",446MGROADHYDERABAD,INACTIVE,2024-12-31
V0963,National Technologies 963,NATIONALTECHNOLOGIES963,45JBMOL3667BZ2,OZLTK1862F,081935449709,********9709,AXIS0AQWQ4M,9582741621,nationaltechnologies963963@example.com,"263, Market Street, Mumbai",263MARKETSTREETMUMBAI,INACTIVE,2026-05-15
V0964,Global Industries 964,GLOBALINDUSTRIES964,49ALOUS3273JZ9,FWEVT8367I,271601860883,********0883,KKBK074IKFM,9885294036,globalindustries964964@example.com,"688, Industrial Area, Mumbai",688INDUSTRIALAREAMUMBAI,ACTIVE,2026-01-05
V0965,Global Suppliers 965,GLOBALSUPPLIERS965,72GVRXY7115WZ4,HWCOB9263L,497540198883,********8883,AXIS06071NM,9481112964,globalsuppliers965965@example.com,"136, Industrial Area, Hyderabad",136INDUSTRIALAREAHYDERABAD,ACTIVE,2024-05-05
V0966,Industrial Enterprises 966,INDUSTRIALENTERPRISES966,37RFUYJ0566FZ2,BIYPL8899S,719012129093,********9093,ICIC00PQWEW,9777098820,industrialenterprises966966@example.com,"390, Market Street, Chennai",390MARKETSTREETCHENNAI,ACTIVE,2025-09-19
V0967,Prime Industries 967,PRIMEINDUSTRIES967,86JMQDU7251TZ1,EUEGO8074X,081933348702,********8702,AXIS0MROLU8,9951471626,primeindustries967967@example.com,"979, Market Street, Pune",979MARKETSTREETPUNE,ACTIVE,2025-04-09
V0968,United Solutions 968,UNITEDSOLUTIONS968,47HURHH3677XZ5,HISEQ4652M,472859512766,********2766,HDFC0RH2DIT,9476172633,unitedsolutions968968@example.com,"721, MG Road, Hyderabad",721MGROADHYDERABAD,ACTIVE,2024-12-09
V0969,Southern Technologies 969,SOUTHERNTECHNOLOGIES969,88SGOES3921TZ2,TUPEY5685X,198748299408,********9408,ICIC050AIST,9933310044,southerntechnologies969969@example.com,"115, Industrial Area, Pune",115INDUSTRIALAREAPUNE,ACTIVE,2025-02-08
V0970,Reliable Suppliers 970,RELIABLESUPPLIERS970,54CVGPI6027HZ9,GIIAD1066Q,796812519238,********9238,KKBK0KDC885,9255705191,reliablesuppliers970970@example.com,"74, Main Road, Bengaluru",74MAINROADBENGALURU,ACTIVE,2024-06-17
V0971,United Industries 971,UNITEDINDUSTRIES971,47BYRPZ4262VZ7,ERPPS1231D,474896825534,********5534,ICIC0MJ9PJP,9204342205,unitedindustries971971@example.com,"829, Main Road, Pune",829MAINROADPUNE,ACTIVE,2024-05-02
V0972,Prime Solutions 972,PRIMESOLUTIONS972,80VWJAK9233QZ4,SBEZN7595Z,974083913976,********3976,KKBK0WUZONU,9006378139,primesolutions972972@example.com,"745, Market Street, Delhi",745MARKETSTREETDELHI,ACTIVE,2024-02-02
V0973,Apex Suppliers 973,APEXSUPPLIERS973,27XBZXQ3168AZ8,OZPLT5095S,912908924419,********4419,HDFC071AMJ5,9275637410,apexsuppliers973973@example.com,"677, Industrial Area, Bengaluru",677INDUSTRIALAREABENGALURU,INACTIVE,2025-05-14
V0974,Southern Technologies 974,SOUTHERNTECHNOLOGIES974,96ASWRF7693YZ2,HXRVE9518M,645159165635,********5635,AXIS03QDM2K,9439582432,southerntechnologies974974@example.com,"358, MG Road, Delhi",358MGROADDELHI,ACTIVE,2025-10-30
V0975,Prime Industries 975,PRIMEINDUSTRIES975,36ECDCE9956ZZ5,OUHBC1868O,389104444142,********4142,SBIN0ZDLRP9,9821707136,primeindustries975975@example.com,"981, Main Road, Chennai",981MAINROADCHENNAI,ACTIVE,2024-09-25
V0976,Industrial Services 976,INDUSTRIALSERVICES976,17YKWQV6346AZ8,UELDT2196A,454632161266,********1266,KKBK057I3K0,9359801802,industrialservices976976@example.com,"9, MG Road, Bengaluru",9MGROADBENGALURU,ACTIVE,2025-02-02
V0977,Southern Solutions 977,SOUTHERNSOLUTIONS977,97WWULB2338UZ3,KQVLX7825A,309426659962,********9962,HDFC0AWVTPR,9712330111,southernsolutions977977@example.com,"48, Industrial Area, Chennai",48INDUSTRIALAREACHENNAI,ACTIVE,2025-06-10
V0978,Eastern Industries 978,EASTERNINDUSTRIES978,60WNOYR2562VZ3,ZEREE9379D,735291824222,********4222,KKBK0VQBZ1O,9191647398,easternindustries978978@example.com,"409, MG Road, Mumbai",409MGROADMUMBAI,ACTIVE,2026-03-08
V0979,United Enterprises 979,UNITEDENTERPRISES979,31XRPWF2283BZ9,FZVWD0990V,214789996987,********6987,HDFC032IXQI,9464355440,unitedenterprises979979@example.com,"678, Market Street, Delhi",678MARKETSTREETDELHI,ACTIVE,2025-04-24
V0980,Metro Suppliers 980,METROSUPPLIERS980,86TRLTY1981XZ1,LQEOW7316Y,549915979263,********9263,AXIS0LEQI9F,9086904633,metrosuppliers980980@example.com,"239, Market Street, Mumbai",239MARKETSTREETMUMBAI,INACTIVE,2026-06-12
V0981,United Traders 981,UNITEDTRADERS981,61MMXTN2899SZ3,FRAXO2158D,047826659741,********9741,SBIN0Z2A3WG,9729913282,unitedtraders981981@example.com,"254, Market Street, Hyderabad",254MARKETSTREETHYDERABAD,ACTIVE,2024-04-21
V0982,National Services 982,NATIONALSERVICES982,69FSQDV5615ZZ9,KWCBE2444G,075589575759,********5759,HDFC01T4U61,9544365482,nationalservices982982@example.com,"585, Market Street, Bengaluru",585MARKETSTREETBENGALURU,ACTIVE,2025-08-23
V0983,Prime Industries 983,PRIMEINDUSTRIES983,27IHWAE7991WZ6,ERVEU7962D,036493827975,********7975,SBIN0HCN8IF,9477444652,primeindustries983983@example.com,"559, Market Street, Hyderabad",559MARKETSTREETHYDERABAD,ACTIVE,2024-12-26
V0984,Metro Services 984,METROSERVICES984,86NCSTK1104YZ4,KAGVA9507A,939270352697,********2697,HDFC0RZT9E4,9814425472,metroservices984984@example.com,"948, Market Street, Pune",948MARKETSTREETPUNE,ACTIVE,2024-07-09
V0985,Apex Industries 985,APEXINDUSTRIES985,71YLXSV2787OZ2,LAYOL7710Y,161486826722,********6722,AXIS0ERVTFQ,9053788204,apexindustries985985@example.com,"751, MG Road, Chennai",751MGROADCHENNAI,INACTIVE,2025-07-31
V0986,Global Solutions 986,GLOBALSOLUTIONS986,59ESTTP1477JZ5,FRUEX2701W,910143975340,********5340,ICIC0CJGUCF,9712934965,globalsolutions986986@example.com,"72, Industrial Area, Chennai",72INDUSTRIALAREACHENNAI,ACTIVE,2024-07-16
V0987,Prime Traders 987,PRIMETRADERS987,86TMPZC2360XZ5,ZTJUI9234J,629324858536,********8536,SBIN0W64YB5,9048579618,primetraders987987@example.com,"174, Market Street, Hyderabad",174MARKETSTREETHYDERABAD,ACTIVE,2025-04-28
V0988,Apex Industries 988,APEXINDUSTRIES988,50QGAOO3744HZ7,LMEAL8454F,688681438653,********8653,AXIS01WKVU4,9027191352,apexindustries988988@example.com,"132, Industrial Area, Delhi",132INDUSTRIALAREADELHI,ACTIVE,2024-10-19
V0989,Apex Enterprises 989,APEXENTERPRISES989,32VNVSA1823CZ2,RUWZQ1697L,759630872392,********2392,KKBK0J8RX2J,9364601909,apexenterprises989989@example.com,"257, MG Road, Bengaluru",257MGROADBENGALURU,ACTIVE,2024-11-30
V0990,Reliable Suppliers 990,RELIABLESUPPLIERS990,70PRZYV4466KZ2,COTNL6711P,453740564953,********4953,AXIS091KQ67,9435633763,reliablesuppliers990990@example.com,"947, MG Road, Delhi",947MGROADDELHI,ACTIVE,2026-06-01
V0991,Reliable Enterprises 991,RELIABLEENTERPRISES991,59EKTOC0348EZ1,BIKVK7274M,873908414993,********4993,AXIS0WUHFRL,9825726221,reliableenterprises991991@example.com,"771, Industrial Area, Mumbai",771INDUSTRIALAREAMUMBAI,ACTIVE,2025-06-07
V0992,Apex Solutions 992,APEXSOLUTIONS992,82ADNCB2144CZ8,ONNKG6950E,891093424460,********4460,AXIS0Z2MF01,9910018193,apexsolutions992992@example.com,"703, Industrial Area, Chennai",703INDUSTRIALAREACHENNAI,INACTIVE,2024-12-01
V0993,Southern Suppliers 993,SOUTHERNSUPPLIERS993,70WBLTX3029MZ5,OMILT9012D,433111715167,********5167,SBIN04IVNDR,9007641127,southernsuppliers993993@example.com,"493, MG Road, Chennai",493MGROADCHENNAI,INACTIVE,2025-12-12
V0994,Reliable Solutions 994,RELIABLESOLUTIONS994,62FJXRZ0068ZZ2,GRSJI8339C,648164315697,********5697,KKBK0NJ0C2W,9226513701,reliablesolutions994994@example.com,"702, Industrial Area, Mumbai",702INDUSTRIALAREAMUMBAI,ACTIVE,2025-05-31
V0995,Eastern Services 995,EASTERNSERVICES995,72PJCXN5316KZ7,YNVEQ9682D,427489090804,********0804,AXIS0DM5RVF,9286784036,easternservices995995@example.com,"488, MG Road, Bengaluru",488MGROADBENGALURU,INACTIVE,2024-05-25
V0996,Metro Enterprises 996,METROENTERPRISES996,10RLDWW3218JZ4,OEVTE1082Q,658808604031,********4031,ICIC0Q6YE84,9084437057,metroenterprises996996@example.com,"777, Industrial Area, Chennai",777INDUSTRIALAREACHENNAI,ACTIVE,2026-01-27
V0997,United Industries 997,UNITEDINDUSTRIES997,79BPXGG6860QZ8,WKHNJ5311O,124881922230,********2230,AXIS0OMMY45,9311406137,unitedindustries997997@example.com,"555, Market Street, Bengaluru",555MARKETSTREETBENGALURU,INACTIVE,2024-11-15
V0998,Southern Enterprises 998,SOUTHERNENTERPRISES998,99FIWLF1055WZ4,JTZXI3246P,036815125027,********5027,AXIS0XH5ZP9,9318439639,southernenterprises998998@example.com,"141, Industrial Area, Mumbai",141INDUSTRIALAREAMUMBAI,ACTIVE,2024-12-19
V0999,Eastern Solutions 999,EASTERNSOLUTIONS999,26YNSKM1033CZ2,YJUJC4255R,024535127666,********7666,KKBK0O155DT,9600585987,easternsolutions999999@example.com,"502, Industrial Area, Bengaluru",502INDUSTRIALAREABENGALURU,INACTIVE,2025-06-03
V1000,Metro Services 1000,METROSERVICES1000,44GTWWU7768WZ8,CTSRE7084H,181338006940,********6940,ICIC0MQWF7I,9098558042,metroservices10001000@example.com,"120, Market Street, Pune",120MARKETSTREETPUNE,ACTIVE,2026-06-15
V1001,Prime Traders 1001,PRIMETRADERS1001,82NNWJR3261DZ4,ZDHLY5421L,068370067786,********7786,HDFC07KA6O1,9468315151,primetraders10011001@example.com,"141, MG Road, Bengaluru",141MGROADBENGALURU,ACTIVE,2024-10-29
V1002,Apex Suppliers 1002,APEXSUPPLIERS1002,48BDLMJ0094NZ8,DEPTS2939W,678784528653,********8653,KKBK0BPKF0A,9750221716,apexsuppliers10021002@example.com,"772, Market Street, Chennai",772MARKETSTREETCHENNAI,ACTIVE,2024-06-20
V1003,Apex Traders 1003,APEXTRADERS1003,93QYFEI8731FZ8,YGKPF5419A,129365499465,********9465,SBIN0TRYRMF,9788699036,apextraders10031003@example.com,"897, Market Street, Delhi",897MARKETSTREETDELHI,ACTIVE,2025-11-08
V1004,United Suppliers 1004,UNITEDSUPPLIERS1004,62GFJOQ1857JZ2,PMSIS8782K,284239830006,********0006,SBIN0IFORRL,9385065334,unitedsuppliers10041004@example.com,"989, MG Road, Mumbai",989MGROADMUMBAI,ACTIVE,2024-09-06
V1005,United Suppliers 1005,UNITEDSUPPLIERS1005,96YGAWJ2439NZ8,RUSZX4832H,037316403961,********3961,SBIN07O3HKV,9433519208,unitedsuppliers10051005@example.com,"812, MG Road, Chennai",812MGROADCHENNAI,ACTIVE,2025-05-13
V1006,Reliable Industries 1006,RELIABLEINDUSTRIES1006,72UVPTF5316ZZ5,QFMFI6109C,473702962923,********2923,HDFC0ZYSQJ3,9749891000,reliableindustries10061006@example.com,"351, Main Road, Pune",351MAINROADPUNE,ACTIVE,2025-02-17
V1007,Southern Enterprises 1007,SOUTHERNENTERPRISES1007,96MYATC0875WZ9,QRDDM1018J,517490740125,********0125,HDFC0KCGFY4,9856960173,southernenterprises10071007@example.com,"258, MG Road, Bengaluru",258MGROADBENGALURU,ACTIVE,2024-08-17
V1008,Prime Solutions 1008,PRIMESOLUTIONS1008,83SYLEU2600RZ7,LVGRD5840G,065148181626,********1626,SBIN0KB4J0T,9238259360,primesolutions10081008@example.com,"581, MG Road, Hyderabad",581MGROADHYDERABAD,INACTIVE,2024-10-16
V1009,Eastern Services 1009,EASTERNSERVICES1009,27KSUJC8975BZ6,MXLVN4334B,902506670342,********0342,HDFC0UJENVS,9978640443,easternservices10091009@example.com,"955, Market Street, Hyderabad",955MARKETSTREETHYDERABAD,INACTIVE,2025-04-10
V1010,Industrial Solutions 1010,INDUSTRIALSOLUTIONS1010,12GOYTZ6787JZ3,WVTWN4564O,734322230651,********0651,HDFC0TL5AKO,9112433423,industrialsolutions10101010@example.com,"618, Market Street, Mumbai",618MARKETSTREETMUMBAI,ACTIVE,2025-02-04
V1011,Metro Services 1011,METROSERVICES1011,83OEAQL9740YZ2,EFUVO9244X,916118991047,********1047,SBIN0VCVVYE,9102473420,metroservices10111011@example.com,"566, MG Road, Mumbai",566MGROADMUMBAI,ACTIVE,2024-02-20
V1012,Industrial Services 1012,INDUSTRIALSERVICES1012,40ORSFG1244YZ4,YKHYH6023N,965195765142,********5142,HDFC06ZTSXA,9662878512,industrialservices10121012@example.com,"304, MG Road, Hyderabad",304MGROADHYDERABAD,INACTIVE,2026-01-31
V1013,Eastern Solutions 1013,EASTERNSOLUTIONS1013,30FSDXW9494HZ1,CXIDN5392K,692609065500,********5500,ICIC0REVK3S,9544155606,easternsolutions10131013@example.com,"730, Market Street, Bengaluru",730MARKETSTREETBENGALURU,ACTIVE,2025-03-25
V1014,Prime Solutions 1014,PRIMESOLUTIONS1014,48DBPKC9745JZ2,YMUUV9604N,225771999071,********9071,KKBK0PG8E5K,9747509680,primesolutions10141014@example.com,"887, MG Road, Hyderabad",887MGROADHYDERABAD,ACTIVE,2025-06-23
V1015,National Enterprises 1015,NATIONALENTERPRISES1015,15IXYVH5303UZ6,RCTAG8748Q,031418831750,********1750,AXIS0U3LEIF,9782263686,nationalenterprises10151015@example.com,"943, Industrial Area, Mumbai",943INDUSTRIALAREAMUMBAI,ACTIVE,2024-03-02
V1016,Metro Traders 1016,METROTRADERS1016,57MBNWV2530DZ7,CFVFS5177S,022518844678,********4678,ICIC043XQKP,9229082868,metrotraders10161016@example.com,"767, Main Road, Hyderabad",767MAINROADHYDERABAD,ACTIVE,2025-07-14
V1017,Prime Solutions 1017,PRIMESOLUTIONS1017,88BOWGG9208TZ4,SJWJK5801E,533846386755,********6755,HDFC0WAGZ18,9656432172,primesolutions10171017@example.com,"122, Market Street, Bengaluru",122MARKETSTREETBENGALURU,ACTIVE,2024-03-18
V1018,Eastern Suppliers 1018,EASTERNSUPPLIERS1018,19UQQCA7778OZ4,IPOFC3626O,046070499208,********9208,SBIN0HRL37T,9116208603,easternsuppliers10181018@example.com,"700, Market Street, Chennai",700MARKETSTREETCHENNAI,ACTIVE,2025-05-20
V1019,Apex Technologies 1019,APEXTECHNOLOGIES1019,76SWXJQ9088JZ3,CHDNN0797J,200147065369,********5369,AXIS0QVGXO2,9886813888,apextechnologies10191019@example.com,"553, MG Road, Chennai",553MGROADCHENNAI,INACTIVE,2024-01-06
V1020,United Technologies 1020,UNITEDTECHNOLOGIES1020,38GMYCG9109BZ9,CRAPB6039O,702653598652,********8652,KKBK02G46JL,9729332799,unitedtechnologies10201020@example.com,"364, Industrial Area, Bengaluru",364INDUSTRIALAREABENGALURU,ACTIVE,2024-01-22
V1021,Eastern Suppliers 1021,EASTERNSUPPLIERS1021,38UVXDJ3254QZ7,FXSUO1281H,165909653580,********3580,ICIC01RLJ5F,9921356250,easternsuppliers10211021@example.com,"917, Industrial Area, Chennai",917INDUSTRIALAREACHENNAI,ACTIVE,2026-01-08
V1022,Metro Industries 1022,METROINDUSTRIES1022,44XBORM0897CZ4,VDTKW7902I,325036025744,********5744,AXIS0G0QG1L,9773259183,metroindustries10221022@example.com,"30, MG Road, Chennai",30MGROADCHENNAI,INACTIVE,2025-11-11
V1023,Prime Solutions 1023,PRIMESOLUTIONS1023,85ATXTL3433SZ3,ZALEF8748G,516986435312,********5312,SBIN01IEDOB,9086320175,primesolutions10231023@example.com,"58, Main Road, Delhi",58MAINROADDELHI,INACTIVE,2024-08-10
V1024,National Suppliers 1024,NATIONALSUPPLIERS1024,76GBXNL2028SZ4,GYRRH8512W,469446634314,********4314,SBIN05FDLF2,9148958897,nationalsuppliers10241024@example.com,"68, MG Road, Mumbai",68MGROADMUMBAI,ACTIVE,2024-04-01
V1025,Metro Traders 1025,METROTRADERS1025,71TAHFF9737OZ2,SDKUH5604B,327174743202,********3202,HDFC09V8GZX,9858442682,metrotraders10251025@example.com,"67, MG Road, Pune",67MGROADPUNE,ACTIVE,2024-03-17
V1026,Prime Solutions 1026,PRIMESOLUTIONS1026,91QFHXN8064VZ5,LRWEG6796M,813395427108,********7108,AXIS056ZVBQ,9813936874,primesolutions10261026@example.com,"973, Main Road, Chennai",973MAINROADCHENNAI,INACTIVE,2024-08-24
V1027,Southern Traders 1027,SOUTHERNTRADERS1027,74OCLXU6096TZ1,ZMQPN7615L,120743262792,********2792,AXIS0ZOJ5TA,9851913849,southerntraders10271027@example.com,"395, Industrial Area, Delhi",395INDUSTRIALAREADELHI,INACTIVE,2024-11-29
V1028,Prime Traders 1028,PRIMETRADERS1028,96SGQSE3547SZ9,JLWEF3520V,441498228271,********8271,AXIS0A3LQBW,9483319452,primetraders10281028@example.com,"716, Market Street, Chennai",716MARKETSTREETCHENNAI,INACTIVE,2024-04-23
V1029,Eastern Solutions 1029,EASTERNSOLUTIONS1029,15BEAXR4721HZ6,IDPCZ9646D,454819004449,********4449,ICIC006GJ33,9518542160,easternsolutions10291029@example.com,"862, MG Road, Bengaluru",862MGROADBENGALURU,INACTIVE,2024-11-23
V1030,Reliable Services 1030,RELIABLESERVICES1030,94SSCSW4285LZ9,PHBRV0575R,363861198391,********8391,KKBK0E2RCKC,9016256835,reliableservices10301030@example.com,"629, Industrial Area, Pune",629INDUSTRIALAREAPUNE,INACTIVE,2025-06-11
V1031,Apex Solutions 1031,APEXSOLUTIONS1031,98VISGE8492XZ8,TUFYA0929G,518747395406,********5406,ICIC0X6Y0XV,9337879890,apexsolutions10311031@example.com,"951, MG Road, Mumbai",951MGROADMUMBAI,INACTIVE,2025-01-08
V1032,Eastern Traders 1032,EASTERNTRADERS1032,38EISGI4410IZ4,DSLYG4631I,240288026338,********6338,HDFC0IWHB16,9528120598,easterntraders10321032@example.com,"179, Industrial Area, Mumbai",179INDUSTRIALAREAMUMBAI,ACTIVE,2024-04-29
V1033,Metro Technologies 1033,METROTECHNOLOGIES1033,88NBDBF8067BZ4,QNZMQ1451I,708617309971,********9971,SBIN0EU3WY9,9535471909,metrotechnologies10331033@example.com,"187, Main Road, Mumbai",187MAINROADMUMBAI,INACTIVE,2025-06-09
V1034,Reliable Suppliers 1034,RELIABLESUPPLIERS1034,54YUEDA8723DZ6,JKSRP7209E,987339050948,********0948,KKBK0FT4CJ4,9566263823,reliablesuppliers10341034@example.com,"993, Market Street, Chennai",993MARKETSTREETCHENNAI,ACTIVE,2024-11-26
V1035,United Solutions 1035,UNITEDSOLUTIONS1035,87PHQOX7831MZ1,OJHIQ1550A,589660535555,********5555,AXIS0QGT65L,9092239435,unitedsolutions10351035@example.com,"531, Market Street, Chennai",531MARKETSTREETCHENNAI,ACTIVE,2024-12-27
V1036,Metro Solutions 1036,METROSOLUTIONS1036,43UURHC1211DZ2,TTXHH6531J,796512391375,********1375,AXIS0ZAYNT5,9424684066,metrosolutions10361036@example.com,"315, MG Road, Bengaluru",315MGROADBENGALURU,ACTIVE,2025-12-23
V1037,United Services 1037,UNITEDSERVICES1037,81ILSQW9710KZ6,VCPGC1954O,481321622910,********2910,AXIS0MK6831,9227155053,unitedservices10371037@example.com,"973, Main Road, Hyderabad",973MAINROADHYDERABAD,ACTIVE,2025-08-19
V1038,Southern Services 1038,SOUTHERNSERVICES1038,39XDUMU0972KZ1,NNEDG1458X,598031580616,********0616,SBIN09YYR8I,9185766219,southernservices10381038@example.com,"611, MG Road, Bengaluru",611MGROADBENGALURU,INACTIVE,2024-03-14
V1039,Eastern Traders 1039,EASTERNTRADERS1039,20XXTCH2760YZ6,OBIKC4407B,038149037661,********7661,SBIN0FDFYLF,9032207438,easterntraders10391039@example.com,"702, Market Street, Pune",702MARKETSTREETPUNE,INACTIVE,2025-12-07
V1040,Global Enterprises 1040,GLOBALENTERPRISES1040,33HTXEN7086UZ7,UZCTN4127T,864544377479,********7479,KKBK0QVVK94,9038451440,globalenterprises10401040@example.com,"794, Industrial Area, Hyderabad",794INDUSTRIALAREAHYDERABAD,ACTIVE,2024-10-28
V1041,Global Solutions 1041,GLOBALSOLUTIONS1041,88FWSUT8013DZ6,UNSNW2704S,179520314939,********4939,AXIS0975FIN,9403252459,globalsolutions10411041@example.com,"436, Main Road, Mumbai",436MAINROADMUMBAI,ACTIVE,2024-07-25
V1042,Apex Enterprises 1042,APEXENTERPRISES1042,16IBHIC7033NZ1,JNPOQ2660Q,605037825891,********5891,KKBK0IFNRGD,9539815675,apexenterprises10421042@example.com,"884, Industrial Area, Delhi",884INDUSTRIALAREADELHI,ACTIVE,2024-09-20
V1043,Southern Solutions 1043,SOUTHERNSOLUTIONS1043,99EJCUI5237YZ5,HFMHB2194X,885884179327,********9327,SBIN032P8C1,9936895363,southernsolutions10431043@example.com,"621, Main Road, Delhi",621MAINROADDELHI,INACTIVE,2026-05-19
V1044,Reliable Traders 1044,RELIABLETRADERS1044,68PSSYX2156TZ5,KJUDM8635W,919308740250,********0250,KKBK0THTU34,9603513459,reliabletraders10441044@example.com,"29, MG Road, Pune",29MGROADPUNE,INACTIVE,2024-07-20
V1045,Eastern Technologies 1045,EASTERNTECHNOLOGIES1045,30UWKPC7726GZ8,KMSJX2817C,449965341096,********1096,AXIS0MIBP9U,9646304428,easterntechnologies10451045@example.com,"68, Market Street, Bengaluru",68MARKETSTREETBENGALURU,ACTIVE,2024-02-29
V1046,Reliable Industries 1046,RELIABLEINDUSTRIES1046,40FVEXZ1571GZ7,PYTXB4644D,588844991775,********1775,SBIN08VW0Q8,9069265762,reliableindustries10461046@example.com,"157, MG Road, Hyderabad",157MGROADHYDERABAD,INACTIVE,2024-10-09
V1047,Reliable Industries 1047,RELIABLEINDUSTRIES1047,61NUQDW8903ZZ6,SQMLQ2105A,046395902365,********2365,ICIC078AN0T,9819084547,reliableindustries10471047@example.com,"500, MG Road, Delhi",500MGROADDELHI,ACTIVE,2026-03-29
V1048,Industrial Solutions 1048,INDUSTRIALSOLUTIONS1048,96QCRJV1277FZ3,YWBJB0187L,041226593360,********3360,HDFC0573VJT,9850206716,industrialsolutions10481048@example.com,"398, Industrial Area, Hyderabad",398INDUSTRIALAREAHYDERABAD,ACTIVE,2024-01-16
V1049,Industrial Solutions 1049,INDUSTRIALSOLUTIONS1049,40PEJCR8430GZ3,UKWNA5166W,321983809301,********9301,SBIN0X0W4T7,9003538860,industrialsolutions10491049@example.com,"708, Market Street, Mumbai",708MARKETSTREETMUMBAI,ACTIVE,2024-01-11
V1050,United Suppliers 1050,UNITEDSUPPLIERS1050,45CNYSS9510VZ6,UPPSE2182I,930341743841,********3841,HDFC0ZO764U,9110587250,unitedsuppliers10501050@example.com,"799, MG Road, Hyderabad",799MGROADHYDERABAD,ACTIVE,2026-02-05
V1051,Eastern Suppliers 1051,EASTERNSUPPLIERS1051,91AKVLN5912QZ5,LFZEB8947N,521014230350,********0350,SBIN0UNGRRG,9887102457,easternsuppliers10511051@example.com,"357, Market Street, Bengaluru",357MARKETSTREETBENGALURU,ACTIVE,2026-05-01
V1052,Prime Services 1052,PRIMESERVICES1052,47CUKCN0217SZ2,HFDPN8203H,620773094801,********4801,HDFC0YZSGB3,9051541442,primeservices10521052@example.com,"449, Industrial Area, Hyderabad",449INDUSTRIALAREAHYDERABAD,ACTIVE,2024-11-05
V1053,National Technologies 1053,NATIONALTECHNOLOGIES1053,14PMUDG9591QZ6,WYFWL6263W,387074644144,********4144,HDFC02MKGIJ,9035533056,nationaltechnologies10531053@example.com,"238, Main Road, Bengaluru",238MAINROADBENGALURU,ACTIVE,2025-03-30
V1054,Prime Industries 1054,PRIMEINDUSTRIES1054,27VIMMM2591OZ7,NJDMC8186D,523878528654,********8654,AXIS0F9S5R2,9259050986,primeindustries10541054@example.com,"914, Main Road, Delhi",914MAINROADDELHI,ACTIVE,2025-02-01
V1055,United Solutions 1055,UNITEDSOLUTIONS1055,88AMHNZ9132NZ8,DFJXQ2996A,022162517390,********7390,KKBK0RGTUH0,9936883992,unitedsolutions10551055@example.com,"118, MG Road, Pune",118MGROADPUNE,ACTIVE,2024-03-11
V1056,Reliable Services 1056,RELIABLESERVICES1056,71UTIYZ8552OZ2,TSLKY3259Q,122531657648,********7648,SBIN0AHJPVK,9328039523,reliableservices10561056@example.com,"612, Market Street, Delhi",612MARKETSTREETDELHI,ACTIVE,2025-06-11
V1057,Metro Traders 1057,METROTRADERS1057,14SVZQI8124DZ7,TBVBC8979Y,890065165779,********5779,AXIS0Y9YV8B,9970806920,metrotraders10571057@example.com,"596, Industrial Area, Hyderabad",596INDUSTRIALAREAHYDERABAD,ACTIVE,2025-06-08
V1058,Eastern Enterprises 1058,EASTERNENTERPRISES1058,33FDXUM5181RZ3,YOGVI0463U,021538982486,********2486,KKBK0DQ5UYZ,9329025994,easternenterprises10581058@example.com,"602, Main Road, Delhi",602MAINROADDELHI,ACTIVE,2026-01-13
V1059,United Suppliers 1059,UNITEDSUPPLIERS1059,22JKWGZ1260DZ3,QUUPA0051P,313428429072,********9072,KKBK0DRXDNO,9420026647,unitedsuppliers10591059@example.com,"268, Main Road, Delhi",268MAINROADDELHI,INACTIVE,2025-12-21
V1060,Apex Industries 1060,APEXINDUSTRIES1060,88MUXPO9011HZ6,OJHOW6903Q,983271683740,********3740,KKBK02MAJUJ,9289798934,apexindustries10601060@example.com,"262, Industrial Area, Delhi",262INDUSTRIALAREADELHI,ACTIVE,2024-06-13
V1061,Metro Enterprises 1061,METROENTERPRISES1061,28TLUBH2151CZ9,RMSMH6242W,731026341720,********1720,AXIS0IRWOCQ,9249528691,metroenterprises10611061@example.com,"18, MG Road, Hyderabad",18MGROADHYDERABAD,ACTIVE,2026-06-08
V1062,Metro Technologies 1062,METROTECHNOLOGIES1062,79NOKAW6927LZ1,ORPGM6503L,751292925120,********5120,HDFC0TAPUSL,9368619320,metrotechnologies10621062@example.com,"327, Market Street, Bengaluru",327MARKETSTREETBENGALURU,ACTIVE,2025-04-30
V1063,Reliable Services 1063,RELIABLESERVICES1063,91MBXEX3225MZ9,FAWDG2506Y,593233823043,********3043,SBIN0OOGLUA,9489164833,reliableservices10631063@example.com,"515, MG Road, Chennai",515MGROADCHENNAI,INACTIVE,2024-07-13
V1064,Southern Industries 1064,SOUTHERNINDUSTRIES1064,25DZBOM9990BZ8,TUOUN8659A,619816670100,********0100,AXIS057SS73,9940525647,southernindustries10641064@example.com,"268, Market Street, Delhi",268MARKETSTREETDELHI,ACTIVE,2024-04-20
V1065,United Industries 1065,UNITEDINDUSTRIES1065,32ZSAVI2955EZ1,AEFEC7169M,923662652588,********2588,HDFC04RSLNM,9360788990,unitedindustries10651065@example.com,"369, Market Street, Mumbai",369MARKETSTREETMUMBAI,ACTIVE,2025-01-30
V1066,Reliable Suppliers 1066,RELIABLESUPPLIERS1066,45QFIPG9534EZ6,DIFLT9074L,447866050863,********0863,AXIS0MIHHJ4,9566087911,reliablesuppliers10661066@example.com,"303, Market Street, Mumbai",303MARKETSTREETMUMBAI,ACTIVE,2026-04-02
V1067,National Traders 1067,NATIONALTRADERS1067,46EMTZM7919TZ5,BTHWO5904D,338359442073,********2073,AXIS0CP91YS,9756632584,nationaltraders10671067@example.com,"474, Main Road, Hyderabad",474MAINROADHYDERABAD,ACTIVE,2024-03-29
V1068,United Enterprises 1068,UNITEDENTERPRISES1068,85OTMHL6299MZ4,UHGGL3100Y,527109429121,********9121,SBIN0EFC5TM,9735017753,unitedenterprises10681068@example.com,"661, Market Street, Hyderabad",661MARKETSTREETHYDERABAD,ACTIVE,2024-08-25
V1069,National Suppliers 1069,NATIONALSUPPLIERS1069,23BVCTF1481QZ2,HHYLL2328L,063132624245,********4245,HDFC09P81GC,9398435935,nationalsuppliers10691069@example.com,"962, Market Street, Hyderabad",962MARKETSTREETHYDERABAD,INACTIVE,2025-02-04
V1070,Apex Enterprises 1070,APEXENTERPRISES1070,32VDZUU3957KZ2,JUWCR7205X,152020183488,********3488,ICIC0S3AXJF,9787316064,apexenterprises10701070@example.com,"652, MG Road, Pune",652MGROADPUNE,INACTIVE,2024-12-03
V1071,Southern Services 1071,SOUTHERNSERVICES1071,72BWLBO8485KZ2,TOAZZ8154J,180894739691,********9691,HDFC0C58KZX,9937505606,southernservices10711071@example.com,"82, Industrial Area, Hyderabad",82INDUSTRIALAREAHYDERABAD,INACTIVE,2026-05-14
V1072,Eastern Traders 1072,EASTERNTRADERS1072,13DCUFT9656YZ7,PICFX6840N,953664436633,********6633,KKBK09MWGJW,9027856121,easterntraders10721072@example.com,"205, Market Street, Chennai",205MARKETSTREETCHENNAI,ACTIVE,2026-01-18
V1073,Industrial Traders 1073,INDUSTRIALTRADERS1073,35LEWSO3144EZ1,LMZWQ3520O,036191513977,********3977,SBIN0XRJ936,9975048558,industrialtraders10731073@example.com,"971, MG Road, Delhi",971MGROADDELHI,ACTIVE,2024-10-11
V1074,Southern Services 1074,SOUTHERNSERVICES1074,13ATLAS5579SZ8,OWMTY4006X,517799499467,********9467,SBIN0Y9KD7E,9580894880,southernservices10741074@example.com,"430, Main Road, Mumbai",430MAINROADMUMBAI,ACTIVE,2026-01-17
V1075,Apex Technologies 1075,APEXTECHNOLOGIES1075,79UQWYT3085PZ6,RPVKJ5545V,475188907191,********7191,SBIN0OPTFG2,9391332499,apextechnologies10751075@example.com,"795, Market Street, Mumbai",795MARKETSTREETMUMBAI,INACTIVE,2024-10-26
V1076,National Traders 1076,NATIONALTRADERS1076,24VCRBK7093UZ3,KEJHE0017C,947920068167,********8167,HDFC07EJGM6,9267872987,nationaltraders10761076@example.com,"371, Market Street, Hyderabad",371MARKETSTREETHYDERABAD,INACTIVE,2024-06-26
V1077,United Technologies 1077,UNITEDTECHNOLOGIES1077,55MOBLM2162CZ2,HMOCG4331S,860850933049,********3049,HDFC0RG34KQ,9822206261,unitedtechnologies10771077@example.com,"778, Main Road, Mumbai",778MAINROADMUMBAI,ACTIVE,2024-11-18
V1078,Industrial Technologies 1078,INDUSTRIALTECHNOLOGIES1078,98JIXFM8007BZ7,FJYJP7653M,727259582267,********2267,AXIS0MKXROP,9250353597,industrialtechnologies10781078@example.com,"834, MG Road, Pune",834MGROADPUNE,ACTIVE,2024-01-13
V1079,Metro Suppliers 1079,METROSUPPLIERS1079,12HNIQV3579GZ7,JTKBP0943T,192378296130,********6130,AXIS0UBL9HJ,9003950923,metrosuppliers10791079@example.com,"309, Industrial Area, Mumbai",309INDUSTRIALAREAMUMBAI,ACTIVE,2024-04-24
V1080,Metro Traders 1080,METROTRADERS1080,28USCIO5875FZ5,BSCKI8305D,762918655017,********5017,AXIS01HTYFM,9538287158,metrotraders10801080@example.com,"282, MG Road, Mumbai",282MGROADMUMBAI,INACTIVE,2024-12-12
V1081,Prime Enterprises 1081,PRIMEENTERPRISES1081,42JWJQP9211DZ4,UVBSW3263M,092959312012,********2012,ICIC03EHZNG,9359270827,primeenterprises10811081@example.com,"855, MG Road, Hyderabad",855MGROADHYDERABAD,ACTIVE,2024-01-10
V1082,Apex Services 1082,APEXSERVICES1082,37YGLQB4100VZ6,KNIIN2479Z,524229021263,********1263,AXIS0DH9MSV,9908070859,apexservices10821082@example.com,"567, Market Street, Chennai",567MARKETSTREETCHENNAI,ACTIVE,2025-01-30
V1083,Metro Traders 1083,METROTRADERS1083,95CCFSP7165FZ8,ZNTDU8134X,192641525430,********5430,KKBK01NKGXK,9493523596,metrotraders10831083@example.com,"437, Main Road, Pune",437MAINROADPUNE,ACTIVE,2024-10-01
V1084,United Suppliers 1084,UNITEDSUPPLIERS1084,35ODQPP4656IZ6,UUKRU8668R,452552896068,********6068,AXIS0S3MGVV,9358162928,unitedsuppliers10841084@example.com,"238, Market Street, Hyderabad",238MARKETSTREETHYDERABAD,ACTIVE,2025-04-16
V1085,Industrial Industries 1085,INDUSTRIALINDUSTRIES1085,46WBUUL6590SZ7,CQJWD6227O,066517334105,********4105,HDFC0XSBMWD,9159511899,industrialindustries10851085@example.com,"580, Market Street, Chennai",580MARKETSTREETCHENNAI,ACTIVE,2026-04-10
V1086,Industrial Enterprises 1086,INDUSTRIALENTERPRISES1086,30JJNCY0999QZ2,UZYQL9607V,731574301876,********1876,AXIS0WZNJNS,9427575655,industrialenterprises10861086@example.com,"981, Main Road, Bengaluru",981MAINROADBENGALURU,ACTIVE,2026-03-05
V1087,Apex Suppliers 1087,APEXSUPPLIERS1087,14ISNXY8851QZ7,LGJWG0671B,147167253321,********3321,HDFC0WPV4M9,9844186181,apexsuppliers10871087@example.com,"870, Industrial Area, Chennai",870INDUSTRIALAREACHENNAI,ACTIVE,2025-12-08
V1088,Reliable Services 1088,RELIABLESERVICES1088,26KNVRI5902YZ2,NOIIE5474O,772242042847,********2847,SBIN05CIKAN,9571502005,reliableservices10881088@example.com,"868, Main Road, Delhi",868MAINROADDELHI,INACTIVE,2024-09-21
V1089,Apex Industries 1089,APEXINDUSTRIES1089,63CIWQE8679RZ3,BJBFA5623D,449909496622,********6622,HDFC01WLY3M,9189237854,apexindustries10891089@example.com,"866, MG Road, Chennai",866MGROADCHENNAI,INACTIVE,2026-03-14
V1090,Prime Services 1090,PRIMESERVICES1090,63HJCFO2876XZ5,BQHXZ8831G,873465074970,********4970,ICIC05PMYFK,9709088145,primeservices10901090@example.com,"880, Industrial Area, Pune",880INDUSTRIALAREAPUNE,ACTIVE,2026-06-13
V1091,Reliable Enterprises 1091,RELIABLEENTERPRISES1091,88GTNWL9886PZ7,ICZGT8897T,912296675474,********5474,SBIN0WAXTL4,9526088248,reliableenterprises10911091@example.com,"553, Industrial Area, Delhi",553INDUSTRIALAREADELHI,ACTIVE,2026-06-18
V1092,United Services 1092,UNITEDSERVICES1092,79SOSTM0120UZ5,HUGWF9634C,099500024605,********4605,HDFC0U2C5AJ,9761376143,unitedservices10921092@example.com,"396, Market Street, Bengaluru",396MARKETSTREETBENGALURU,ACTIVE,2026-04-04
V1093,Reliable Suppliers 1093,RELIABLESUPPLIERS1093,32NIYUZ6075LZ5,NBBYF4898S,095594471281,********1281,KKBK00I8QDA,9186146852,reliablesuppliers10931093@example.com,"697, MG Road, Hyderabad",697MGROADHYDERABAD,ACTIVE,2024-04-27
V1094,Apex Services 1094,APEXSERVICES1094,20CZDTT0376KZ6,XNQRZ0124O,264948157895,********7895,AXIS0V9RI45,9538971627,apexservices10941094@example.com,"70, Market Street, Chennai",70MARKETSTREETCHENNAI,INACTIVE,2026-05-09
V1095,National Suppliers 1095,NATIONALSUPPLIERS1095,33MGNWQ2336JZ7,VQQYK5599T,491878813857,********3857,ICIC09CC30G,9021432953,nationalsuppliers10951095@example.com,"564, MG Road, Delhi",564MGROADDELHI,ACTIVE,2026-06-09
V1096,Apex Services 1096,APEXSERVICES1096,59THCBB2528OZ5,UDTBU6087A,428379284246,********4246,KKBK01P710X,9045508294,apexservices10961096@example.com,"15, Market Street, Delhi",15MARKETSTREETDELHI,ACTIVE,2024-01-19
V1097,Eastern Services 1097,EASTERNSERVICES1097,21TSBJO7576LZ2,LMVEC4793M,184934238679,********8679,HDFC0RSQXPI,9674897263,easternservices10971097@example.com,"456, Main Road, Mumbai",456MAINROADMUMBAI,ACTIVE,2025-04-18
V1098,Prime Suppliers 1098,PRIMESUPPLIERS1098,28ZQKCI9666AZ6,OYYMJ9093A,305428283923,********3923,HDFC0B86ZU0,9870675539,primesuppliers10981098@example.com,"225, Industrial Area, Bengaluru",225INDUSTRIALAREABENGALURU,INACTIVE,2026-03-03
V1099,Prime Enterprises 1099,PRIMEENTERPRISES1099,31TRSWZ9961CZ6,VEEUU6724A,004302472610,********2610,HDFC0YBIF7S,9476927447,primeenterprises10991099@example.com,"366, MG Road, Bengaluru",366MGROADBENGALURU,ACTIVE,2025-10-20
V1100,Prime Industries 1100,PRIMEINDUSTRIES1100,12YNXGI1983TZ5,VEIWB0232L,149397135612,********5612,SBIN0TPDHGX,9048620664,primeindustries11001100@example.com,"564, Market Street, Delhi",564MARKETSTREETDELHI,ACTIVE,2025-12-14
V1101,Reliable Traders 1101,RELIABLETRADERS1101,83ORBMO8268GZ9,UPQPY8800Y,199736718050,********8050,KKBK0FUXXSE,9127969515,reliabletraders11011101@example.com,"735, MG Road, Chennai",735MGROADCHENNAI,ACTIVE,2025-06-01
V1102,Eastern Industries 1102,EASTERNINDUSTRIES1102,83NZSHH6956PZ1,WOUXG1818I,684044024296,********4296,KKBK0UBKNU1,9881673635,easternindustries11021102@example.com,"372, Main Road, Pune",372MAINROADPUNE,INACTIVE,2025-11-24
V1103,Eastern Services 1103,EASTERNSERVICES1103,63EGRBR0498MZ7,UYHRK5255T,022889345817,********5817,SBIN0QBBEJA,9168385095,easternservices11031103@example.com,"971, MG Road, Delhi",971MGROADDELHI,ACTIVE,2024-06-26
V1104,National Technologies 1104,NATIONALTECHNOLOGIES1104,78CHLIK9424WZ1,QXPMY2723T,532075826737,********6737,HDFC0QJP8HK,9074330661,nationaltechnologies11041104@example.com,"602, Market Street, Hyderabad",602MARKETSTREETHYDERABAD,ACTIVE,2026-04-15
V1105,United Technologies 1105,UNITEDTECHNOLOGIES1105,12TKDRD7891GZ3,FCLYN7945R,077942960937,********0937,SBIN0P8NKAZ,9048112305,unitedtechnologies11051105@example.com,"910, Industrial Area, Bengaluru",910INDUSTRIALAREABENGALURU,ACTIVE,2024-10-16
V1106,Southern Traders 1106,SOUTHERNTRADERS1106,85HENTM6272HZ6,LCUUK5194H,250584697877,********7877,AXIS0KQLY2G,9264916854,southerntraders11061106@example.com,"830, Main Road, Bengaluru",830MAINROADBENGALURU,ACTIVE,2024-09-10
V1107,Metro Traders 1107,METROTRADERS1107,96CVIYN4221LZ1,KDNLT9750A,113978455470,********5470,SBIN0F292VR,9654705799,metrotraders11071107@example.com,"454, MG Road, Bengaluru",454MGROADBENGALURU,INACTIVE,2025-08-09
V1108,Metro Technologies 1108,METROTECHNOLOGIES1108,97YYQVM9599WZ4,NWCTK1070K,961607845084,********5084,ICIC0ZZJOKJ,9361719933,metrotechnologies11081108@example.com,"596, Industrial Area, Pune",596INDUSTRIALAREAPUNE,INACTIVE,2025-04-22
V1109,Eastern Technologies 1109,EASTERNTECHNOLOGIES1109,38HZRWC2171QZ9,BDXLX6658B,888785220197,********0197,KKBK0O1LIYM,9639114087,easterntechnologies11091109@example.com,"534, Market Street, Chennai",534MARKETSTREETCHENNAI,ACTIVE,2024-12-03
V1110,Reliable Industries 1110,RELIABLEINDUSTRIES1110,78IQKZD8583BZ8,QEUWA6711J,262690771580,********1580,SBIN0YZEBND,9538011288,reliableindustries11101110@example.com,"182, Industrial Area, Mumbai",182INDUSTRIALAREAMUMBAI,ACTIVE,2024-04-10
V1111,Apex Technologies 1111,APEXTECHNOLOGIES1111,25FPRYO9882FZ8,GADSU8080Y,111687500217,********0217,HDFC0V4MY8A,9652618957,apextechnologies11111111@example.com,"112, MG Road, Chennai",112MGROADCHENNAI,ACTIVE,2025-10-13
V1112,Apex Technologies 1112,APEXTECHNOLOGIES1112,23CHXTV6902AZ5,RXODA2396A,765978426568,********6568,HDFC0WGGRPN,9669619717,apextechnologies11121112@example.com,"124, Market Street, Bengaluru",124MARKETSTREETBENGALURU,ACTIVE,2025-01-22
V1113,Apex Traders 1113,APEXTRADERS1113,39AZLIF6175ZZ1,LFKLO4541F,784909488320,********8320,HDFC0Z8EZTM,9004087526,apextraders11131113@example.com,"705, Main Road, Chennai",705MAINROADCHENNAI,ACTIVE,2024-11-22
V1114,Reliable Services 1114,RELIABLESERVICES1114,70ZITHU6811MZ9,CVFYJ1226E,355600366140,********6140,AXIS0VSXHBZ,9995603260,reliableservices11141114@example.com,"669, Industrial Area, Mumbai",669INDUSTRIALAREAMUMBAI,ACTIVE,2024-09-21
V1115,United Industries 1115,UNITEDINDUSTRIES1115,95QHWZO8165IZ6,JYCTF8885J,363542263092,********3092,KKBK0KJE4IW,9568924995,unitedindustries11151115@example.com,"349, Market Street, Pune",349MARKETSTREETPUNE,INACTIVE,2026-01-29
V1116,Metro Industries 1116,METROINDUSTRIES1116,80VNXAS3873FZ2,DXPWJ2109M,883573463281,********3281,SBIN034O6PI,9068825803,metroindustries11161116@example.com,"873, Market Street, Chennai",873MARKETSTREETCHENNAI,ACTIVE,2024-01-14
V1117,Industrial Services 1117,INDUSTRIALSERVICES1117,96VJDTW2138NZ6,KKIMI3235D,758237426961,********6961,AXIS0ECUOUV,9692541326,industrialservices11171117@example.com,"918, Market Street, Delhi",918MARKETSTREETDELHI,ACTIVE,2025-05-30
V1118,Apex Industries 1118,APEXINDUSTRIES1118,16YYYMU0273GZ6,YVUCR8696R,724746072270,********2270,HDFC0WOSLK2,9405989370,apexindustries11181118@example.com,"353, Main Road, Mumbai",353MAINROADMUMBAI,INACTIVE,2026-06-16
V1119,Metro Services 1119,METROSERVICES1119,68GPJRV9944FZ4,KSKYL4389P,541499144734,********4734,HDFC0PBFO8X,9982978342,metroservices11191119@example.com,"174, Market Street, Mumbai",174MARKETSTREETMUMBAI,ACTIVE,2025-08-31
V1120,Prime Traders 1120,PRIMETRADERS1120,41FQAZF2134PZ1,IVQVB7055M,710760599489,********9489,HDFC0OOG9TV,9450805943,primetraders11201120@example.com,"441, Market Street, Chennai",441MARKETSTREETCHENNAI,INACTIVE,2024-08-06
V1121,Eastern Services 1121,EASTERNSERVICES1121,54FYCVU9250RZ1,IQXZR5737I,022904662022,********2022,HDFC0G1IQ3T,9515267863,easternservices11211121@example.com,"672, MG Road, Delhi",672MGROADDELHI,ACTIVE,2024-12-16
V1122,Industrial Technologies 1122,INDUSTRIALTECHNOLOGIES1122,39LBCNC1452CZ8,GTFWV3637K,561023661274,********1274,AXIS0B062LB,9721811741,industrialtechnologies11221122@example.com,"208, MG Road, Hyderabad",208MGROADHYDERABAD,ACTIVE,2024-09-25
V1123,Metro Suppliers 1123,METROSUPPLIERS1123,27URLDG4737DZ1,MQSMA9505O,718331064316,********4316,SBIN0JXL31J,9999469368,metrosuppliers11231123@example.com,"379, Main Road, Hyderabad",379MAINROADHYDERABAD,ACTIVE,2024-09-08
V1124,Reliable Industries 1124,RELIABLEINDUSTRIES1124,15OKZFA7214QZ6,STHHY3900N,768621084422,********4422,KKBK0Z0VCCL,9235529793,reliableindustries11241124@example.com,"418, MG Road, Hyderabad",418MGROADHYDERABAD,INACTIVE,2025-03-14
V1125,Reliable Solutions 1125,RELIABLESOLUTIONS1125,12NWJLH8772RZ4,JNYQE0280Y,972099724926,********4926,SBIN0YQ2XJS,9501740574,reliablesolutions11251125@example.com,"132, Industrial Area, Hyderabad",132INDUSTRIALAREAHYDERABAD,ACTIVE,2025-08-10
V1126,Metro Services 1126,METROSERVICES1126,52HVNQX2177QZ1,XJYKG7696P,474007245297,********5297,KKBK0B218X2,9536727531,metroservices11261126@example.com,"721, Market Street, Pune",721MARKETSTREETPUNE,ACTIVE,2025-08-17
V1127,Prime Enterprises 1127,PRIMEENTERPRISES1127,42UBYVJ7014RZ8,TZUSA4119I,431650738358,********8358,AXIS0H7G160,9647324339,primeenterprises11271127@example.com,"560, MG Road, Chennai",560MGROADCHENNAI,INACTIVE,2026-05-08
V1128,Global Suppliers 1128,GLOBALSUPPLIERS1128,22OJPKF1797RZ1,NXMAP0126A,161343269822,********9822,SBIN0Q9FR8E,9194357043,globalsuppliers11281128@example.com,"944, Industrial Area, Hyderabad",944INDUSTRIALAREAHYDERABAD,INACTIVE,2026-02-01
V1129,Southern Technologies 1129,SOUTHERNTECHNOLOGIES1129,61DTMTW1555RZ4,RHUSG8470Q,502944126610,********6610,ICIC0LT00QW,9260977751,southerntechnologies11291129@example.com,"763, Main Road, Hyderabad",763MAINROADHYDERABAD,ACTIVE,2024-11-02
V1130,Southern Technologies 1130,SOUTHERNTECHNOLOGIES1130,37TVRVZ9184GZ3,ZRVNP2250E,149643745099,********5099,HDFC0SFQMUU,9139582257,southerntechnologies11301130@example.com,"372, Market Street, Chennai",372MARKETSTREETCHENNAI,INACTIVE,2024-03-22
V1131,National Industries 1131,NATIONALINDUSTRIES1131,26WJDHL7897BZ7,KJJKQ6701B,650101293906,********3906,AXIS0B3U68N,9737398913,nationalindustries11311131@example.com,"809, Market Street, Mumbai",809MARKETSTREETMUMBAI,INACTIVE,2025-07-22
V1132,United Services 1132,UNITEDSERVICES1132,70VONMI7735DZ9,QLGFN0603C,947869396667,********6667,SBIN04951AB,9097052434,unitedservices11321132@example.com,"211, Main Road, Hyderabad",211MAINROADHYDERABAD,ACTIVE,2026-04-02
V1133,Southern Industries 1133,SOUTHERNINDUSTRIES1133,68QEMZF9491IZ8,ACDRT8979T,998998938507,********8507,ICIC0OV6NBD,9928254215,southernindustries11331133@example.com,"830, MG Road, Mumbai",830MGROADMUMBAI,INACTIVE,2024-05-14
V1134,Eastern Industries 1134,EASTERNINDUSTRIES1134,46LXWND3615RZ2,SFDMF1562F,135330791448,********1448,AXIS0LDHTB7,9227323121,easternindustries11341134@example.com,"84, MG Road, Mumbai",84MGROADMUMBAI,ACTIVE,2025-03-07
V1135,Southern Industries 1135,SOUTHERNINDUSTRIES1135,63MJFJA2739KZ8,PDWFF2986L,716592168455,********8455,ICIC0QJJ80E,9935928841,southernindustries11351135@example.com,"832, Main Road, Hyderabad",832MAINROADHYDERABAD,ACTIVE,2024-03-02
V1136,Southern Industries 1136,SOUTHERNINDUSTRIES1136,87MYRAF8258RZ3,LFMPG0396U,752391409357,********9357,ICIC0E6KKRK,9007673207,southernindustries11361136@example.com,"796, Industrial Area, Delhi",796INDUSTRIALAREADELHI,ACTIVE,2024-12-04
V1137,Reliable Services 1137,RELIABLESERVICES1137,29OCMTA6544VZ4,BRDTH9742H,980609541962,********1962,KKBK0TSI448,9048854776,reliableservices11371137@example.com,"803, Industrial Area, Pune",803INDUSTRIALAREAPUNE,INACTIVE,2026-01-17
V1138,Apex Traders 1138,APEXTRADERS1138,93CIOCU8082FZ3,AHEKL1927S,654171639884,********9884,SBIN0Z0B4ZZ,9147504787,apextraders11381138@example.com,"950, MG Road, Chennai",950MGROADCHENNAI,ACTIVE,2024-08-24
V1139,Prime Enterprises 1139,PRIMEENTERPRISES1139,63NDARD3406RZ2,XXGAF5850C,737074561412,********1412,ICIC0FEW012,9499004639,primeenterprises11391139@example.com,"110, Industrial Area, Mumbai",110INDUSTRIALAREAMUMBAI,ACTIVE,2026-01-12
V1140,Apex Services 1140,APEXSERVICES1140,51ASCVS3811QZ8,UYBNK8104R,906715531908,********1908,HDFC0PVK8R6,9102113571,apexservices11401140@example.com,"53, MG Road, Chennai",53MGROADCHENNAI,INACTIVE,2024-11-21
V1141,Reliable Industries 1141,RELIABLEINDUSTRIES1141,70PQBEF1774AZ2,XOJKX3889U,295290132419,********2419,SBIN0SLTDNQ,9094449419,reliableindustries11411141@example.com,"44, Market Street, Chennai",44MARKETSTREETCHENNAI,ACTIVE,2024-02-29
V1142,Reliable Industries 1142,RELIABLEINDUSTRIES1142,69NAMWW3186BZ9,IGMIT2529H,172497231538,********1538,KKBK0JOVOG1,9535618591,reliableindustries11421142@example.com,"969, MG Road, Delhi",969MGROADDELHI,ACTIVE,2024-03-22
V1143,Apex Enterprises 1143,APEXENTERPRISES1143,60ACCGZ9644ZZ9,MPLSQ5525Y,781494156849,********6849,AXIS08FLK3B,9689609276,apexenterprises11431143@example.com,"924, Industrial Area, Chennai",924INDUSTRIALAREACHENNAI,ACTIVE,2024-12-08
V1144,Global Traders 1144,GLOBALTRADERS1144,24PEGDZ7141PZ8,TAVIF8715K,877857445062,********5062,HDFC04SPQJN,9702249722,globaltraders11441144@example.com,"530, MG Road, Mumbai",530MGROADMUMBAI,INACTIVE,2024-05-03
V1145,Apex Traders 1145,APEXTRADERS1145,28ASUCI1914VZ7,ROSMR1745O,809704525410,********5410,ICIC0N3PVIM,9747726861,apextraders11451145@example.com,"367, MG Road, Mumbai",367MGROADMUMBAI,ACTIVE,2024-04-20
V1146,Prime Industries 1146,PRIMEINDUSTRIES1146,56NNNNU2430CZ8,CYIBL5568P,502806517419,********7419,KKBK0F4P828,9263215393,primeindustries11461146@example.com,"898, MG Road, Pune",898MGROADPUNE,ACTIVE,2024-02-27
V1147,Eastern Traders 1147,EASTERNTRADERS1147,11MSORI2411MZ3,NLDGX4972R,347240170451,********0451,AXIS0RYBHAW,9913013451,easterntraders11471147@example.com,"464, MG Road, Pune",464MGROADPUNE,INACTIVE,2024-12-09
V1148,National Suppliers 1148,NATIONALSUPPLIERS1148,84CBVGY1249FZ2,SHOWL8038X,642484832268,********2268,ICIC0EI7C9C,9539888171,nationalsuppliers11481148@example.com,"888, Main Road, Hyderabad",888MAINROADHYDERABAD,INACTIVE,2025-03-19
V1149,Industrial Services 1149,INDUSTRIALSERVICES1149,87HDOLM2193DZ6,YJOYO4960C,497623871475,********1475,ICIC06DRRNV,9982191391,industrialservices11491149@example.com,"181, Industrial Area, Hyderabad",181INDUSTRIALAREAHYDERABAD,INACTIVE,2024-02-11
V1150,Global Enterprises 1150,GLOBALENTERPRISES1150,81EDQPQ3431TZ9,FCMZP0531Y,972991029300,********9300,SBIN0SJ3Y5E,9858740014,globalenterprises11501150@example.com,"172, Market Street, Delhi",172MARKETSTREETDELHI,ACTIVE,2025-07-06
V1151,United Traders 1151,UNITEDTRADERS1151,53HHNIZ0131JZ1,SALJH6352E,734061501333,********1333,AXIS07A40I8,9551581112,unitedtraders11511151@example.com,"245, MG Road, Hyderabad",245MGROADHYDERABAD,ACTIVE,2026-01-21
V1152,Prime Services 1152,PRIMESERVICES1152,59BSWIM1292PZ3,WELYD8627F,870421196296,********6296,AXIS0B5YHEX,9316995329,primeservices11521152@example.com,"567, Main Road, Delhi",567MAINROADDELHI,INACTIVE,2024-08-12
V1153,Global Solutions 1153,GLOBALSOLUTIONS1153,38JPJDS2065YZ5,QAAUE2458I,777591781185,********1185,SBIN0M1VK0F,9994215129,globalsolutions11531153@example.com,"833, MG Road, Bengaluru",833MGROADBENGALURU,ACTIVE,2025-06-29
V1154,Metro Suppliers 1154,METROSUPPLIERS1154,59ICWKJ3739OZ1,JCWCQ0597H,946825091919,********1919,ICIC0NGW2ME,9351772202,metrosuppliers11541154@example.com,"497, Market Street, Delhi",497MARKETSTREETDELHI,ACTIVE,2026-04-21
V1155,National Industries 1155,NATIONALINDUSTRIES1155,81SQKAM6985RZ7,UXTNL9501S,094951149933,********9933,SBIN0U8DAWS,9528382931,nationalindustries11551155@example.com,"958, Industrial Area, Mumbai",958INDUSTRIALAREAMUMBAI,INACTIVE,2025-09-13
V1156,United Technologies 1156,UNITEDTECHNOLOGIES1156,98YXZBC5387CZ6,CTHSR2438G,860987788722,********8722,KKBK0ON7RFV,9002014785,unitedtechnologies11561156@example.com,"513, Main Road, Mumbai",513MAINROADMUMBAI,ACTIVE,2026-05-29
V1157,Metro Solutions 1157,METROSOLUTIONS1157,11IWHNV1710CZ1,RQMTV6971E,962889256611,********6611,HDFC0B81AOB,9745562610,metrosolutions11571157@example.com,"83, Industrial Area, Bengaluru",83INDUSTRIALAREABENGALURU,INACTIVE,2025-11-20
V1158,Industrial Technologies 1158,INDUSTRIALTECHNOLOGIES1158,37JTGMG8716AZ8,YVFVZ4906J,629093077721,********7721,SBIN0SC7289,9782470074,industrialtechnologies11581158@example.com,"690, Main Road, Pune",690MAINROADPUNE,INACTIVE,2024-08-16
V1159,Global Traders 1159,GLOBALTRADERS1159,81OAOVO1929VZ6,NDHWR2271J,183322218125,********8125,HDFC0AJJ2GA,9333447461,globaltraders11591159@example.com,"205, Main Road, Mumbai",205MAINROADMUMBAI,ACTIVE,2025-05-12
V1160,United Suppliers 1160,UNITEDSUPPLIERS1160,59LNTDV6747LZ2,QCVLY7414Z,039555190744,********0744,AXIS079LYQP,9759366051,unitedsuppliers11601160@example.com,"310, Industrial Area, Hyderabad",310INDUSTRIALAREAHYDERABAD,INACTIVE,2025-12-16
V1161,United Traders 1161,UNITEDTRADERS1161,59NJXES6046FZ1,YKJYI0403P,532332869014,********9014,ICIC0NRUGB4,9171229450,unitedtraders11611161@example.com,"630, Market Street, Bengaluru",630MARKETSTREETBENGALURU,ACTIVE,2025-10-14
V1162,Prime Suppliers 1162,PRIMESUPPLIERS1162,16JBNHT0383WZ7,DPRAW7403E,815386308845,********8845,AXIS0L564RJ,9703324974,primesuppliers11621162@example.com,"934, MG Road, Delhi",934MGROADDELHI,ACTIVE,2026-02-24
V1163,Global Industries 1163,GLOBALINDUSTRIES1163,48YYZQL9129BZ3,QBMLM9452N,906234228113,********8113,KKBK0XPQVJN,9403775299,globalindustries11631163@example.com,"582, Market Street, Delhi",582MARKETSTREETDELHI,ACTIVE,2025-09-19
V1164,Southern Industries 1164,SOUTHERNINDUSTRIES1164,23QGIQW5903HZ7,GAQSJ9951G,307468419338,********9338,ICIC0NK2GBX,9173287039,southernindustries11641164@example.com,"669, Main Road, Hyderabad",669MAINROADHYDERABAD,INACTIVE,2024-04-08
V1165,Apex Suppliers 1165,APEXSUPPLIERS1165,88ZAATO9140AZ3,SNEDX5704N,196346048206,********8206,AXIS0MOL931,9611544763,apexsuppliers11651165@example.com,"651, Main Road, Chennai",651MAINROADCHENNAI,INACTIVE,2024-01-08
V1166,United Services 1166,UNITEDSERVICES1166,27NQEXU8298VZ5,MJMID4568R,043141450807,********0807,HDFC0XJN6Y8,9876948642,unitedservices11661166@example.com,"571, Main Road, Bengaluru",571MAINROADBENGALURU,ACTIVE,2024-05-17
V1167,Prime Suppliers 1167,PRIMESUPPLIERS1167,38ZHGAN7138EZ2,YROID9293F,595099671672,********1672,ICIC0CN9R6Y,9680876769,primesuppliers11671167@example.com,"625, MG Road, Delhi",625MGROADDELHI,ACTIVE,2024-03-21
V1168,National Industries 1168,NATIONALINDUSTRIES1168,82FLNNF0282QZ8,KHLAA1815P,858371536986,********6986,HDFC05P40TF,9580115075,nationalindustries11681168@example.com,"388, MG Road, Delhi",388MGROADDELHI,ACTIVE,2025-04-20
V1169,Metro Suppliers 1169,METROSUPPLIERS1169,92BIJJH8074PZ2,KLULG6538V,436741586048,********6048,HDFC0ZWP4TV,9127185552,metrosuppliers11691169@example.com,"938, MG Road, Chennai",938MGROADCHENNAI,ACTIVE,2026-06-19
V1170,United Services 1170,UNITEDSERVICES1170,16CAOBV4494KZ6,RUXPZ3102U,192754644154,********4154,ICIC0T3CNRY,9899624718,unitedservices11701170@example.com,"968, Market Street, Chennai",968MARKETSTREETCHENNAI,ACTIVE,2025-02-11
V1171,Metro Enterprises 1171,METROENTERPRISES1171,44NYCRC1354WZ2,BPEYG3624L,113606916517,********6517,KKBK06NSKI0,9851411860,metroenterprises11711171@example.com,"628, Industrial Area, Hyderabad",628INDUSTRIALAREAHYDERABAD,INACTIVE,2024-08-26
V1172,Reliable Suppliers 1172,RELIABLESUPPLIERS1172,64NKHVH2733LZ4,BXYZW9648F,985368797482,********7482,AXIS0L7JVC9,9366378522,reliablesuppliers11721172@example.com,"477, Market Street, Pune",477MARKETSTREETPUNE,ACTIVE,2025-11-13
V1173,Apex Solutions 1173,APEXSOLUTIONS1173,29HVDAN5901XZ5,FLZZZ1182J,589841281587,********1587,HDFC0LEYC5K,9188260151,apexsolutions11731173@example.com,"663, Main Road, Pune",663MAINROADPUNE,ACTIVE,2026-04-17
V1174,Prime Industries 1174,PRIMEINDUSTRIES1174,67MDYHX4208EZ2,YTMOB5616A,846120756776,********6776,HDFC0OSJ4KT,9936919571,primeindustries11741174@example.com,"7, Main Road, Bengaluru",7MAINROADBENGALURU,ACTIVE,2024-03-28
V1175,Metro Enterprises 1175,METROENTERPRISES1175,19FNFGR1779AZ9,ZKYLH4279B,543793229179,********9179,HDFC0SWVD77,9952099460,metroenterprises11751175@example.com,"296, Industrial Area, Delhi",296INDUSTRIALAREADELHI,ACTIVE,2025-05-20
V1176,Apex Services 1176,APEXSERVICES1176,31FENCV7585CZ2,UFMZK7774D,727092008321,********8321,KKBK0P8P8PC,9130245465,apexservices11761176@example.com,"15, Main Road, Bengaluru",15MAINROADBENGALURU,ACTIVE,2024-02-25
V1177,Industrial Suppliers 1177,INDUSTRIALSUPPLIERS1177,29LCLFG5181PZ9,KCLVA3391A,910718164608,********4608,AXIS0D0SRIA,9268841736,industrialsuppliers11771177@example.com,"955, Industrial Area, Hyderabad",955INDUSTRIALAREAHYDERABAD,ACTIVE,2026-02-16
V1178,Industrial Solutions 1178,INDUSTRIALSOLUTIONS1178,44EICSS3950EZ9,SMIRJ6779N,135296047544,********7544,AXIS0I2P4L9,9444209831,industrialsolutions11781178@example.com,"818, MG Road, Bengaluru",818MGROADBENGALURU,ACTIVE,2024-09-02
V1179,United Industries 1179,UNITEDINDUSTRIES1179,42ZDCAK9017PZ3,PIFSW0502Q,784744476503,********6503,HDFC0OC5W53,9302327494,unitedindustries11791179@example.com,"948, Main Road, Hyderabad",948MAINROADHYDERABAD,ACTIVE,2024-12-09
V1180,United Suppliers 1180,UNITEDSUPPLIERS1180,52PZSNW0174ZZ2,BIHTK9154K,494237183624,********3624,ICIC0KATZ4L,9896903925,unitedsuppliers11801180@example.com,"158, Industrial Area, Bengaluru",158INDUSTRIALAREABENGALURU,ACTIVE,2026-06-05
V1181,Southern Suppliers 1181,SOUTHERNSUPPLIERS1181,64BQSDR9948TZ3,KDFHS7879C,753870213709,********3709,SBIN0S0TZO8,9651419810,southernsuppliers11811181@example.com,"99, Market Street, Chennai",99MARKETSTREETCHENNAI,ACTIVE,2026-04-17
V1182,Reliable Solutions 1182,RELIABLESOLUTIONS1182,94BXBAB9177WZ4,ISQCE0200F,209744629855,********9855,HDFC0F2UM8H,9191846905,reliablesolutions11821182@example.com,"476, Market Street, Pune",476MARKETSTREETPUNE,ACTIVE,2025-02-05
V1183,Reliable Technologies 1183,RELIABLETECHNOLOGIES1183,21WIWGD9660IZ2,XIJWN4755Z,015708760313,********0313,KKBK0AY7YFA,9717532720,reliabletechnologies11831183@example.com,"777, MG Road, Chennai",777MGROADCHENNAI,ACTIVE,2025-05-12
V1184,National Technologies 1184,NATIONALTECHNOLOGIES1184,82STUYL8983ZZ8,ABKNH8171U,123542406393,********6393,HDFC0Z6DDB4,9916537741,nationaltechnologies11841184@example.com,"785, MG Road, Hyderabad",785MGROADHYDERABAD,ACTIVE,2024-11-28
V1185,Prime Industries 1185,PRIMEINDUSTRIES1185,73MRLCJ8391VZ5,MIKZQ7847T,468611046530,********6530,HDFC0UE07BL,9693021887,primeindustries11851185@example.com,"925, MG Road, Mumbai",925MGROADMUMBAI,ACTIVE,2026-01-15
V1186,Apex Services 1186,APEXSERVICES1186,63OOWTL2009VZ2,ARXPL1293D,080402814946,********4946,SBIN04Q7J92,9080026346,apexservices11861186@example.com,"100, MG Road, Mumbai",100MGROADMUMBAI,ACTIVE,2025-06-30
V1187,Metro Services 1187,METROSERVICES1187,74KFYQX2900LZ3,JGCKY4822A,924402892699,********2699,SBIN0K1OPDS,9381149892,metroservices11871187@example.com,"225, Market Street, Chennai",225MARKETSTREETCHENNAI,ACTIVE,2025-08-18
V1188,National Services 1188,NATIONALSERVICES1188,23TUPQV7845PZ1,MWQJG0285Y,043744142103,********2103,KKBK0S1HVDI,9643732946,nationalservices11881188@example.com,"159, Market Street, Hyderabad",159MARKETSTREETHYDERABAD,ACTIVE,2024-06-08
V1189,National Enterprises 1189,NATIONALENTERPRISES1189,45BDSCG2131EZ8,BQZAH0163T,700117921193,********1193,AXIS0SGESKG,9115164020,nationalenterprises11891189@example.com,"424, Industrial Area, Chennai",424INDUSTRIALAREACHENNAI,ACTIVE,2026-01-25
V1190,Southern Solutions 1190,SOUTHERNSOLUTIONS1190,46GBBGZ6961WZ7,HZFLH3668H,470403086899,********6899,KKBK0UHRX8V,9181374216,southernsolutions11901190@example.com,"599, Industrial Area, Bengaluru",599INDUSTRIALAREABENGALURU,INACTIVE,2024-03-05
V1191,Reliable Enterprises 1191,RELIABLEENTERPRISES1191,53ZPTVN7094VZ5,HQJWO2671Y,713261035335,********5335,HDFC0IBTH07,9818489764,reliableenterprises11911191@example.com,"562, Market Street, Mumbai",562MARKETSTREETMUMBAI,ACTIVE,2024-12-31
V1192,Prime Technologies 1192,PRIMETECHNOLOGIES1192,74CZXHW8565CZ1,JNAUW8809N,800765820491,********0491,AXIS0L8C4W8,9318799375,primetechnologies11921192@example.com,"810, Main Road, Mumbai",810MAINROADMUMBAI,ACTIVE,2025-08-04
V1193,United Traders 1193,UNITEDTRADERS1193,94QRWXE6321TZ7,KLXDU4070R,958035342364,********2364,SBIN0BN6SER,9655205348,unitedtraders11931193@example.com,"949, Market Street, Bengaluru",949MARKETSTREETBENGALURU,INACTIVE,2024-07-29
V1194,United Industries 1194,UNITEDINDUSTRIES1194,28OBKWS5524LZ1,CFINY1696O,346496888489,********8489,HDFC07HBFFN,9230544925,unitedindustries11941194@example.com,"360, Industrial Area, Chennai",360INDUSTRIALAREACHENNAI,ACTIVE,2024-05-04
V1195,Eastern Solutions 1195,EASTERNSOLUTIONS1195,77TBVYJ1376CZ3,TYIXA0805Z,705599751052,********1052,AXIS078ROXQ,9501817839,easternsolutions11951195@example.com,"233, Main Road, Chennai",233MAINROADCHENNAI,ACTIVE,2025-10-06
V1196,Reliable Suppliers 1196,RELIABLESUPPLIERS1196,40GDOQY4909BZ5,SMYNN0666L,818584293265,********3265,HDFC04IV5JU,9420285329,reliablesuppliers11961196@example.com,"41, Industrial Area, Bengaluru",41INDUSTRIALAREABENGALURU,ACTIVE,2025-02-02
V1197,Prime Industries 1197,PRIMEINDUSTRIES1197,38XBSMH1919ZZ6,KDGFV6145B,604821483565,********3565,ICIC0Q7YX50,9527991431,primeindustries11971197@example.com,"920, Main Road, Chennai",920MAINROADCHENNAI,ACTIVE,2025-10-12
V1198,Global Suppliers 1198,GLOBALSUPPLIERS1198,36BNTQB6716YZ7,CQJUP5681G,034805516470,********6470,HDFC0Y93BZV,9664800987,globalsuppliers11981198@example.com,"360, Industrial Area, Bengaluru",360INDUSTRIALAREABENGALURU,ACTIVE,2024-08-02
V1199,Global Solutions 1199,GLOBALSOLUTIONS1199,57GRTFR7659FZ2,SYMJL4040I,044449165212,********5212,HDFC0O5BFKC,9061200993,globalsolutions11991199@example.com,"826, MG Road, Delhi",826MGROADDELHI,ACTIVE,2024-01-07
V1200,Global Services 1200,GLOBALSERVICES1200,95MVVUE2787OZ8,VPOJW9374D,672105837017,********7017,ICIC03LTDFN,9999252074,globalservices12001200@example.com,"587, Market Street, Hyderabad",587MARKETSTREETHYDERABAD,ACTIVE,2024-01-14
V1201,Prime Traders 1201,PRIMETRADERS1201,25BUSUK2474QZ1,FOFLG5285L,770718630664,********0664,SBIN0PUTP9R,9413253212,primetraders12011201@example.com,"94, MG Road, Delhi",94MGROADDELHI,INACTIVE,2025-08-24
V1202,Reliable Suppliers 1202,RELIABLESUPPLIERS1202,46NGCXD4210QZ8,GFQHM3159S,954519632011,********2011,KKBK09VZ15I,9013415975,reliablesuppliers12021202@example.com,"110, MG Road, Delhi",110MGROADDELHI,ACTIVE,2024-02-08
V1203,Industrial Suppliers 1203,INDUSTRIALSUPPLIERS1203,65SIOPB9779VZ3,YQBYS3488F,009634239788,********9788,HDFC055ZZOT,9570523798,industrialsuppliers12031203@example.com,"812, Market Street, Mumbai",812MARKETSTREETMUMBAI,ACTIVE,2024-02-02
V1204,Prime Solutions 1204,PRIMESOLUTIONS1204,99MBLXK0967EZ8,DYHYV5742A,408599783691,********3691,AXIS0CFV6MP,9383699461,primesolutions12041204@example.com,"481, Main Road, Pune",481MAINROADPUNE,ACTIVE,2026-05-08
V1205,Global Industries 1205,GLOBALINDUSTRIES1205,94LAQJS2682GZ9,HOZGD5040G,863272471824,********1824,AXIS0SC2EP3,9855793223,globalindustries12051205@example.com,"892, Market Street, Pune",892MARKETSTREETPUNE,INACTIVE,2025-12-12
V1206,Prime Suppliers 1206,PRIMESUPPLIERS1206,24OLDTI5369GZ4,HAJWS7769R,872038408785,********8785,KKBK0TIHQSH,9635391689,primesuppliers12061206@example.com,"855, Market Street, Hyderabad",855MARKETSTREETHYDERABAD,ACTIVE,2025-08-05
V1207,Eastern Industries 1207,EASTERNINDUSTRIES1207,69AUMHD9026TZ2,PQXHK1646H,933423884043,********4043,KKBK0AJQBIA,9940218754,easternindustries12071207@example.com,"290, MG Road, Delhi",290MGROADDELHI,ACTIVE,2025-04-11
V1208,Southern Technologies 1208,SOUTHERNTECHNOLOGIES1208,82ADDDV5467RZ7,LAMQI6594Y,057402481342,********1342,SBIN0DOMSXJ,9623990091,southerntechnologies12081208@example.com,"691, Main Road, Mumbai",691MAINROADMUMBAI,ACTIVE,2024-01-10
V1209,Apex Suppliers 1209,APEXSUPPLIERS1209,55KBFRV9143VZ6,VTPDS5088U,586826007572,********7572,ICIC0RL5QR4,9114999191,apexsuppliers12091209@example.com,"301, Main Road, Delhi",301MAINROADDELHI,ACTIVE,2024-07-16
V1210,Eastern Technologies 1210,EASTERNTECHNOLOGIES1210,19TYWWQ6470IZ5,AIPMO2814T,140716314623,********4623,HDFC0DYKM7O,9721904776,easterntechnologies12101210@example.com,"195, Market Street, Chennai",195MARKETSTREETCHENNAI,ACTIVE,2024-06-09
V1211,Global Enterprises 1211,GLOBALENTERPRISES1211,71DIOGS8586VZ8,IBOEP2320S,212901995392,********5392,HDFC007ARX7,9231794540,globalenterprises12111211@example.com,"140, MG Road, Bengaluru",140MGROADBENGALURU,ACTIVE,2025-04-13
V1212,Southern Solutions 1212,SOUTHERNSOLUTIONS1212,54AQZWU8531NZ5,SRPKA1059Q,512024613042,********3042,HDFC0ZQCLO8,9382055814,southernsolutions12121212@example.com,"507, Industrial Area, Delhi",507INDUSTRIALAREADELHI,ACTIVE,2026-03-28
V1213,Southern Suppliers 1213,SOUTHERNSUPPLIERS1213,80HDCTF9898PZ7,WDJVN3232F,506554721852,********1852,KKBK0V83MI4,9209621508,southernsuppliers12131213@example.com,"28, Market Street, Hyderabad",28MARKETSTREETHYDERABAD,ACTIVE,2026-06-11
V1214,United Suppliers 1214,UNITEDSUPPLIERS1214,91VSNZP4016NZ1,BJBWC7510Z,171711727802,********7802,AXIS016YRXM,9823642421,unitedsuppliers12141214@example.com,"131, Main Road, Chennai",131MAINROADCHENNAI,ACTIVE,2025-12-30
V1215,Industrial Suppliers 1215,INDUSTRIALSUPPLIERS1215,16TQLWP0081PZ5,ISSUQ4009B,798263092875,********2875,ICIC00HNFN7,9081409560,industrialsuppliers12151215@example.com,"880, Industrial Area, Chennai",880INDUSTRIALAREACHENNAI,ACTIVE,2025-12-14
V1216,Reliable Services 1216,RELIABLESERVICES1216,55HJMGN8880PZ2,MGHWA8411L,430551600003,********0003,ICIC0IROHY1,9497081986,reliableservices12161216@example.com,"265, MG Road, Mumbai",265MGROADMUMBAI,ACTIVE,2025-06-29
V1217,Apex Technologies 1217,APEXTECHNOLOGIES1217,42FHBVW7175FZ7,FXGOA1033U,969436922641,********2641,KKBK0VAVWR5,9593745043,apextechnologies12171217@example.com,"513, Market Street, Mumbai",513MARKETSTREETMUMBAI,INACTIVE,2026-05-01
V1218,Prime Industries 1218,PRIMEINDUSTRIES1218,29ALJML3456JZ4,TSMWV3136M,543813122421,********2421,AXIS0YQ6PG8,9899474792,primeindustries12181218@example.com,"476, MG Road, Pune",476MGROADPUNE,ACTIVE,2025-09-26
V1219,Apex Technologies 1219,APEXTECHNOLOGIES1219,28LOQKG5724TZ4,XOPUB6436F,530999064981,********4981,AXIS0HYD6I0,9066580818,apextechnologies12191219@example.com,"32, Main Road, Bengaluru",32MAINROADBENGALURU,ACTIVE,2024-03-16
V1220,Southern Industries 1220,SOUTHERNINDUSTRIES1220,46PRMEW0500EZ2,EAXLK5715Y,243647994135,********4135,AXIS0KHSQHB,9463390446,southernindustries12201220@example.com,"395, Main Road, Pune",395MAINROADPUNE,ACTIVE,2024-08-29
V1221,Southern Traders 1221,SOUTHERNTRADERS1221,35IXBAQ4839MZ8,WBHJO0997Q,904748504168,********4168,HDFC09QGD9E,9140021176,southerntraders12211221@example.com,"271, MG Road, Delhi",271MGROADDELHI,ACTIVE,2026-06-04
V1222,Industrial Solutions 1222,INDUSTRIALSOLUTIONS1222,86GLKAJ5260RZ4,OMSXI5231I,385479809158,********9158,HDFC0VC6TIT,9515653575,industrialsolutions12221222@example.com,"23, MG Road, Bengaluru",23MGROADBENGALURU,INACTIVE,2025-12-19
V1223,Metro Traders 1223,METROTRADERS1223,98QHMZJ2880BZ6,YQNUD7337F,587575941982,********1982,ICIC03BTL4L,9450533192,metrotraders12231223@example.com,"705, Market Street, Pune",705MARKETSTREETPUNE,ACTIVE,2025-03-28
V1224,Reliable Technologies 1224,RELIABLETECHNOLOGIES1224,78SBUXS7667HZ3,TLSGS6790S,601990676890,********6890,AXIS0HC1A05,9112026052,reliabletechnologies12241224@example.com,"17, Main Road, Bengaluru",17MAINROADBENGALURU,ACTIVE,2025-11-07
V1225,Industrial Suppliers 1225,INDUSTRIALSUPPLIERS1225,85ZTZZV5841MZ7,FNQCD8012P,633341737425,********7425,HDFC0W3Y5A2,9971242831,industrialsuppliers12251225@example.com,"230, Market Street, Hyderabad",230MARKETSTREETHYDERABAD,ACTIVE,2024-07-25
V1226,Eastern Industries 1226,EASTERNINDUSTRIES1226,83LJYUJ7216HZ8,VSYPW1332H,926548663253,********3253,KKBK0ADYIUM,9291163801,easternindustries12261226@example.com,"562, Market Street, Delhi",562MARKETSTREETDELHI,ACTIVE,2025-06-01
V1227,United Services 1227,UNITEDSERVICES1227,35HOBQA3019JZ8,DKEHB4574P,338086739950,********9950,SBIN07XTOVR,9048291907,unitedservices12271227@example.com,"806, Industrial Area, Bengaluru",806INDUSTRIALAREABENGALURU,ACTIVE,2024-04-21
V1228,Reliable Solutions 1228,RELIABLESOLUTIONS1228,38XVELY3198VZ9,YJQYU3002N,757727160459,********0459,HDFC03LAA6Z,9308543811,reliablesolutions12281228@example.com,"518, Industrial Area, Mumbai",518INDUSTRIALAREAMUMBAI,INACTIVE,2024-12-25
V1229,National Technologies 1229,NATIONALTECHNOLOGIES1229,46DIPQP3843KZ2,OHRJF7702U,277880872417,********2417,KKBK0XS6Y8R,9861844271,nationaltechnologies12291229@example.com,"10, Market Street, Chennai",10MARKETSTREETCHENNAI,ACTIVE,2026-06-16
V1230,Eastern Industries 1230,EASTERNINDUSTRIES1230,89AEKSB4132PZ1,PYWNI0432U,016761101978,********1978,ICIC07QSX3Z,9664144528,easternindustries12301230@example.com,"696, Industrial Area, Mumbai",696INDUSTRIALAREAMUMBAI,ACTIVE,2026-06-19
V1231,Metro Technologies 1231,METROTECHNOLOGIES1231,66UHYQI6319IZ6,WRQXO7081V,930573537868,********7868,KKBK0DNRB3D,9380044436,metrotechnologies12311231@example.com,"234, Market Street, Delhi",234MARKETSTREETDELHI,ACTIVE,2024-03-13
V1232,Reliable Enterprises 1232,RELIABLEENTERPRISES1232,31ZUDGE5514NZ5,VPEHT7364W,829059922185,********2185,KKBK0ND8H6M,9512719504,reliableenterprises12321232@example.com,"762, MG Road, Bengaluru",762MGROADBENGALURU,INACTIVE,2025-08-28
V1233,United Traders 1233,UNITEDTRADERS1233,94OJQEI2144EZ2,FLADH7226F,486776164543,********4543,AXIS0EMYOVT,9931252227,unitedtraders12331233@example.com,"764, Main Road, Delhi",764MAINROADDELHI,ACTIVE,2025-09-23
V1234,Southern Technologies 1234,SOUTHERNTECHNOLOGIES1234,52QZQCB6843QZ5,CXXGA8239H,932197546026,********6026,ICIC0EQVRZC,9715288260,southerntechnologies12341234@example.com,"883, Main Road, Hyderabad",883MAINROADHYDERABAD,INACTIVE,2025-09-24
V1235,Prime Traders 1235,PRIMETRADERS1235,72BSKZT5980EZ7,QAIKG9805N,566314975032,********5032,ICIC015P7F2,9598417459,primetraders12351235@example.com,"831, Market Street, Chennai",831MARKETSTREETCHENNAI,ACTIVE,2024-11-02
V1236,Global Traders 1236,GLOBALTRADERS1236,27ZMCLM6886RZ5,EOOED3726K,997898459215,********9215,HDFC00T37WH,9420665593,globaltraders12361236@example.com,"505, Market Street, Chennai",505MARKETSTREETCHENNAI,ACTIVE,2024-02-06
V1237,Industrial Services 1237,INDUSTRIALSERVICES1237,14ODVOO0254LZ4,FLOJO2205P,523562190909,********0909,KKBK0DS2FIY,9876847646,industrialservices12371237@example.com,"647, Industrial Area, Mumbai",647INDUSTRIALAREAMUMBAI,ACTIVE,2024-09-06
V1238,Apex Traders 1238,APEXTRADERS1238,40AVZPN9446GZ7,ORSGK2610L,587914998544,********8544,SBIN0NEJV4D,9119661621,apextraders12381238@example.com,"389, Industrial Area, Chennai",389INDUSTRIALAREACHENNAI,ACTIVE,2026-04-14
V1239,Southern Suppliers 1239,SOUTHERNSUPPLIERS1239,22RTOOK1919RZ5,TISMF7544P,661395806066,********6066,ICIC0SDZT4P,9123772035,southernsuppliers12391239@example.com,"661, Main Road, Bengaluru",661MAINROADBENGALURU,ACTIVE,2024-09-24
V1240,Global Technologies 1240,GLOBALTECHNOLOGIES1240,79HKREL2636VZ7,LQQYC5927U,144651117274,********7274,AXIS06V3NMN,9402985243,globaltechnologies12401240@example.com,"616, Market Street, Bengaluru",616MARKETSTREETBENGALURU,ACTIVE,2026-06-18
V1241,Global Technologies 1241,GLOBALTECHNOLOGIES1241,40LBHXQ1040AZ8,ILULU9105N,167109958886,********8886,AXIS0R34CUH,9702678591,globaltechnologies12411241@example.com,"692, Market Street, Pune",692MARKETSTREETPUNE,INACTIVE,2026-06-19
V1242,Metro Suppliers 1242,METROSUPPLIERS1242,74UGCHM1720MZ8,BWHBL6078I,802357444581,********4581,HDFC0SJPJXU,9059421586,metrosuppliers12421242@example.com,"448, MG Road, Chennai",448MGROADCHENNAI,INACTIVE,2025-09-07
V1243,Eastern Industries 1243,EASTERNINDUSTRIES1243,36LKLAW8946TZ2,HYGYR8325U,747054274404,********4404,ICIC0HN986K,9989306658,easternindustries12431243@example.com,"804, MG Road, Mumbai",804MGROADMUMBAI,ACTIVE,2026-06-17
V1244,Industrial Industries 1244,INDUSTRIALINDUSTRIES1244,41OHNOD3587FZ8,LPXLE1680S,825033123649,********3649,ICIC0JNML4W,9249902149,industrialindustries12441244@example.com,"247, Industrial Area, Bengaluru",247INDUSTRIALAREABENGALURU,INACTIVE,2024-04-23
V1245,Reliable Enterprises 1245,RELIABLEENTERPRISES1245,79GIEQQ1283GZ9,LQRDA2918F,089321194838,********4838,ICIC08V3GY0,9634604194,reliableenterprises12451245@example.com,"55, MG Road, Pune",55MGROADPUNE,ACTIVE,2025-06-22
V1246,Reliable Enterprises 1246,RELIABLEENTERPRISES1246,55LRTMU6140ZZ5,TWOXX4268P,903318666746,********6746,KKBK0E8IV8A,9674518581,reliableenterprises12461246@example.com,"97, MG Road, Delhi",97MGROADDELHI,ACTIVE,2025-12-05
V1247,Southern Industries 1247,SOUTHERNINDUSTRIES1247,72XXARJ3608XZ9,LNAZQ9571E,402411460258,********0258,SBIN0MJ2XJG,9717961036,southernindustries12471247@example.com,"443, Market Street, Hyderabad",443MARKETSTREETHYDERABAD,ACTIVE,2024-09-09
V1248,Global Suppliers 1248,GLOBALSUPPLIERS1248,39AQNDA7970XZ9,MVMHF9267L,198702669246,********9246,AXIS0SHBCC1,9617303490,globalsuppliers12481248@example.com,"410, MG Road, Mumbai",410MGROADMUMBAI,ACTIVE,2024-11-16
V1249,Global Suppliers 1249,GLOBALSUPPLIERS1249,90YKWJV0268ZZ1,EVEDX6946O,871296478939,********8939,HDFC0EV0AZL,9807568207,globalsuppliers12491249@example.com,"250, Market Street, Hyderabad",250MARKETSTREETHYDERABAD,INACTIVE,2024-12-26
V1250,Reliable Traders 1250,RELIABLETRADERS1250,28UHEEF2217HZ1,WQHXQ3175V,383996742828,********2828,HDFC0U5RGG1,9308135090,reliabletraders12501250@example.com,"875, Market Street, Bengaluru",875MARKETSTREETBENGALURU,ACTIVE,2024-08-16
V1251,Prime Enterprises 1251,PRIMEENTERPRISES1251,58TYQIL2439IZ9,OGPHW2476J,342396142059,********2059,HDFC02I4BIT,9451627745,primeenterprises12511251@example.com,"248, Main Road, Delhi",248MAINROADDELHI,ACTIVE,2026-02-09
V1252,National Solutions 1252,NATIONALSOLUTIONS1252,16BHCGO8309LZ7,GXVEV9506X,765783651530,********1530,HDFC00T5TK2,9632184504,nationalsolutions12521252@example.com,"908, Market Street, Hyderabad",908MARKETSTREETHYDERABAD,ACTIVE,2024-08-20
V1253,Apex Services 1253,APEXSERVICES1253,39IICML9545FZ8,BJPYX3434N,731227934344,********4344,KKBK0KK0A0R,9076315907,apexservices12531253@example.com,"399, Industrial Area, Bengaluru",399INDUSTRIALAREABENGALURU,INACTIVE,2026-02-13
V1254,Prime Industries 1254,PRIMEINDUSTRIES1254,79NVCNO6393CZ2,EZEDK9462R,581196558990,********8990,ICIC02EZ0W3,9654517643,primeindustries12541254@example.com,"27, Main Road, Delhi",27MAINROADDELHI,INACTIVE,2025-02-25
V1255,Apex Solutions 1255,APEXSOLUTIONS1255,26HNCTA4268IZ8,DKUSE3520V,446537989764,********9764,KKBK0HLROB9,9895974658,apexsolutions12551255@example.com,"298, Main Road, Mumbai",298MAINROADMUMBAI,INACTIVE,2024-07-04
V1256,United Industries 1256,UNITEDINDUSTRIES1256,42YIUUG3510QZ7,YPTDA0160S,257728262031,********2031,SBIN01W21ZT,9225388100,unitedindustries12561256@example.com,"657, Industrial Area, Mumbai",657INDUSTRIALAREAMUMBAI,INACTIVE,2025-10-24
V1257,Prime Enterprises 1257,PRIMEENTERPRISES1257,93LZZDR0640FZ5,IQAAE4110V,229186283129,********3129,KKBK0KAQB6J,9931767819,primeenterprises12571257@example.com,"615, Main Road, Pune",615MAINROADPUNE,INACTIVE,2026-01-08
V1258,National Enterprises 1258,NATIONALENTERPRISES1258,59ATYEJ3867JZ3,OUNYM0782W,832592663073,********3073,AXIS0I1GEIE,9664072385,nationalenterprises12581258@example.com,"916, Main Road, Bengaluru",916MAINROADBENGALURU,ACTIVE,2026-03-31
V1259,Southern Services 1259,SOUTHERNSERVICES1259,30QKBLH0207PZ8,LSCZJ7302R,847002851057,********1057,AXIS0H9K3SX,9132927983,southernservices12591259@example.com,"672, MG Road, Delhi",672MGROADDELHI,ACTIVE,2026-01-06
V1260,Metro Technologies 1260,METROTECHNOLOGIES1260,36NCBKC3577AZ8,UDAGL4840Z,122508746508,********6508,ICIC09IFDVB,9616516585,metrotechnologies12601260@example.com,"677, Market Street, Delhi",677MARKETSTREETDELHI,ACTIVE,2025-04-18
V1261,Southern Suppliers 1261,SOUTHERNSUPPLIERS1261,28RFQEG2369OZ1,IDQAB5984B,399664160851,********0851,AXIS0WM12RR,9785741068,southernsuppliers12611261@example.com,"629, Industrial Area, Bengaluru",629INDUSTRIALAREABENGALURU,ACTIVE,2025-09-09
V1262,Industrial Suppliers 1262,INDUSTRIALSUPPLIERS1262,69WQLBS7902CZ5,QGWOC8090Y,726459339572,********9572,SBIN0YHYKTX,9573329079,industrialsuppliers12621262@example.com,"2, MG Road, Pune",2MGROADPUNE,ACTIVE,2024-08-11
V1263,Industrial Traders 1263,INDUSTRIALTRADERS1263,29GSTPT4273SZ1,GURAP2538S,717459933628,********3628,KKBK0C00IG3,9374326330,industrialtraders12631263@example.com,"29, MG Road, Chennai",29MGROADCHENNAI,ACTIVE,2025-07-24
V1264,Reliable Technologies 1264,RELIABLETECHNOLOGIES1264,97BSFPB1838AZ5,HWUND7708T,578785101371,********1371,SBIN0SU536H,9862635316,reliabletechnologies12641264@example.com,"597, Market Street, Mumbai",597MARKETSTREETMUMBAI,ACTIVE,2026-02-18
V1265,Apex Technologies 1265,APEXTECHNOLOGIES1265,30YMGSQ8574MZ4,XBIQM4225C,798837898484,********8484,HDFC0TJRUAF,9182509335,apextechnologies12651265@example.com,"870, MG Road, Delhi",870MGROADDELHI,ACTIVE,2024-11-27
V1266,Industrial Suppliers 1266,INDUSTRIALSUPPLIERS1266,42UAZKZ8653BZ7,YQSFB5390E,180272638326,********8326,HDFC03KLTD3,9618808901,industrialsuppliers12661266@example.com,"113, Industrial Area, Hyderabad",113INDUSTRIALAREAHYDERABAD,ACTIVE,2026-05-30
V1267,Global Industries 1267,GLOBALINDUSTRIES1267,15BLMPM2559FZ4,WUFWS6447U,497509470913,********0913,HDFC0PBMW6E,9287820073,globalindustries12671267@example.com,"615, MG Road, Pune",615MGROADPUNE,ACTIVE,2024-05-22
V1268,Prime Solutions 1268,PRIMESOLUTIONS1268,95HMIDS8194JZ4,OYSDO6325R,196620642028,********2028,HDFC0OBY20R,9398010851,primesolutions12681268@example.com,"724, Main Road, Hyderabad",724MAINROADHYDERABAD,ACTIVE,2026-03-18
V1269,Global Suppliers 1269,GLOBALSUPPLIERS1269,67YWVXD3921DZ9,KAITR3800S,113792752558,********2558,KKBK0W3VG29,9267002303,globalsuppliers12691269@example.com,"52, Main Road, Chennai",52MAINROADCHENNAI,ACTIVE,2025-05-11
V1270,United Suppliers 1270,UNITEDSUPPLIERS1270,16LHWNV6365MZ7,KYRWW4002Y,518735815038,********5038,KKBK0VAOTFB,9134483181,unitedsuppliers12701270@example.com,"980, MG Road, Pune",980MGROADPUNE,ACTIVE,2025-10-02
V1271,United Services 1271,UNITEDSERVICES1271,69MJYXD3370XZ5,DCAEZ4240J,904349503325,********3325,SBIN0GII1DK,9607425220,unitedservices12711271@example.com,"287, Market Street, Delhi",287MARKETSTREETDELHI,INACTIVE,2024-03-13
V1272,Eastern Enterprises 1272,EASTERNENTERPRISES1272,55SDTRF0874NZ3,YNLNK9778Q,623656220587,********0587,HDFC0G9YS31,9236272433,easternenterprises12721272@example.com,"421, Main Road, Hyderabad",421MAINROADHYDERABAD,INACTIVE,2025-09-28
V1273,Eastern Suppliers 1273,EASTERNSUPPLIERS1273,99AOREM6743PZ9,IQLKD0477X,657505660994,********0994,SBIN0LMNQH5,9748985252,easternsuppliers12731273@example.com,"960, Industrial Area, Mumbai",960INDUSTRIALAREAMUMBAI,ACTIVE,2025-06-01
V1274,Global Technologies 1274,GLOBALTECHNOLOGIES1274,90YCCGX3407LZ7,GHFQO2840Y,632241128173,********8173,KKBK0JGUOIQ,9990308688,globaltechnologies12741274@example.com,"98, Industrial Area, Chennai",98INDUSTRIALAREACHENNAI,ACTIVE,2026-05-08
V1275,National Suppliers 1275,NATIONALSUPPLIERS1275,74FCSFQ3028TZ8,WSWCV3246O,321609742125,********2125,SBIN0S8DQE0,9835419283,nationalsuppliers12751275@example.com,"451, Main Road, Hyderabad",451MAINROADHYDERABAD,ACTIVE,2024-05-07
V1276,Southern Suppliers 1276,SOUTHERNSUPPLIERS1276,38QDDDC9943JZ8,ORUFH0174A,663588172606,********2606,ICIC0B7UR8W,9421139984,southernsuppliers12761276@example.com,"413, MG Road, Pune",413MGROADPUNE,ACTIVE,2025-08-18
V1277,Reliable Services 1277,RELIABLESERVICES1277,79QUUGD3977QZ7,HJNOZ2148P,472638458987,********8987,AXIS0P87IDN,9326899019,reliableservices12771277@example.com,"939, Main Road, Pune",939MAINROADPUNE,ACTIVE,2025-07-20
V1278,Reliable Solutions 1278,RELIABLESOLUTIONS1278,80EXGEH2655PZ1,XIJUK4915M,239646440395,********0395,HDFC0SDWAT8,9741163117,reliablesolutions12781278@example.com,"380, MG Road, Pune",380MGROADPUNE,INACTIVE,2024-05-08
V1279,Industrial Enterprises 1279,INDUSTRIALENTERPRISES1279,70UZUAW1632QZ5,RPGOZ6302C,910416625316,********5316,AXIS00V4LLD,9746736916,industrialenterprises12791279@example.com,"466, Industrial Area, Mumbai",466INDUSTRIALAREAMUMBAI,ACTIVE,2024-07-08
V1280,United Technologies 1280,UNITEDTECHNOLOGIES1280,44PUATH4949EZ9,AWMLZ2996Z,239527309571,********9571,AXIS07BRT8I,9195432393,unitedtechnologies12801280@example.com,"141, Market Street, Chennai",141MARKETSTREETCHENNAI,ACTIVE,2025-10-26
V1281,Global Services 1281,GLOBALSERVICES1281,27CUJXU2219PZ9,GLKPB4036W,701663693090,********3090,SBIN076QYVI,9276867986,globalservices12811281@example.com,"995, MG Road, Hyderabad",995MGROADHYDERABAD,ACTIVE,2025-02-21
V1282,United Traders 1282,UNITEDTRADERS1282,45AUKBZ2743IZ7,BTPSB8485Y,603300531958,********1958,AXIS0J4VF28,9228334019,unitedtraders12821282@example.com,"189, Main Road, Bengaluru",189MAINROADBENGALURU,INACTIVE,2025-03-08
V1283,United Traders 1283,UNITEDTRADERS1283,94DVOGV2804FZ7,WVNMF5361I,746665164123,********4123,AXIS0TVIRO3,9325574711,unitedtraders12831283@example.com,"372, Industrial Area, Hyderabad",372INDUSTRIALAREAHYDERABAD,ACTIVE,2025-05-07
V1284,United Solutions 1284,UNITEDSOLUTIONS1284,88QSPQK0452YZ4,IZKXL9814C,140325603203,********3203,HDFC0IUP9VZ,9501120210,unitedsolutions12841284@example.com,"122, Market Street, Mumbai",122MARKETSTREETMUMBAI,ACTIVE,2026-02-15
V1285,United Suppliers 1285,UNITEDSUPPLIERS1285,77MYFXW4820ZZ2,XAJEO2455H,242682925805,********5805,ICIC03OE9VU,9976043502,unitedsuppliers12851285@example.com,"962, MG Road, Mumbai",962MGROADMUMBAI,ACTIVE,2025-10-27
V1286,Metro Suppliers 1286,METROSUPPLIERS1286,77YMOYC3720WZ6,STLWL8995Q,041693888499,********8499,SBIN0DSP6W2,9684237568,metrosuppliers12861286@example.com,"353, Industrial Area, Bengaluru",353INDUSTRIALAREABENGALURU,ACTIVE,2024-01-31
V1287,National Industries 1287,NATIONALINDUSTRIES1287,39GFLRR2176WZ3,TPMUB2419K,139082462599,********2599,HDFC05IA23O,9870967611,nationalindustries12871287@example.com,"211, Market Street, Mumbai",211MARKETSTREETMUMBAI,ACTIVE,2025-03-23
V1288,Southern Industries 1288,SOUTHERNINDUSTRIES1288,50TBXUT9080TZ6,YTXKV0223F,516165101990,********1990,KKBK0HDVV6S,9113642781,southernindustries12881288@example.com,"284, Industrial Area, Chennai",284INDUSTRIALAREACHENNAI,INACTIVE,2024-06-19
V1289,United Technologies 1289,UNITEDTECHNOLOGIES1289,27RWGHT0819VZ5,ASXTQ6643C,720394898904,********8904,AXIS0F06LHU,9923742210,unitedtechnologies12891289@example.com,"456, MG Road, Chennai",456MGROADCHENNAI,ACTIVE,2025-09-23
V1290,Global Suppliers 1290,GLOBALSUPPLIERS1290,93BLIBT7299JZ5,KJICR1209Q,925162339340,********9340,KKBK0H2UX6J,9239036165,globalsuppliers12901290@example.com,"951, Industrial Area, Delhi",951INDUSTRIALAREADELHI,ACTIVE,2024-07-19
V1291,Industrial Solutions 1291,INDUSTRIALSOLUTIONS1291,42XPHDR8144VZ9,PENOP4822K,000835994097,********4097,KKBK0P54RE6,9101943955,industrialsolutions12911291@example.com,"701, Market Street, Delhi",701MARKETSTREETDELHI,ACTIVE,2025-04-13
V1292,Apex Solutions 1292,APEXSOLUTIONS1292,17DAREZ4609YZ7,SMSTU6830W,033319445550,********5550,HDFC02ZMIGF,9218092397,apexsolutions12921292@example.com,"123, MG Road, Hyderabad",123MGROADHYDERABAD,ACTIVE,2024-06-20
V1293,Global Solutions 1293,GLOBALSOLUTIONS1293,28LJFDY2785PZ8,CKGQS0124D,225668705747,********5747,KKBK0HFJ629,9428422517,globalsolutions12931293@example.com,"589, MG Road, Mumbai",589MGROADMUMBAI,ACTIVE,2026-06-08
V1294,Industrial Services 1294,INDUSTRIALSERVICES1294,41NCRAJ9620EZ6,FIPSF4087W,300423503347,********3347,SBIN03AWZ84,9011342840,industrialservices12941294@example.com,"440, Market Street, Hyderabad",440MARKETSTREETHYDERABAD,ACTIVE,2024-02-13
V1295,Reliable Services 1295,RELIABLESERVICES1295,43IVSIA1430FZ2,WFNGP3192T,702821913314,********3314,AXIS0FYTJU0,9709304180,reliableservices12951295@example.com,"826, MG Road, Hyderabad",826MGROADHYDERABAD,ACTIVE,2024-12-27
V1296,Global Services 1296,GLOBALSERVICES1296,56QFWBQ5621IZ6,ACYES5074Q,895078285636,********5636,AXIS0EWQQVH,9814642899,globalservices12961296@example.com,"471, MG Road, Bengaluru",471MGROADBENGALURU,INACTIVE,2024-07-24
V1297,Eastern Solutions 1297,EASTERNSOLUTIONS1297,89HDOVC5130FZ7,KZZBQ1468D,014568034977,********4977,ICIC0PYUPGE,9403072090,easternsolutions12971297@example.com,"666, Main Road, Chennai",666MAINROADCHENNAI,ACTIVE,2024-11-15
V1298,Prime Traders 1298,PRIMETRADERS1298,15RYLKH7435IZ4,ASUDP1238D,642446522829,********2829,KKBK0Q7XX1W,9890413628,primetraders12981298@example.com,"428, MG Road, Bengaluru",428MGROADBENGALURU,ACTIVE,2024-01-09
V1299,Eastern Technologies 1299,EASTERNTECHNOLOGIES1299,73HYAOY2140GZ3,UOZYU5022U,062128488161,********8161,KKBK0NLCWSO,9216398045,easterntechnologies12991299@example.com,"973, Market Street, Bengaluru",973MARKETSTREETBENGALURU,ACTIVE,2025-01-19
V1300,Metro Technologies 1300,METROTECHNOLOGIES1300,15OYIXX2911IZ4,ZFSWK7782X,491836842362,********2362,KKBK0WF6RD6,9458323364,metrotechnologies13001300@example.com,"324, MG Road, Pune",324MGROADPUNE,INACTIVE,2026-03-21
V1301,Eastern Services 1301,EASTERNSERVICES1301,38UWSAS9334KZ2,IQVEF9493T,539331700520,********0520,SBIN0EWTFMS,9206965367,easternservices13011301@example.com,"939, Main Road, Chennai",939MAINROADCHENNAI,ACTIVE,2025-11-15
V1302,Eastern Industries 1302,EASTERNINDUSTRIES1302,34HHIJO2417KZ9,WJMDJ1009N,570716323141,********3141,KKBK0KVR5PE,9118443864,easternindustries13021302@example.com,"430, Market Street, Delhi",430MARKETSTREETDELHI,ACTIVE,2026-01-10
V1303,Metro Industries 1303,METROINDUSTRIES1303,83QNQFR6837UZ8,QMZFU7538P,940482198951,********8951,HDFC094UJX9,9526423621,metroindustries13031303@example.com,"697, Industrial Area, Pune",697INDUSTRIALAREAPUNE,ACTIVE,2026-06-19
V1304,Reliable Enterprises 1304,RELIABLEENTERPRISES1304,53JAMAX7037IZ8,NLBXG7142P,183336709840,********9840,AXIS03SPFOH,9786034442,reliableenterprises13041304@example.com,"843, Main Road, Bengaluru",843MAINROADBENGALURU,ACTIVE,2025-03-08
V1305,Eastern Traders 1305,EASTERNTRADERS1305,78FIZCB6477UZ7,AXRTJ0666I,253698640022,********0022,HDFC0MR1FDF,9120929078,easterntraders13051305@example.com,"500, Market Street, Bengaluru",500MARKETSTREETBENGALURU,INACTIVE,2026-06-14
V1306,Apex Technologies 1306,APEXTECHNOLOGIES1306,76ORGTJ8255VZ1,VTDZU4710G,197099484373,********4373,KKBK0KSIGMM,9738032410,apextechnologies13061306@example.com,"194, Main Road, Delhi",194MAINROADDELHI,ACTIVE,2024-11-07
V1307,Prime Solutions 1307,PRIMESOLUTIONS1307,78STUIH7414SZ4,SXUWY2061T,072986043935,********3935,AXIS0OE3H2K,9948132593,primesolutions13071307@example.com,"376, MG Road, Pune",376MGROADPUNE,ACTIVE,2025-07-09
V1308,National Solutions 1308,NATIONALSOLUTIONS1308,82YOOHW6406CZ9,YMVPB2039Y,090385068607,********8607,KKBK00XGJO1,9282694134,nationalsolutions13081308@example.com,"600, MG Road, Chennai",600MGROADCHENNAI,ACTIVE,2024-01-10
V1309,United Technologies 1309,UNITEDTECHNOLOGIES1309,91NEKZG4081DZ5,MIDLO2399R,221820708278,********8278,SBIN0KL2VKS,9312095518,unitedtechnologies13091309@example.com,"660, Industrial Area, Hyderabad",660INDUSTRIALAREAHYDERABAD,INACTIVE,2024-03-29
V1310,Global Solutions 1310,GLOBALSOLUTIONS1310,42WCZIG7811HZ5,XVQSO7608B,323901430741,********0741,AXIS0Q56S1L,9860656174,globalsolutions13101310@example.com,"755, Main Road, Chennai",755MAINROADCHENNAI,INACTIVE,2026-03-28
V1311,Global Suppliers 1311,GLOBALSUPPLIERS1311,40IAVTQ9470DZ5,AMLGY4019P,484440336043,********6043,SBIN0Y2NE8B,9441587952,globalsuppliers13111311@example.com,"994, Industrial Area, Delhi",994INDUSTRIALAREADELHI,ACTIVE,2025-08-07
V1312,Metro Industries 1312,METROINDUSTRIES1312,46EVIQL9110OZ7,KYEPR9029Q,750053310268,********0268,SBIN0O5AVHU,9023371631,metroindustries13121312@example.com,"77, Main Road, Chennai",77MAINROADCHENNAI,ACTIVE,2025-03-19
V1313,Apex Solutions 1313,APEXSOLUTIONS1313,66PZBXQ3520ZZ3,PCBRT8357I,374950184963,********4963,ICIC0D09DT8,9157523806,apexsolutions13131313@example.com,"514, MG Road, Hyderabad",514MGROADHYDERABAD,ACTIVE,2024-09-11
V1314,Metro Suppliers 1314,METROSUPPLIERS1314,93QVIXV5652XZ1,TRCQL2725L,538216226195,********6195,HDFC00BHNL9,9224850268,metrosuppliers13141314@example.com,"96, Industrial Area, Delhi",96INDUSTRIALAREADELHI,ACTIVE,2025-03-04
V1315,Prime Traders 1315,PRIMETRADERS1315,85KZEQP5319HZ7,CTJPL9925Q,475059708032,********8032,SBIN0B6ZX7Q,9317786381,primetraders13151315@example.com,"284, Market Street, Delhi",284MARKETSTREETDELHI,ACTIVE,2024-06-20
V1316,Southern Industries 1316,SOUTHERNINDUSTRIES1316,20TJCOX0659MZ7,UPSFK0205D,778626359101,********9101,SBIN0YEX9TA,9510727926,southernindustries13161316@example.com,"846, MG Road, Hyderabad",846MGROADHYDERABAD,ACTIVE,2024-06-26
V1317,National Enterprises 1317,NATIONALENTERPRISES1317,13TBDQB8282UZ7,LZIAH3783S,654853032635,********2635,KKBK0797TWO,9867210563,nationalenterprises13171317@example.com,"622, Market Street, Bengaluru",622MARKETSTREETBENGALURU,ACTIVE,2024-05-10
V1318,Industrial Enterprises 1318,INDUSTRIALENTERPRISES1318,28WQOTK9261NZ1,ENQCS4770Q,176390443557,********3557,KKBK095EEBR,9315583706,industrialenterprises13181318@example.com,"928, MG Road, Pune",928MGROADPUNE,ACTIVE,2024-03-06
V1319,Southern Industries 1319,SOUTHERNINDUSTRIES1319,76ZBJKG8906UZ7,ZBPDL1537Y,581581563842,********3842,AXIS0VRUJ4S,9185061178,southernindustries13191319@example.com,"545, Market Street, Pune",545MARKETSTREETPUNE,INACTIVE,2024-12-13
V1320,Industrial Traders 1320,INDUSTRIALTRADERS1320,61NBEON5353OZ3,SDPHD3044M,664118197965,********7965,AXIS0439ER2,9389296502,industrialtraders13201320@example.com,"522, Industrial Area, Bengaluru",522INDUSTRIALAREABENGALURU,ACTIVE,2025-08-31
V1321,Southern Enterprises 1321,SOUTHERNENTERPRISES1321,79FGNBM6419QZ7,QTRJX4876X,582899235973,********5973,ICIC0K3BQMN,9929852465,southernenterprises13211321@example.com,"235, Industrial Area, Hyderabad",235INDUSTRIALAREAHYDERABAD,ACTIVE,2024-02-19
V1322,United Enterprises 1322,UNITEDENTERPRISES1322,45NCSIN4918UZ5,OPTOG1905A,860700477523,********7523,ICIC05GB3KE,9130675974,unitedenterprises13221322@example.com,"884, MG Road, Chennai",884MGROADCHENNAI,INACTIVE,2025-03-05
V1323,United Technologies 1323,UNITEDTECHNOLOGIES1323,29KAKBD6035PZ1,TPPUE1464W,098790000005,********0005,SBIN0MLBW1Z,9521351196,unitedtechnologies13231323@example.com,"960, Main Road, Pune",960MAINROADPUNE,ACTIVE,2026-03-13
V1324,National Industries 1324,NATIONALINDUSTRIES1324,53LVHCK8123SZ9,HRVQX4066W,983239958280,********8280,ICIC0P0RLTG,9838076930,nationalindustries13241324@example.com,"484, Main Road, Delhi",484MAINROADDELHI,ACTIVE,2025-10-12
V1325,United Enterprises 1325,UNITEDENTERPRISES1325,39DWNPI0400TZ6,VHESI1346E,068412391166,********1166,HDFC03NWV6X,9225053665,unitedenterprises13251325@example.com,"896, Main Road, Hyderabad",896MAINROADHYDERABAD,ACTIVE,2025-10-22
V1326,Apex Technologies 1326,APEXTECHNOLOGIES1326,85IHPCA8254SZ4,JGQML8215F,956691815519,********5519,ICIC0I0BEBS,9639932545,apextechnologies13261326@example.com,"314, Main Road, Mumbai",314MAINROADMUMBAI,ACTIVE,2025-03-27
V1327,Apex Solutions 1327,APEXSOLUTIONS1327,36ZNTFJ4276EZ9,ISHQP0823L,505703614856,********4856,KKBK0ZITOTB,9043114054,apexsolutions13271327@example.com,"532, Main Road, Pune",532MAINROADPUNE,ACTIVE,2026-04-09
V1328,Global Services 1328,GLOBALSERVICES1328,80MUNZG9970EZ9,HQJJO8076O,003163065223,********5223,ICIC04QDUHU,9714154438,globalservices13281328@example.com,"40, MG Road, Mumbai",40MGROADMUMBAI,ACTIVE,2026-03-10
V1329,United Solutions 1329,UNITEDSOLUTIONS1329,52VRJFU1979WZ4,XTDZZ3105A,241108270982,********0982,SBIN0BWZ8KC,9842018371,unitedsolutions13291329@example.com,"505, Market Street, Chennai",505MARKETSTREETCHENNAI,ACTIVE,2025-03-12
V1330,Prime Traders 1330,PRIMETRADERS1330,21FPUFY5547VZ5,IYYDK6084R,809681640027,********0027,AXIS0P87OKY,9790426667,primetraders13301330@example.com,"381, MG Road, Delhi",381MGROADDELHI,ACTIVE,2024-03-31
V1331,National Solutions 1331,NATIONALSOLUTIONS1331,67HNPXK7373LZ8,IBGGI5669L,077902101193,********1193,HDFC0CLUJY4,9886493213,nationalsolutions13311331@example.com,"636, Market Street, Hyderabad",636MARKETSTREETHYDERABAD,ACTIVE,2024-06-03
V1332,Eastern Solutions 1332,EASTERNSOLUTIONS1332,91ORFFI0563CZ2,BWLLF0884X,105679258448,********8448,SBIN0I9XC3U,9589614055,easternsolutions13321332@example.com,"24, Industrial Area, Bengaluru",24INDUSTRIALAREABENGALURU,ACTIVE,2025-10-13
V1333,Metro Solutions 1333,METROSOLUTIONS1333,94ACTUD4200DZ2,JXVGQ9709Q,130658440892,********0892,SBIN0TMZXGV,9788582124,metrosolutions13331333@example.com,"725, Market Street, Delhi",725MARKETSTREETDELHI,INACTIVE,2024-10-09
V1334,Eastern Enterprises 1334,EASTERNENTERPRISES1334,18EWWAO0048DZ8,FSRQM8411M,602154742019,********2019,SBIN0C238LM,9934719655,easternenterprises13341334@example.com,"442, MG Road, Delhi",442MGROADDELHI,ACTIVE,2025-05-21
V1335,National Enterprises 1335,NATIONALENTERPRISES1335,31MTGWS3737ZZ1,JDMEX8313P,175824315169,********5169,AXIS0TYEG3A,9237255577,nationalenterprises13351335@example.com,"590, Market Street, Pune",590MARKETSTREETPUNE,INACTIVE,2025-09-05
V1336,Prime Services 1336,PRIMESERVICES1336,82ZTVMD6517MZ6,HXOUY4124Z,950338271256,********1256,KKBK0HZGE57,9250330543,primeservices13361336@example.com,"701, Main Road, Pune",701MAINROADPUNE,ACTIVE,2024-10-01
V1337,Global Solutions 1337,GLOBALSOLUTIONS1337,61REOJX0347PZ6,GKPOJ5218I,606125188848,********8848,ICIC0WOF2SG,9255449201,globalsolutions13371337@example.com,"131, Industrial Area, Mumbai",131INDUSTRIALAREAMUMBAI,ACTIVE,2025-01-23
V1338,United Enterprises 1338,UNITEDENTERPRISES1338,34ZCOVG6718KZ8,GQEZN2407W,559431849526,********9526,ICIC0FQKIDC,9051851014,unitedenterprises13381338@example.com,"84, Market Street, Chennai",84MARKETSTREETCHENNAI,ACTIVE,2025-07-24
V1339,Eastern Services 1339,EASTERNSERVICES1339,11EVXKN7167GZ7,LEABL2852S,703767453668,********3668,HDFC0XM2R1M,9616074670,easternservices13391339@example.com,"835, Market Street, Pune",835MARKETSTREETPUNE,ACTIVE,2024-09-26
V1340,Southern Services 1340,SOUTHERNSERVICES1340,92PCSFH9491QZ6,NAACU0869S,991052834066,********4066,KKBK0OE9TPI,9925271359,southernservices13401340@example.com,"29, Main Road, Delhi",29MAINROADDELHI,ACTIVE,2026-06-13
V1341,National Technologies 1341,NATIONALTECHNOLOGIES1341,97LQHQR6697AZ4,GAJUB9164M,974834497162,********7162,SBIN0B2BB3N,9636729669,nationaltechnologies13411341@example.com,"586, MG Road, Hyderabad",586MGROADHYDERABAD,ACTIVE,2026-04-16
V1342,National Solutions 1342,NATIONALSOLUTIONS1342,38ZLPYL8760DZ9,VWSYQ5808U,273436285702,********5702,KKBK098JDL7,9371142064,nationalsolutions13421342@example.com,"640, MG Road, Chennai",640MGROADCHENNAI,ACTIVE,2024-07-01
V1343,Industrial Industries 1343,INDUSTRIALINDUSTRIES1343,78OGJZI9985PZ1,BECNY5831K,043985447222,********7222,ICIC0IK49EA,9105008915,industrialindustries13431343@example.com,"781, Main Road, Bengaluru",781MAINROADBENGALURU,ACTIVE,2025-04-14
V1344,Global Services 1344,GLOBALSERVICES1344,25DAKDH4350MZ5,UPNTG6669S,921196081253,********1253,HDFC05GOZU3,9880918977,globalservices13441344@example.com,"955, Main Road, Mumbai",955MAINROADMUMBAI,ACTIVE,2025-04-13
V1345,Eastern Suppliers 1345,EASTERNSUPPLIERS1345,88AYXIH1073TZ4,DZNTN9963K,882564340732,********0732,SBIN0MIY0JH,9823948106,easternsuppliers13451345@example.com,"840, Main Road, Mumbai",840MAINROADMUMBAI,ACTIVE,2025-09-03
V1346,Industrial Suppliers 1346,INDUSTRIALSUPPLIERS1346,92UPALJ1167WZ7,FUVIS0911W,663727260162,********0162,ICIC0551UUP,9317884746,industrialsuppliers13461346@example.com,"702, Industrial Area, Bengaluru",702INDUSTRIALAREABENGALURU,ACTIVE,2025-06-15
V1347,National Industries 1347,NATIONALINDUSTRIES1347,79VNNIX1584JZ1,UWXEH1363H,058150988190,********8190,KKBK0RU8DXF,9997051154,nationalindustries13471347@example.com,"56, MG Road, Bengaluru",56MGROADBENGALURU,ACTIVE,2025-06-26
V1348,Industrial Enterprises 1348,INDUSTRIALENTERPRISES1348,88ACHUC0066XZ1,TLBSA2996L,418993045518,********5518,HDFC0S3N4H1,9401588792,industrialenterprises13481348@example.com,"320, Market Street, Chennai",320MARKETSTREETCHENNAI,ACTIVE,2025-12-02
V1349,Eastern Services 1349,EASTERNSERVICES1349,54RIMOM5607NZ3,SECSW1221C,027275349751,********9751,AXIS09YH1LI,9582907262,easternservices13491349@example.com,"527, MG Road, Delhi",527MGROADDELHI,ACTIVE,2024-03-29
V1350,Eastern Suppliers 1350,EASTERNSUPPLIERS1350,48HMZQZ6895VZ3,NMHGV6978Q,883888154857,********4857,SBIN031L2SL,9663378021,easternsuppliers13501350@example.com,"455, MG Road, Hyderabad",455MGROADHYDERABAD,ACTIVE,2024-08-14
V1351,Southern Services 1351,SOUTHERNSERVICES1351,18PEXKC5462JZ6,LLJEX6701V,912807343428,********3428,SBIN086DPT3,9469365919,southernservices13511351@example.com,"344, Industrial Area, Hyderabad",344INDUSTRIALAREAHYDERABAD,ACTIVE,2024-02-12
V1352,Eastern Enterprises 1352,EASTERNENTERPRISES1352,69ZBQCT0731WZ8,CBKKL9417P,067981412094,********2094,KKBK0SCMJ6M,9973633958,easternenterprises13521352@example.com,"335, MG Road, Hyderabad",335MGROADHYDERABAD,ACTIVE,2024-06-30
V1353,United Suppliers 1353,UNITEDSUPPLIERS1353,38AAGAR7195FZ4,IWQNY5978C,003638692773,********2773,HDFC0KOYOOJ,9826915073,unitedsuppliers13531353@example.com,"486, Market Street, Bengaluru",486MARKETSTREETBENGALURU,ACTIVE,2025-10-02
V1354,Prime Traders 1354,PRIMETRADERS1354,87IDGPO1134AZ2,EGHDX3634F,940107251831,********1831,ICIC0VQF0B6,9998801235,primetraders13541354@example.com,"556, Market Street, Mumbai",556MARKETSTREETMUMBAI,INACTIVE,2025-08-09
V1355,Prime Enterprises 1355,PRIMEENTERPRISES1355,52KWLXG1112IZ4,VSMIM7008T,073861776263,********6263,SBIN0KDUDPE,9705197693,primeenterprises13551355@example.com,"564, MG Road, Mumbai",564MGROADMUMBAI,ACTIVE,2024-09-04
V1356,National Services 1356,NATIONALSERVICES1356,23AWIPF9259UZ3,BWMYK0155T,384136036825,********6825,HDFC06CGOWM,9968463138,nationalservices13561356@example.com,"413, Main Road, Mumbai",413MAINROADMUMBAI,ACTIVE,2024-02-08
V1357,Reliable Services 1357,RELIABLESERVICES1357,17VIOMS8711IZ9,ECUOH4315F,753298567709,********7709,SBIN04ZKRWA,9618896556,reliableservices13571357@example.com,"346, Main Road, Hyderabad",346MAINROADHYDERABAD,ACTIVE,2024-08-19
V1358,Global Enterprises 1358,GLOBALENTERPRISES1358,89LHMGO4310SZ1,XPRZN6865K,663028666098,********6098,KKBK0CJNIO8,9720505504,globalenterprises13581358@example.com,"275, Industrial Area, Hyderabad",275INDUSTRIALAREAHYDERABAD,ACTIVE,2026-02-25
V1359,Prime Solutions 1359,PRIMESOLUTIONS1359,56UAQYY3652PZ8,YZOUB8656L,296628348473,********8473,KKBK0QT7U4D,9609038351,primesolutions13591359@example.com,"606, Market Street, Hyderabad",606MARKETSTREETHYDERABAD,ACTIVE,2025-11-18
V1360,Industrial Solutions 1360,INDUSTRIALSOLUTIONS1360,45QQATI0117XZ4,VRKKC8879I,585320679538,********9538,HDFC0HX30BU,9844852110,industrialsolutions13601360@example.com,"842, Main Road, Bengaluru",842MAINROADBENGALURU,ACTIVE,2025-11-17
V1361,Eastern Enterprises 1361,EASTERNENTERPRISES1361,91MSAYL1102KZ7,ODSVU1656S,113161516275,********6275,SBIN0UW4W21,9765831997,easternenterprises13611361@example.com,"521, Market Street, Pune",521MARKETSTREETPUNE,ACTIVE,2026-02-12
V1362,Reliable Traders 1362,RELIABLETRADERS1362,34JJHMB5644TZ4,XSTDP1553H,639078137902,********7902,SBIN0RQD41P,9183276059,reliabletraders13621362@example.com,"258, MG Road, Chennai",258MGROADCHENNAI,ACTIVE,2024-11-06
V1363,Metro Technologies 1363,METROTECHNOLOGIES1363,63QAJAB9458QZ9,YYAOL2859P,782036133186,********3186,KKBK0YWWC8P,9193171804,metrotechnologies13631363@example.com,"590, Market Street, Mumbai",590MARKETSTREETMUMBAI,ACTIVE,2025-06-01
V1364,Industrial Industries 1364,INDUSTRIALINDUSTRIES1364,77NVTEP6670OZ6,GPVDT0548A,185440223734,********3734,KKBK0U9X99Z,9119026919,industrialindustries13641364@example.com,"999, MG Road, Hyderabad",999MGROADHYDERABAD,ACTIVE,2026-04-15
V1365,United Industries 1365,UNITEDINDUSTRIES1365,20OPKWB4446IZ3,XXRJM3664F,964508030414,********0414,AXIS03YZVU1,9346569020,unitedindustries13651365@example.com,"930, Industrial Area, Mumbai",930INDUSTRIALAREAMUMBAI,ACTIVE,2025-03-30
V1366,Reliable Traders 1366,RELIABLETRADERS1366,73FBMLV8160VZ2,SQYVP3101P,883282480469,********0469,ICIC0ATN8SC,9707798348,reliabletraders13661366@example.com,"41, MG Road, Mumbai",41MGROADMUMBAI,ACTIVE,2025-03-19
V1367,Prime Technologies 1367,PRIMETECHNOLOGIES1367,29DXAUI3962FZ4,OKCGT7156Z,779114957622,********7622,SBIN0762G9S,9466506289,primetechnologies13671367@example.com,"620, Market Street, Chennai",620MARKETSTREETCHENNAI,ACTIVE,2026-03-26
V1368,Southern Solutions 1368,SOUTHERNSOLUTIONS1368,90KIUOB7506ZZ7,AEBWX1873Z,732971561092,********1092,SBIN02RFS3S,9859874901,southernsolutions13681368@example.com,"842, Industrial Area, Hyderabad",842INDUSTRIALAREAHYDERABAD,ACTIVE,2024-02-17
V1369,Southern Industries 1369,SOUTHERNINDUSTRIES1369,87JWBGU3554DZ1,RVSMR6818S,946726183070,********3070,SBIN0HACI16,9916876432,southernindustries13691369@example.com,"223, Market Street, Bengaluru",223MARKETSTREETBENGALURU,ACTIVE,2024-06-21
V1370,Metro Enterprises 1370,METROENTERPRISES1370,88OEYRH3517JZ9,FHJPI1253K,530892056037,********6037,HDFC0BI2VX7,9534513058,metroenterprises13701370@example.com,"380, Main Road, Mumbai",380MAINROADMUMBAI,ACTIVE,2025-09-30
V1371,Global Enterprises 1371,GLOBALENTERPRISES1371,16TUGKG5555NZ7,NMZHN8699Z,069220129916,********9916,HDFC0G6CAG6,9649407483,globalenterprises13711371@example.com,"43, Main Road, Mumbai",43MAINROADMUMBAI,ACTIVE,2024-09-20
V1372,Reliable Technologies 1372,RELIABLETECHNOLOGIES1372,90CIQOC2639IZ7,FOPDI9977T,100406036017,********6017,AXIS0UZ6MRX,9309912579,reliabletechnologies13721372@example.com,"632, Market Street, Delhi",632MARKETSTREETDELHI,INACTIVE,2024-12-31
V1373,Global Technologies 1373,GLOBALTECHNOLOGIES1373,71SZTYQ7786YZ9,SBRGA2547V,689136099979,********9979,KKBK0DHADEQ,9672345211,globaltechnologies13731373@example.com,"2, Main Road, Bengaluru",2MAINROADBENGALURU,ACTIVE,2025-03-22
V1374,Prime Traders 1374,PRIMETRADERS1374,51SQWMC4915KZ8,NWBID5086Z,599290443540,********3540,AXIS02CS9NX,9434460938,primetraders13741374@example.com,"581, MG Road, Bengaluru",581MGROADBENGALURU,ACTIVE,2025-03-09
V1375,Reliable Solutions 1375,RELIABLESOLUTIONS1375,84UOXKL7804FZ9,UDVAC2574V,920691348666,********8666,HDFC0KU5RHI,9028037805,reliablesolutions13751375@example.com,"918, MG Road, Hyderabad",918MGROADHYDERABAD,ACTIVE,2025-12-04
V1376,Industrial Solutions 1376,INDUSTRIALSOLUTIONS1376,26FTGJB3087IZ5,MQODC3689Z,123086990991,********0991,AXIS0INDXKU,9030742022,industrialsolutions13761376@example.com,"314, MG Road, Chennai",314MGROADCHENNAI,INACTIVE,2025-10-19
V1377,Eastern Suppliers 1377,EASTERNSUPPLIERS1377,61BYGTB4851WZ2,TPQMZ8725T,536858082456,********2456,AXIS03IJEPZ,9693062171,easternsuppliers13771377@example.com,"269, Market Street, Delhi",269MARKETSTREETDELHI,ACTIVE,2025-09-21
V1378,Metro Traders 1378,METROTRADERS1378,28JRRBF5334JZ1,PVWMC5166R,587668397358,********7358,HDFC06RODNM,9506615099,metrotraders13781378@example.com,"782, Market Street, Chennai",782MARKETSTREETCHENNAI,INACTIVE,2024-11-17
V1379,Prime Suppliers 1379,PRIMESUPPLIERS1379,32VSDXP3788IZ4,AQUGK8938K,433146163535,********3535,HDFC0MD7JIT,9220030427,primesuppliers13791379@example.com,"190, MG Road, Hyderabad",190MGROADHYDERABAD,INACTIVE,2025-09-03
V1380,Prime Traders 1380,PRIMETRADERS1380,88YDEHP5488HZ4,BJZQU4323W,509998645404,********5404,ICIC0A667PP,9646085578,primetraders13801380@example.com,"112, Industrial Area, Delhi",112INDUSTRIALAREADELHI,ACTIVE,2025-12-08
V1381,Prime Traders 1381,PRIMETRADERS1381,60UAWAI3216BZ9,OIAOI6437N,552715553013,********3013,ICIC06OFTG1,9335311326,primetraders13811381@example.com,"187, Market Street, Chennai",187MARKETSTREETCHENNAI,ACTIVE,2024-03-03
V1382,Southern Enterprises 1382,SOUTHERNENTERPRISES1382,34TUXWY8060YZ3,RFWAH5394F,247908137651,********7651,KKBK0B79XM9,9933692130,southernenterprises13821382@example.com,"96, Market Street, Delhi",96MARKETSTREETDELHI,ACTIVE,2026-03-21
V1383,Industrial Traders 1383,INDUSTRIALTRADERS1383,27SCDAU5892WZ9,WIBUQ2683X,436641434900,********4900,SBIN0X2NQJU,9922311118,industrialtraders13831383@example.com,"675, Main Road, Bengaluru",675MAINROADBENGALURU,ACTIVE,2024-07-20
V1384,Global Suppliers 1384,GLOBALSUPPLIERS1384,73ZXPDB1171OZ8,EAWNS2943Z,173500222398,********2398,ICIC0W3MNV2,9217453547,globalsuppliers13841384@example.com,"689, Main Road, Mumbai",689MAINROADMUMBAI,ACTIVE,2024-04-18
V1385,Metro Industries 1385,METROINDUSTRIES1385,59RPVKS6944FZ1,MQHTC9751Y,013615756289,********6289,ICIC0QIZ432,9736056132,metroindustries13851385@example.com,"4, Main Road, Hyderabad",4MAINROADHYDERABAD,ACTIVE,2024-08-16
V1386,Industrial Industries 1386,INDUSTRIALINDUSTRIES1386,57ROLJC3308QZ2,IBNKO8459B,223421611505,********1505,SBIN00YP1US,9073451576,industrialindustries13861386@example.com,"377, Main Road, Delhi",377MAINROADDELHI,ACTIVE,2024-11-13
V1387,National Technologies 1387,NATIONALTECHNOLOGIES1387,39TDPUS9870GZ1,CBDKF8357P,945415033166,********3166,ICIC097LW6S,9949368337,nationaltechnologies13871387@example.com,"863, Main Road, Delhi",863MAINROADDELHI,INACTIVE,2025-01-04
V1388,Metro Services 1388,METROSERVICES1388,32PCVPF5380MZ9,DVXGD0727C,605661235843,********5843,AXIS0Z1SWFQ,9284975002,metroservices13881388@example.com,"635, Industrial Area, Chennai",635INDUSTRIALAREACHENNAI,ACTIVE,2024-05-22
V1389,National Suppliers 1389,NATIONALSUPPLIERS1389,14DCCBC9599WZ1,HRAQI6901R,036047986408,********6408,KKBK0LFDF1E,9079157589,nationalsuppliers13891389@example.com,"333, Market Street, Bengaluru",333MARKETSTREETBENGALURU,ACTIVE,2024-02-16
V1390,National Traders 1390,NATIONALTRADERS1390,24USNUQ2338SZ5,LRXQK7760U,705998190073,********0073,HDFC0OXOOWG,9467519567,nationaltraders13901390@example.com,"113, Industrial Area, Hyderabad",113INDUSTRIALAREAHYDERABAD,INACTIVE,2025-07-10
V1391,National Enterprises 1391,NATIONALENTERPRISES1391,54ZUKNU1217JZ8,EGNWE0320P,804192436732,********6732,SBIN06D7GI9,9975607602,nationalenterprises13911391@example.com,"380, Market Street, Chennai",380MARKETSTREETCHENNAI,ACTIVE,2025-01-29
V1392,Reliable Industries 1392,RELIABLEINDUSTRIES1392,99RYAFX7733YZ7,IETMM7805B,641651561980,********1980,SBIN098HAIN,9814810586,reliableindustries13921392@example.com,"695, Industrial Area, Pune",695INDUSTRIALAREAPUNE,ACTIVE,2026-03-26
V1393,Industrial Solutions 1393,INDUSTRIALSOLUTIONS1393,10WHNDQ2877IZ2,RXNYM4191Z,004161859504,********9504,HDFC0QPCPHE,9396869967,industrialsolutions13931393@example.com,"917, Industrial Area, Delhi",917INDUSTRIALAREADELHI,INACTIVE,2025-07-17
V1394,Global Solutions 1394,GLOBALSOLUTIONS1394,16SJXMX0195AZ4,MWTWG3206E,421712926645,********6645,AXIS0QRG7W0,9665941751,globalsolutions13941394@example.com,"568, Market Street, Delhi",568MARKETSTREETDELHI,INACTIVE,2024-12-14
V1395,Global Industries 1395,GLOBALINDUSTRIES1395,28UPFDI5129SZ4,YISRC0659B,793299412319,********2319,AXIS08U2F7B,9516486300,globalindustries13951395@example.com,"880, Industrial Area, Hyderabad",880INDUSTRIALAREAHYDERABAD,ACTIVE,2024-04-13
V1396,Metro Suppliers 1396,METROSUPPLIERS1396,74BMGHH8666DZ1,ECTLT6758I,350229894847,********4847,SBIN04ARUCV,9213660426,metrosuppliers13961396@example.com,"915, MG Road, Mumbai",915MGROADMUMBAI,ACTIVE,2026-03-19
V1397,United Technologies 1397,UNITEDTECHNOLOGIES1397,23DBMGI3628XZ4,LRYMJ2061Z,837192010847,********0847,SBIN0GUJS4O,9524652426,unitedtechnologies13971397@example.com,"592, Main Road, Chennai",592MAINROADCHENNAI,ACTIVE,2025-10-26
V1398,Global Industries 1398,GLOBALINDUSTRIES1398,78ODFUD4034KZ4,ZCIMI4012V,999111508801,********8801,HDFC0FPZQW7,9152909151,globalindustries13981398@example.com,"989, Main Road, Hyderabad",989MAINROADHYDERABAD,ACTIVE,2024-01-27
V1399,Global Solutions 1399,GLOBALSOLUTIONS1399,25FJVCE4086AZ6,JLRDP4764V,059194642477,********2477,AXIS0V7K3D5,9356814687,globalsolutions13991399@example.com,"339, Market Street, Hyderabad",339MARKETSTREETHYDERABAD,ACTIVE,2024-03-01
V1400,Industrial Enterprises 1400,INDUSTRIALENTERPRISES1400,34RMZVC7421EZ2,TEDOK2248U,773528648204,********8204,HDFC0RU949P,9947709937,industrialenterprises14001400@example.com,"484, MG Road, Delhi",484MGROADDELHI,ACTIVE,2024-10-10
V1401,Prime Enterprises 1401,PRIMEENTERPRISES1401,96IFHED9159PZ8,FIXQZ0572Y,675126165411,********5411,KKBK0KMNSVK,9270802020,primeenterprises14011401@example.com,"466, Main Road, Hyderabad",466MAINROADHYDERABAD,INACTIVE,2025-08-29
V1402,Global Services 1402,GLOBALSERVICES1402,66VOWFH7388SZ7,GJDZI4153W,325283368126,********8126,AXIS0LKKVS9,9562798240,globalservices14021402@example.com,"112, Main Road, Hyderabad",112MAINROADHYDERABAD,ACTIVE,2025-11-28
V1403,National Suppliers 1403,NATIONALSUPPLIERS1403,18QCTLZ0422QZ2,SAESW2053Z,191318013799,********3799,KKBK0DRGHVV,9482814914,nationalsuppliers14031403@example.com,"717, Main Road, Bengaluru",717MAINROADBENGALURU,ACTIVE,2025-02-19
V1404,Prime Technologies 1404,PRIMETECHNOLOGIES1404,41LPMSV4331OZ2,TPYDN7835F,586483488364,********8364,AXIS0H7LVXL,9693247666,primetechnologies14041404@example.com,"828, Industrial Area, Mumbai",828INDUSTRIALAREAMUMBAI,ACTIVE,2024-10-09
V1405,Southern Services 1405,SOUTHERNSERVICES1405,49LFFDJ6457VZ9,BNTSE2777F,710065463636,********3636,SBIN03WRRDU,9743014207,southernservices14051405@example.com,"345, MG Road, Hyderabad",345MGROADHYDERABAD,INACTIVE,2024-09-01
V1406,Prime Solutions 1406,PRIMESOLUTIONS1406,16VDULY1629MZ5,MVNLG2040W,884583618619,********8619,ICIC083R6XR,9219730077,primesolutions14061406@example.com,"946, Market Street, Hyderabad",946MARKETSTREETHYDERABAD,ACTIVE,2025-11-17
V1407,Metro Traders 1407,METROTRADERS1407,85GULPL6298EZ6,OKTLA5327D,083772612447,********2447,KKBK0SPVXWA,9627331427,metrotraders14071407@example.com,"345, Main Road, Bengaluru",345MAINROADBENGALURU,ACTIVE,2024-12-13
V1408,Eastern Services 1408,EASTERNSERVICES1408,52IMUPK2668BZ7,PMBDA5865Q,572052644746,********4746,SBIN0FY0LBO,9389001151,easternservices14081408@example.com,"747, Market Street, Hyderabad",747MARKETSTREETHYDERABAD,ACTIVE,2024-05-02
V1409,Industrial Suppliers 1409,INDUSTRIALSUPPLIERS1409,76QYGJF2438GZ7,RCHYE6497T,018758076699,********6699,SBIN094ZO1U,9157552489,industrialsuppliers14091409@example.com,"238, Main Road, Bengaluru",238MAINROADBENGALURU,ACTIVE,2025-06-07
V1410,Metro Services 1410,METROSERVICES1410,61UVCDT9177EZ6,BKXOW1987W,930460961905,********1905,SBIN0NXP4WX,9423989079,metroservices14101410@example.com,"943, MG Road, Chennai",943MGROADCHENNAI,ACTIVE,2025-01-07
V1411,Prime Traders 1411,PRIMETRADERS1411,16LONQM7405HZ3,YENDY0199G,311006698256,********8256,SBIN0YS5QZD,9281404033,primetraders14111411@example.com,"723, Main Road, Chennai",723MAINROADCHENNAI,ACTIVE,2025-08-31
V1412,Industrial Services 1412,INDUSTRIALSERVICES1412,43UJQXX6942XZ5,DFCPE6212J,038912750299,********0299,AXIS02T3BM6,9418625356,industrialservices14121412@example.com,"510, Industrial Area, Mumbai",510INDUSTRIALAREAMUMBAI,ACTIVE,2024-02-06
V1413,Southern Services 1413,SOUTHERNSERVICES1413,97JPDWF0793VZ9,NZVXC6423V,266938414304,********4304,HDFC0WGA5Q5,9755393779,southernservices14131413@example.com,"874, Main Road, Mumbai",874MAINROADMUMBAI,ACTIVE,2025-12-11
V1414,Eastern Suppliers 1414,EASTERNSUPPLIERS1414,54CAPLC1656CZ9,YJIPW3218Q,365074663564,********3564,SBIN0GK5CZC,9737772192,easternsuppliers14141414@example.com,"846, Market Street, Chennai",846MARKETSTREETCHENNAI,ACTIVE,2024-04-16
V1415,Metro Suppliers 1415,METROSUPPLIERS1415,10FKDMO6824YZ7,RTIZM9551B,616573133264,********3264,ICIC0E5XNRG,9455009974,metrosuppliers14151415@example.com,"314, Industrial Area, Pune",314INDUSTRIALAREAPUNE,INACTIVE,2024-04-22
V1416,Industrial Suppliers 1416,INDUSTRIALSUPPLIERS1416,37DPCMQ7231YZ5,EOKAC1139M,260809190329,********0329,SBIN099Q75T,9261646876,industrialsuppliers14161416@example.com,"567, Industrial Area, Mumbai",567INDUSTRIALAREAMUMBAI,INACTIVE,2026-01-08
V1417,United Industries 1417,UNITEDINDUSTRIES1417,41NTUQM5226QZ6,JHEJZ7378L,702335703993,********3993,SBIN0O491GS,9511958780,unitedindustries14171417@example.com,"384, Industrial Area, Hyderabad",384INDUSTRIALAREAHYDERABAD,ACTIVE,2024-04-15
V1418,National Solutions 1418,NATIONALSOLUTIONS1418,80TEWXY0470XZ3,PXCCC5697T,281307843387,********3387,KKBK0ZCXSRK,9368375978,nationalsolutions14181418@example.com,"144, Market Street, Hyderabad",144MARKETSTREETHYDERABAD,ACTIVE,2025-11-19
V1419,Global Solutions 1419,GLOBALSOLUTIONS1419,86TOLQI1877LZ4,MQWID7120B,733796420982,********0982,SBIN04AQ3B9,9642076474,globalsolutions14191419@example.com,"365, Industrial Area, Delhi",365INDUSTRIALAREADELHI,INACTIVE,2025-10-21
V1420,United Enterprises 1420,UNITEDENTERPRISES1420,49OYOKH0981VZ4,LTZST6712N,188164381606,********1606,ICIC0SNNPPV,9436820160,unitedenterprises14201420@example.com,"636, Industrial Area, Bengaluru",636INDUSTRIALAREABENGALURU,ACTIVE,2024-02-01
V1421,Global Industries 1421,GLOBALINDUSTRIES1421,44BIKFJ3310GZ9,LLRDV5879J,677178727715,********7715,KKBK0A0CR8L,9198831561,globalindustries14211421@example.com,"42, Market Street, Chennai",42MARKETSTREETCHENNAI,ACTIVE,2025-03-31
V1422,United Enterprises 1422,UNITEDENTERPRISES1422,36FLJXR2102CZ7,UJZBB9574H,144965916874,********6874,SBIN0BEFRDV,9981641119,unitedenterprises14221422@example.com,"312, Market Street, Pune",312MARKETSTREETPUNE,ACTIVE,2026-01-26
V1423,National Solutions 1423,NATIONALSOLUTIONS1423,46WQHWH9164JZ9,OBIUN0413E,199213698418,********8418,KKBK0XJWBUU,9771978391,nationalsolutions14231423@example.com,"698, MG Road, Pune",698MGROADPUNE,ACTIVE,2026-03-05
V1424,Metro Suppliers 1424,METROSUPPLIERS1424,93CBRUZ4831ZZ3,MXFRZ8651T,579733290544,********0544,SBIN05IXC82,9494027346,metrosuppliers14241424@example.com,"156, MG Road, Hyderabad",156MGROADHYDERABAD,INACTIVE,2024-01-04
V1425,Metro Suppliers 1425,METROSUPPLIERS1425,77CIIWL9194EZ3,CCOSI2092Q,435503602143,********2143,HDFC0FD2NTO,9033247860,metrosuppliers14251425@example.com,"194, Main Road, Hyderabad",194MAINROADHYDERABAD,ACTIVE,2025-06-10
V1426,Industrial Solutions 1426,INDUSTRIALSOLUTIONS1426,60ZJMCP4855WZ2,XZBOD0092N,840886217194,********7194,AXIS0QLTWGR,9246779872,industrialsolutions14261426@example.com,"818, Main Road, Pune",818MAINROADPUNE,ACTIVE,2025-06-17
V1427,Southern Services 1427,SOUTHERNSERVICES1427,69SEXGC2595VZ2,CSSWZ9480H,463438763232,********3232,AXIS0NPSQGN,9641517536,southernservices14271427@example.com,"195, Main Road, Delhi",195MAINROADDELHI,ACTIVE,2025-11-19
V1428,United Solutions 1428,UNITEDSOLUTIONS1428,36FELVU3577XZ5,BFUEB1266Y,078250195862,********5862,HDFC0O04JBC,9332212063,unitedsolutions14281428@example.com,"975, MG Road, Hyderabad",975MGROADHYDERABAD,ACTIVE,2026-01-21
V1429,Global Services 1429,GLOBALSERVICES1429,59ISHOK6777LZ7,PSFFW2264H,629155706121,********6121,SBIN0QRPWFH,9155322047,globalservices14291429@example.com,"69, Industrial Area, Mumbai",69INDUSTRIALAREAMUMBAI,ACTIVE,2024-05-03
V1430,Industrial Services 1430,INDUSTRIALSERVICES1430,15PYOMP0496JZ3,BSVGF4668P,443952792183,********2183,AXIS0SL9NBU,9465505882,industrialservices14301430@example.com,"10, Market Street, Mumbai",10MARKETSTREETMUMBAI,INACTIVE,2026-05-29
V1431,Industrial Enterprises 1431,INDUSTRIALENTERPRISES1431,41UDQWD4244MZ9,RAOQK6833C,367607867332,********7332,HDFC03RM2NH,9591945343,industrialenterprises14311431@example.com,"856, Industrial Area, Hyderabad",856INDUSTRIALAREAHYDERABAD,ACTIVE,2025-12-23
V1432,Southern Enterprises 1432,SOUTHERNENTERPRISES1432,71PSNMX8757QZ5,VCPDJ7371R,195362772223,********2223,KKBK0KB1ZM9,9687477445,southernenterprises14321432@example.com,"995, Main Road, Pune",995MAINROADPUNE,ACTIVE,2025-08-11
V1433,Metro Services 1433,METROSERVICES1433,21UWICT1983ZZ1,QFDDL3823S,314061686610,********6610,AXIS08XAXCF,9203515353,metroservices14331433@example.com,"852, Main Road, Pune",852MAINROADPUNE,ACTIVE,2024-12-15
V1434,Reliable Enterprises 1434,RELIABLEENTERPRISES1434,83ABWHL7270CZ6,NNNDJ8787B,396188940160,********0160,ICIC08F3SEC,9153748982,reliableenterprises14341434@example.com,"846, Industrial Area, Mumbai",846INDUSTRIALAREAMUMBAI,ACTIVE,2024-03-31
V1435,Apex Enterprises 1435,APEXENTERPRISES1435,99LTBSU5063FZ1,IYPTM6526P,654468198755,********8755,AXIS0ZV3U2G,9120688988,apexenterprises14351435@example.com,"142, Main Road, Delhi",142MAINROADDELHI,ACTIVE,2025-10-30
V1436,United Suppliers 1436,UNITEDSUPPLIERS1436,98UQLTK7765OZ6,RNANY9981B,530152410882,********0882,SBIN0R1YVFN,9196754333,unitedsuppliers14361436@example.com,"409, Main Road, Chennai",409MAINROADCHENNAI,ACTIVE,2026-06-04
V1437,United Industries 1437,UNITEDINDUSTRIES1437,20CIAKI2785KZ7,PDHCN9659N,064062732258,********2258,SBIN0P6K5AS,9791851527,unitedindustries14371437@example.com,"891, Industrial Area, Delhi",891INDUSTRIALAREADELHI,ACTIVE,2024-05-25
V1438,Metro Traders 1438,METROTRADERS1438,44TBTAM2685CZ3,ARCTW6715W,663660928059,********8059,HDFC00NOEVV,9072986479,metrotraders14381438@example.com,"896, Industrial Area, Bengaluru",896INDUSTRIALAREABENGALURU,INACTIVE,2026-02-01
V1439,Global Enterprises 1439,GLOBALENTERPRISES1439,42MBNFQ9724VZ6,CDYWA9638A,089301565693,********5693,KKBK0URDKAW,9544823898,globalenterprises14391439@example.com,"627, Industrial Area, Mumbai",627INDUSTRIALAREAMUMBAI,ACTIVE,2026-01-09
V1440,United Technologies 1440,UNITEDTECHNOLOGIES1440,42ARGVI4949LZ6,EPAVD5064B,909481094096,********4096,KKBK0G9TTEM,9560704340,unitedtechnologies14401440@example.com,"34, Industrial Area, Pune",34INDUSTRIALAREAPUNE,ACTIVE,2026-05-31
V1441,Eastern Industries 1441,EASTERNINDUSTRIES1441,82LNMFZ4482FZ6,QPPON4836A,010122435945,********5945,AXIS0RSIAIM,9185569581,easternindustries14411441@example.com,"385, MG Road, Pune",385MGROADPUNE,INACTIVE,2025-12-25
V1442,Industrial Technologies 1442,INDUSTRIALTECHNOLOGIES1442,96UXWPU1067GZ4,JLWPS8564X,529585651770,********1770,KKBK0K5K9X9,9608464202,industrialtechnologies14421442@example.com,"731, MG Road, Mumbai",731MGROADMUMBAI,ACTIVE,2025-04-13
V1443,Industrial Suppliers 1443,INDUSTRIALSUPPLIERS1443,21IPSYS9280AZ5,WKPQA3071K,297322643730,********3730,SBIN0X0GIJ1,9370772296,industrialsuppliers14431443@example.com,"653, Industrial Area, Hyderabad",653INDUSTRIALAREAHYDERABAD,ACTIVE,2025-12-19
V1444,Apex Traders 1444,APEXTRADERS1444,72WXUXC5390SZ1,KVSQF1885Q,445025320442,********0442,AXIS08PNSL0,9078287012,apextraders14441444@example.com,"89, Market Street, Chennai",89MARKETSTREETCHENNAI,ACTIVE,2024-02-08
V1445,Southern Industries 1445,SOUTHERNINDUSTRIES1445,84QKWXR7662YZ1,SOQYD1070W,612708335593,********5593,ICIC0YH83H9,9343532093,southernindustries14451445@example.com,"444, Market Street, Chennai",444MARKETSTREETCHENNAI,ACTIVE,2024-06-15
V1446,Industrial Services 1446,INDUSTRIALSERVICES1446,89XNUUX3909LZ9,WYPXH3833L,834373067689,********7689,AXIS0HYV08M,9255127780,industrialservices14461446@example.com,"910, Market Street, Hyderabad",910MARKETSTREETHYDERABAD,ACTIVE,2024-11-21
V1447,United Suppliers 1447,UNITEDSUPPLIERS1447,34GRQDV9658EZ6,XERPQ5084J,819929029487,********9487,AXIS03VIMN2,9652498767,unitedsuppliers14471447@example.com,"168, MG Road, Chennai",168MGROADCHENNAI,ACTIVE,2026-06-10
V1448,Southern Technologies 1448,SOUTHERNTECHNOLOGIES1448,64VLAVB6033UZ7,MMPEN8399Y,480443253224,********3224,KKBK08TJLNX,9499867549,southerntechnologies14481448@example.com,"977, Market Street, Chennai",977MARKETSTREETCHENNAI,INACTIVE,2025-06-28
V1449,Industrial Suppliers 1449,INDUSTRIALSUPPLIERS1449,16ZXIMI5335QZ1,TZXSP8934P,872891693371,********3371,HDFC0LYHA06,9317946380,industrialsuppliers14491449@example.com,"962, Market Street, Chennai",962MARKETSTREETCHENNAI,ACTIVE,2026-03-26
V1450,Global Suppliers 1450,GLOBALSUPPLIERS1450,41GQERD6942NZ8,LPGLZ2569B,214301354589,********4589,SBIN0BD1RIU,9691614779,globalsuppliers14501450@example.com,"460, Industrial Area, Hyderabad",460INDUSTRIALAREAHYDERABAD,ACTIVE,2026-03-17
V1451,Global Solutions 1451,GLOBALSOLUTIONS1451,77PJETL9016JZ6,CPXUR1849C,726970558957,********8957,AXIS0CR8DY4,9104831427,globalsolutions14511451@example.com,"407, Main Road, Chennai",407MAINROADCHENNAI,ACTIVE,2025-03-29
V1452,Prime Industries 1452,PRIMEINDUSTRIES1452,70PRRAL2437SZ7,LTGHK6650P,553659466237,********6237,AXIS0D4XCRP,9116220515,primeindustries14521452@example.com,"380, Industrial Area, Bengaluru",380INDUSTRIALAREABENGALURU,ACTIVE,2025-07-01
V1453,Industrial Solutions 1453,INDUSTRIALSOLUTIONS1453,20IVUVC6089UZ2,TDVCI1368J,135043382164,********2164,SBIN0DFTZUC,9758587681,industrialsolutions14531453@example.com,"423, Industrial Area, Chennai",423INDUSTRIALAREACHENNAI,ACTIVE,2026-05-20
V1454,Apex Solutions 1454,APEXSOLUTIONS1454,40POCFX6565PZ9,QMEHV1698N,897290748091,********8091,AXIS06E0N2I,9406969423,apexsolutions14541454@example.com,"682, Main Road, Mumbai",682MAINROADMUMBAI,INACTIVE,2024-03-17
V1455,Metro Services 1455,METROSERVICES1455,25NCRHW8788IZ9,FOSMD3171I,320329078478,********8478,AXIS0WG6U54,9278199988,metroservices14551455@example.com,"936, MG Road, Chennai",936MGROADCHENNAI,ACTIVE,2024-08-17
V1456,Eastern Suppliers 1456,EASTERNSUPPLIERS1456,58RRHNF4257CZ4,AZKCQ6552H,019942218646,********8646,ICIC0U1PZ34,9338125286,easternsuppliers14561456@example.com,"664, Industrial Area, Mumbai",664INDUSTRIALAREAMUMBAI,INACTIVE,2025-02-11
V1457,Prime Enterprises 1457,PRIMEENTERPRISES1457,86BGDXW7318WZ6,DWSNJ9101J,057991656639,********6639,HDFC0FHEAX4,9280522176,primeenterprises14571457@example.com,"577, Main Road, Bengaluru",577MAINROADBENGALURU,ACTIVE,2025-02-28
V1458,Eastern Industries 1458,EASTERNINDUSTRIES1458,94MMVFU7974XZ6,SMZLD6520R,626439373407,********3407,HDFC0AXV5GY,9905623690,easternindustries14581458@example.com,"602, Main Road, Mumbai",602MAINROADMUMBAI,ACTIVE,2024-01-14
V1459,Southern Technologies 1459,SOUTHERNTECHNOLOGIES1459,37IDQGN5367UZ8,OKQSS1285Q,771713189155,********9155,AXIS0ABAX7H,9978034367,southerntechnologies14591459@example.com,"647, Industrial Area, Mumbai",647INDUSTRIALAREAMUMBAI,ACTIVE,2026-01-28
V1460,Metro Enterprises 1460,METROENTERPRISES1460,14CDMAC9947NZ5,DPTHM4581J,113558083934,********3934,AXIS0T6F0IF,9578465144,metroenterprises14601460@example.com,"495, MG Road, Bengaluru",495MGROADBENGALURU,ACTIVE,2026-03-05
V1461,Metro Services 1461,METROSERVICES1461,29EZNSI5222UZ3,VAGGS5782L,161189918065,********8065,HDFC0CT1RAJ,9873551242,metroservices14611461@example.com,"394, Main Road, Hyderabad",394MAINROADHYDERABAD,ACTIVE,2024-06-24
V1462,Prime Industries 1462,PRIMEINDUSTRIES1462,97RSSBQ1453OZ2,EQQBM3720D,080862526086,********6086,ICIC093OGP6,9599659536,primeindustries14621462@example.com,"77, Market Street, Pune",77MARKETSTREETPUNE,INACTIVE,2024-10-04
V1463,Prime Suppliers 1463,PRIMESUPPLIERS1463,85QWGIU3063UZ6,MQOQB3630M,055281124427,********4427,KKBK005AN7P,9572527960,primesuppliers14631463@example.com,"399, Main Road, Mumbai",399MAINROADMUMBAI,INACTIVE,2025-08-07
V1464,Apex Solutions 1464,APEXSOLUTIONS1464,71YCPXF6396OZ5,LBDFJ8896B,283603786033,********6033,SBIN0GJXO01,9708624563,apexsolutions14641464@example.com,"853, MG Road, Bengaluru",853MGROADBENGALURU,ACTIVE,2025-08-01
V1465,Reliable Industries 1465,RELIABLEINDUSTRIES1465,23WLPGR8240QZ9,EMPUQ1852A,279598851539,********1539,KKBK08C7GGW,9927955790,reliableindustries14651465@example.com,"807, Market Street, Chennai",807MARKETSTREETCHENNAI,ACTIVE,2026-03-18
V1466,Apex Technologies 1466,APEXTECHNOLOGIES1466,86JISLR7088IZ8,JLHBC6523I,440389990576,********0576,SBIN07OH3QD,9669153134,apextechnologies14661466@example.com,"230, Industrial Area, Pune",230INDUSTRIALAREAPUNE,INACTIVE,2024-03-18
V1467,Industrial Industries 1467,INDUSTRIALINDUSTRIES1467,65CDIFQ0481BZ9,PBDQX2937C,974189533254,********3254,AXIS00RIEIS,9263323871,industrialindustries14671467@example.com,"961, Industrial Area, Chennai",961INDUSTRIALAREACHENNAI,INACTIVE,2025-12-18
V1468,Eastern Technologies 1468,EASTERNTECHNOLOGIES1468,54ZNANG6852NZ7,QMODO4381D,891992423695,********3695,AXIS04U7IM8,9819213662,easterntechnologies14681468@example.com,"158, Main Road, Delhi",158MAINROADDELHI,INACTIVE,2025-06-08
V1469,Eastern Technologies 1469,EASTERNTECHNOLOGIES1469,42QZPSZ8516TZ3,OOYNW4763U,070827985790,********5790,KKBK08OHU0D,9135188005,easterntechnologies14691469@example.com,"960, Industrial Area, Delhi",960INDUSTRIALAREADELHI,INACTIVE,2024-04-22
V1470,Eastern Suppliers 1470,EASTERNSUPPLIERS1470,26GCCKF8667KZ1,KVCHK6944X,727393972879,********2879,KKBK0NHCBTW,9585664751,easternsuppliers14701470@example.com,"137, MG Road, Chennai",137MGROADCHENNAI,ACTIVE,2026-01-28
V1471,Reliable Traders 1471,RELIABLETRADERS1471,40PUSYD6437SZ2,QYBLN3364S,023947182587,********2587,SBIN0K7A4VX,9127630176,reliabletraders14711471@example.com,"308, MG Road, Mumbai",308MGROADMUMBAI,ACTIVE,2025-04-10
V1472,Global Suppliers 1472,GLOBALSUPPLIERS1472,22QBWTN7945FZ7,ZIPNQ6658Q,611415655610,********5610,SBIN0U5YEEU,9347819309,globalsuppliers14721472@example.com,"506, Industrial Area, Bengaluru",506INDUSTRIALAREABENGALURU,ACTIVE,2024-11-14
V1473,Reliable Suppliers 1473,RELIABLESUPPLIERS1473,19NESNS7057XZ4,SRIFA6943K,083402696915,********6915,AXIS0MTJ3H1,9830482713,reliablesuppliers14731473@example.com,"945, Market Street, Chennai",945MARKETSTREETCHENNAI,ACTIVE,2026-06-03
V1474,Reliable Industries 1474,RELIABLEINDUSTRIES1474,29DQTOW3463EZ1,JNZXU4788H,244629989851,********9851,HDFC0XXY8F3,9495090118,reliableindustries14741474@example.com,"780, Industrial Area, Mumbai",780INDUSTRIALAREAMUMBAI,ACTIVE,2025-07-06
V1475,Prime Enterprises 1475,PRIMEENTERPRISES1475,71PGRLY3619HZ3,WQRWI4464G,729303894662,********4662,ICIC0010TK2,9330010482,primeenterprises14751475@example.com,"823, Main Road, Bengaluru",823MAINROADBENGALURU,INACTIVE,2024-04-18
V1476,Southern Technologies 1476,SOUTHERNTECHNOLOGIES1476,94NYCUE1364ZZ6,EGTEL2909S,781484100235,********0235,ICIC03T721Y,9049738712,southerntechnologies14761476@example.com,"287, MG Road, Mumbai",287MGROADMUMBAI,ACTIVE,2026-02-24
V1477,National Industries 1477,NATIONALINDUSTRIES1477,80DWCQX6490EZ1,BGVWC0629Y,806113879941,********9941,ICIC04NTAZG,9325876687,nationalindustries14771477@example.com,"989, Industrial Area, Pune",989INDUSTRIALAREAPUNE,INACTIVE,2025-08-26
V1478,Southern Enterprises 1478,SOUTHERNENTERPRISES1478,69KHYRK2062OZ3,AOBCJ2610M,193374783057,********3057,AXIS002I89B,9314438923,southernenterprises14781478@example.com,"102, MG Road, Mumbai",102MGROADMUMBAI,ACTIVE,2025-02-12
V1479,Apex Industries 1479,APEXINDUSTRIES1479,15RUMBL5980CZ9,KLFZV8365B,022348708510,********8510,HDFC09YLI6B,9828987538,apexindustries14791479@example.com,"143, Main Road, Pune",143MAINROADPUNE,ACTIVE,2026-03-24
V1480,United Industries 1480,UNITEDINDUSTRIES1480,19IWNKC6351VZ6,FURIN4487V,970895228187,********8187,SBIN0WOH6GL,9018945746,unitedindustries14801480@example.com,"710, Industrial Area, Delhi",710INDUSTRIALAREADELHI,ACTIVE,2025-12-24
V1481,National Suppliers 1481,NATIONALSUPPLIERS1481,69PWIJE0809CZ5,EBTBF7618Y,492522844513,********4513,AXIS0CXIK27,9974614468,nationalsuppliers14811481@example.com,"833, Main Road, Delhi",833MAINROADDELHI,INACTIVE,2026-04-01
V1482,Metro Traders 1482,METROTRADERS1482,70WANDB9229SZ1,CBBAY6393H,144014227210,********7210,KKBK0CYALPU,9868666632,metrotraders14821482@example.com,"594, Main Road, Chennai",594MAINROADCHENNAI,ACTIVE,2024-11-26
V1483,National Technologies 1483,NATIONALTECHNOLOGIES1483,60RYSWZ9539KZ3,XWMCT8751E,735224245138,********5138,AXIS0JJ04EJ,9977587872,nationaltechnologies14831483@example.com,"70, MG Road, Chennai",70MGROADCHENNAI,ACTIVE,2024-08-25
V1484,Southern Services 1484,SOUTHERNSERVICES1484,39OJSBP0023WZ6,OWMEE6415P,559624943940,********3940,KKBK0FKVDEK,9992871700,southernservices14841484@example.com,"407, Industrial Area, Hyderabad",407INDUSTRIALAREAHYDERABAD,ACTIVE,2025-12-01
V1485,Southern Solutions 1485,SOUTHERNSOLUTIONS1485,98SDLSJ1354JZ4,GTKYP6266D,661094645055,********5055,HDFC014FSDD,9782956314,southernsolutions14851485@example.com,"932, Main Road, Bengaluru",932MAINROADBENGALURU,ACTIVE,2025-05-22
V1486,National Services 1486,NATIONALSERVICES1486,26WTDLG5115YZ8,IPNSD6999Q,208951084022,********4022,AXIS0A5TVVS,9491971845,nationalservices14861486@example.com,"945, Market Street, Mumbai",945MARKETSTREETMUMBAI,INACTIVE,2026-01-29
V1487,Prime Services 1487,PRIMESERVICES1487,42QTCSM0819NZ4,XAVCU6320L,439870273565,********3565,ICIC0GCDJHR,9882883930,primeservices14871487@example.com,"410, Main Road, Bengaluru",410MAINROADBENGALURU,INACTIVE,2025-01-21
V1488,Reliable Technologies 1488,RELIABLETECHNOLOGIES1488,90CMVHJ0213YZ3,HLIZP2850G,441502901079,********1079,SBIN07F1OYP,9816841829,reliabletechnologies14881488@example.com,"292, Market Street, Hyderabad",292MARKETSTREETHYDERABAD,ACTIVE,2025-11-26
V1489,Reliable Technologies 1489,RELIABLETECHNOLOGIES1489,30WJMHC3971GZ5,KISXC8324H,580619980655,********0655,AXIS01LKJ41,9139755968,reliabletechnologies14891489@example.com,"911, Main Road, Pune",911MAINROADPUNE,ACTIVE,2024-07-16
V1490,Prime Industries 1490,PRIMEINDUSTRIES1490,65GCANI0896RZ4,BFLTI3110Q,951676407682,********7682,SBIN0CNRZUK,9948124890,primeindustries14901490@example.com,"275, Market Street, Chennai",275MARKETSTREETCHENNAI,INACTIVE,2026-05-22
V1491,Metro Industries 1491,METROINDUSTRIES1491,76QVSZB4982OZ7,LNZPQ3201I,523797912372,********2372,AXIS0YNTAWY,9311905109,metroindustries14911491@example.com,"971, Industrial Area, Delhi",971INDUSTRIALAREADELHI,ACTIVE,2024-01-18
V1492,Industrial Technologies 1492,INDUSTRIALTECHNOLOGIES1492,80UXNGP7305HZ9,KZOUN8964Y,477208104712,********4712,ICIC0S4UN9R,9466159849,industrialtechnologies14921492@example.com,"549, Market Street, Mumbai",549MARKETSTREETMUMBAI,ACTIVE,2025-01-10
V1493,Southern Services 1493,SOUTHERNSERVICES1493,75XXEBL8949JZ7,WRQBE0578V,490259612694,********2694,ICIC00E7049,9158748189,southernservices14931493@example.com,"391, MG Road, Pune",391MGROADPUNE,ACTIVE,2025-05-08
V1494,Global Services 1494,GLOBALSERVICES1494,82LJYDU7340NZ9,YKCCG8810Y,945286507255,********7255,AXIS0YD6MOO,9108876792,globalservices14941494@example.com,"358, MG Road, Pune",358MGROADPUNE,ACTIVE,2024-12-29
V1495,Reliable Solutions 1495,RELIABLESOLUTIONS1495,72BBOOJ2650LZ7,LLBKW3431F,824881976054,********6054,SBIN079O69T,9971908970,reliablesolutions14951495@example.com,"688, Industrial Area, Delhi",688INDUSTRIALAREADELHI,INACTIVE,2025-06-06
V1496,Prime Solutions 1496,PRIMESOLUTIONS1496,98UUHGG8075DZ4,UBXYQ0999V,126402457620,********7620,ICIC078W66J,9964835381,primesolutions14961496@example.com,"222, Main Road, Chennai",222MAINROADCHENNAI,ACTIVE,2024-03-05
V1497,Prime Technologies 1497,PRIMETECHNOLOGIES1497,70IRYRX8546SZ7,GXNLW1962E,940947314582,********4582,ICIC0KD5PM7,9785744349,primetechnologies14971497@example.com,"226, Industrial Area, Delhi",226INDUSTRIALAREADELHI,ACTIVE,2026-02-08
V1498,Global Suppliers 1498,GLOBALSUPPLIERS1498,99MRAUG9233BZ2,QTQDU6751I,750460284860,********4860,SBIN0XPKDCP,9713840348,globalsuppliers14981498@example.com,"936, Main Road, Mumbai",936MAINROADMUMBAI,INACTIVE,2025-08-11
V1499,Southern Services 1499,SOUTHERNSERVICES1499,93LXHGO1109ZZ7,VLKUV7292F,375389670323,********0323,AXIS0S4ZOSA,9117454044,southernservices14991499@example.com,"769, Industrial Area, Chennai",769INDUSTRIALAREACHENNAI,ACTIVE,2025-07-06
V1500,Metro Industries 1500,METROINDUSTRIES1500,62ZWCFJ2238VZ2,KZEYZ7088C,559142665566,********5566,AXIS04SVRY1,9597437029,metroindustries15001500@example.com,"210, MG Road, Mumbai",210MGROADMUMBAI,ACTIVE,2025-07-29
